temperatura,vibracao,corrente_eletrica,rotacao,carga_maquina,tempo_operacao_horas,turno,tipo_equipamento,historico_manutencao,dias_desde_ultima_manutencao,falha_ocorrida,tempo_ate_falha_horas
80.73,3.267,33.3,1510.0,91.6,559.8,manha,esteira,4,61.5,1,23.3
74.07,2.432,30.88,2012.0,60.27,4591.7,tarde,compressor,0,13.0,0,584.1
89.98,3.059,31.25,1029.0,68.86,3250.5,noite,esteira,2,168.2,0,240.0
73.2,3.094,35.95,2472.0,64.41,2773.4,manha,bomba,1,115.2,0,398.3
81.16,2.974,30.96,2574.0,69.5,3436.0,manha,CNC,0,34.4,0,357.5
81.47,2.254,32.69,1222.0,75.23,590.1,tarde,prensa,3,30.5,0,468.0
77.25,2.791,30.67,1481.0,64.28,2102.7,noite,esteira,1,97.4,0,653.9
76.09,3.325,36.69,1393.0,85.0,1566.4,tarde,esteira,1,71.7,0,498.3
87.3,2.352,32.53,2706.0,61.92,2643.9,tarde,CNC,1,65.5,0,269.3
76.03,2.866,26.24,1989.0,57.04,2701.7,tarde,compressor,2,7.1,0,693.9
72.82,2.769,30.91,1870.0,51.69,3350.0,manha,compressor,4,39.3,0,503.1
66.0,2.613,24.67,1229.0,37.89,3652.3,tarde,prensa,1,62.6,0,697.0
70.59,2.99,27.95,2351.0,77.74,615.3,manha,bomba,3,22.7,0,652.3
82.12,2.278,34.47,1269.0,82.09,2121.0,noite,esteira,2,15.7,0,619.8
82.69,2.904,35.37,1919.0,93.0,2429.5,manha,compressor,1,24.0,1,74.2
82.05,3.629,38.05,2658.0,86.18,995.4,manha,CNC,1,76.0,0,391.7
65.69,1.705,26.0,2456.0,40.76,919.4,tarde,bomba,0,9.8,0,757.9
80.81,1.982,35.61,2851.0,75.85,562.6,tarde,CNC,2,21.9,0,891.5
75.43,2.244,32.35,1677.0,62.07,823.7,tarde,esteira,5,58.9,0,524.1
76.0,2.451,26.27,2432.0,47.42,3970.2,tarde,bomba,3,77.9,0,410.0
78.75,2.498,32.28,1441.0,70.01,702.9,noite,esteira,0,45.3,0,467.5
71.26,2.263,30.69,2028.0,52.63,800.6,noite,compressor,1,24.9,0,753.6
76.37,3.864,34.12,1280.0,76.99,2577.1,noite,prensa,4,39.8,0,240.0
78.26,2.479,29.91,1354.0,66.51,3107.5,tarde,prensa,4,54.1,0,285.6
75.33,1.372,32.61,1601.0,60.97,2382.5,tarde,esteira,2,32.0,0,710.0
82.24,2.211,35.85,2605.0,86.72,1143.1,tarde,CNC,0,9.4,0,512.1
62.98,1.926,23.13,2113.0,36.72,934.7,tarde,compressor,2,58.1,0,533.4
72.58,2.639,30.48,2597.0,45.22,2533.1,manha,CNC,4,82.4,0,394.0
74.25,2.588,28.52,2383.0,71.92,2220.8,tarde,CNC,1,32.5,0,476.9
74.43,2.732,26.91,2350.0,52.83,1874.0,manha,bomba,5,107.0,0,902.4
85.77,2.684,34.55,1445.0,87.16,3868.2,manha,esteira,3,48.8,0,387.9
69.85,3.132,33.68,1328.0,70.08,2129.7,noite,prensa,1,64.6,0,547.3
82.84,1.921,30.18,1952.0,61.85,873.6,manha,compressor,1,53.1,0,453.1
68.52,2.641,24.11,1926.0,39.22,1881.3,tarde,compressor,2,106.1,0,628.9
90.25,3.864,38.2,2169.0,85.18,3318.8,tarde,compressor,1,108.3,0,258.7
88.07,2.87,38.24,2504.0,89.61,2048.1,manha,CNC,3,74.7,0,357.0
76.62,3.534,30.58,2543.0,65.78,3283.8,noite,CNC,5,43.1,0,685.1
88.73,2.68,37.85,2118.0,91.57,3674.0,manha,compressor,3,51.7,0,308.5
80.63,3.781,31.12,2665.0,75.49,2134.3,noite,CNC,0,185.0,0,240.0
81.61,4.141,37.31,2512.0,96.64,2375.5,noite,bomba,0,141.7,1,1.0
74.28,1.827,24.43,2038.0,33.64,1965.5,manha,compressor,2,55.0,0,678.1
79.67,3.073,33.86,1476.0,92.05,3327.1,manha,esteira,1,22.2,0,448.3
83.77,2.203,28.43,1485.0,68.73,1926.2,manha,esteira,2,95.3,0,240.0
87.64,3.39,34.93,1990.0,83.94,3135.2,tarde,compressor,2,37.6,0,325.2
78.71,3.011,36.76,1532.0,83.69,2729.0,manha,esteira,0,125.0,0,449.0
77.66,2.35,32.79,1493.0,69.55,556.7,noite,esteira,3,32.2,0,686.9
85.61,2.924,34.19,1915.0,82.75,3238.4,manha,compressor,1,38.0,0,511.0
88.72,2.799,39.54,1847.0,77.15,2576.7,noite,compressor,4,20.3,0,375.1
77.14,2.777,28.18,2316.0,62.15,4808.7,manha,bomba,3,157.8,0,240.0
80.82,3.243,36.12,2729.0,83.3,1030.3,noite,CNC,4,25.7,0,431.5
80.1,3.586,30.5,2539.0,66.98,2756.1,manha,CNC,2,90.4,0,414.7
80.52,3.902,36.35,2477.0,78.13,1751.9,tarde,CNC,2,46.8,0,240.0
75.82,3.237,35.58,1723.0,89.82,611.8,tarde,esteira,2,38.4,0,794.7
88.81,3.117,37.61,2360.0,96.61,464.9,manha,bomba,2,36.8,0,564.2
85.31,3.462,33.57,1571.0,67.97,5368.7,noite,esteira,2,123.3,0,422.8
76.37,3.128,27.22,1559.0,50.39,2761.5,manha,esteira,1,250.1,0,287.6
76.78,3.078,34.06,2241.0,71.29,2088.8,tarde,compressor,4,114.9,0,240.0
82.01,3.782,36.33,2413.0,90.75,757.8,tarde,bomba,0,11.8,0,630.3
68.53,2.968,20.2,2422.0,40.37,5186.8,tarde,CNC,0,90.7,0,748.8
72.03,1.985,32.62,2412.0,53.23,1458.9,manha,CNC,2,47.1,0,711.2
74.38,2.848,29.58,2365.0,54.28,2840.6,manha,bomba,5,49.1,0,734.6
89.87,3.788,37.23,2277.0,93.52,2514.9,manha,compressor,2,61.2,0,470.7
84.54,2.506,34.65,2379.0,68.18,6591.0,manha,bomba,5,53.5,0,367.1
80.28,2.7,30.63,1683.0,73.42,2339.8,manha,esteira,4,74.8,0,453.3
62.9,1.951,21.2,2275.0,30.43,1680.0,noite,bomba,4,45.5,0,497.2
77.56,1.465,25.77,2562.0,53.84,2786.9,tarde,bomba,4,96.8,0,376.7
84.27,2.686,36.87,2465.0,93.71,2970.7,tarde,bomba,1,56.3,0,597.1
81.62,3.843,31.2,2045.0,69.93,9197.5,manha,compressor,2,57.1,0,307.6
75.28,2.2,29.28,2773.0,59.9,2315.2,manha,CNC,2,52.8,0,575.2
82.33,3.384,30.69,1993.0,75.07,1004.8,tarde,compressor,1,90.5,0,445.9
81.11,3.2,30.17,2713.0,66.67,1874.4,manha,CNC,7,40.2,0,682.3
83.62,2.182,34.44,1956.0,74.31,2783.1,manha,compressor,1,75.0,0,510.3
68.93,3.108,31.7,1431.0,58.76,3094.0,tarde,esteira,3,58.2,0,377.0
72.02,2.761,30.92,2506.0,65.22,702.7,tarde,CNC,0,124.6,0,613.0
79.04,2.82,29.55,2526.0,62.36,1730.6,noite,CNC,7,42.1,0,695.6
92.47,4.878,39.63,1780.0,95.45,6371.7,manha,compressor,3,98.1,0,240.0
88.84,3.665,38.02,2367.0,83.36,1266.5,tarde,compressor,0,66.4,0,516.3
62.04,1.813,19.9,2201.0,5.07,3921.1,manha,bomba,4,118.6,0,548.0
84.99,2.914,37.64,2524.0,90.42,1915.9,manha,bomba,2,56.9,0,488.2
77.17,2.21,29.64,1305.0,67.38,2400.7,tarde,esteira,3,39.2,0,486.8
65.21,1.904,27.17,2347.0,50.23,775.1,manha,bomba,4,39.0,0,747.2
67.38,3.103,27.67,2031.0,47.56,2037.3,tarde,compressor,1,62.2,0,859.2
78.88,2.746,26.52,1701.0,68.32,2762.4,tarde,esteira,2,53.7,0,728.2
83.56,3.102,35.3,2688.0,83.8,2333.4,manha,CNC,2,41.0,0,510.4
83.34,2.68,35.13,2496.0,66.86,2119.4,noite,CNC,2,63.1,0,523.5
80.0,2.596,27.27,2634.0,52.64,3337.1,tarde,CNC,0,5.3,0,805.6
69.41,1.253,23.56,1679.0,50.2,932.4,noite,esteira,3,47.5,0,872.2
69.5,3.207,23.46,2208.0,35.74,2841.0,tarde,compressor,3,54.9,0,556.9
74.35,2.624,32.45,2579.0,79.14,432.1,noite,CNC,2,14.2,0,735.6
74.2,1.864,29.78,2214.0,49.7,4561.2,manha,bomba,1,24.5,0,598.4
59.46,2.479,28.88,2578.0,33.54,2164.9,tarde,CNC,2,25.8,0,836.7
70.31,3.05,28.48,2472.0,53.35,3769.2,noite,bomba,3,51.7,0,618.6
71.44,2.128,23.82,1875.0,38.83,196.3,manha,compressor,2,45.0,0,865.1
80.32,3.783,32.13,2047.0,79.89,3462.1,manha,compressor,2,45.5,0,469.9
71.71,2.743,28.79,1941.0,44.49,1424.1,noite,compressor,1,14.4,0,893.4
73.41,2.743,29.61,2315.0,52.66,2410.6,tarde,bomba,0,103.7,0,266.4
81.56,2.894,37.52,2089.0,82.59,3494.6,tarde,compressor,3,121.2,0,309.0
67.76,2.567,29.47,2654.0,64.7,2274.0,tarde,CNC,3,18.0,0,861.6
76.03,2.453,31.06,2729.0,49.93,3253.1,noite,CNC,1,43.3,0,368.2
78.55,2.759,32.56,1392.0,69.56,1934.2,noite,prensa,3,44.8,0,619.4
77.05,2.595,27.0,1693.0,51.84,4768.4,tarde,prensa,1,70.0,0,557.8
81.56,3.313,31.04,2516.0,84.19,2161.1,manha,bomba,5,38.9,0,556.0
76.59,2.192,29.2,2706.0,61.4,2188.7,manha,CNC,3,97.5,0,570.9
75.5,3.041,28.14,1162.0,55.82,2214.3,tarde,prensa,4,23.1,0,758.0
72.32,2.394,26.0,1612.0,54.07,2369.6,noite,esteira,3,82.7,0,467.7
78.6,2.414,35.26,1715.0,82.38,966.9,tarde,esteira,2,68.6,0,422.8
72.7,2.432,29.51,2022.0,64.11,1238.4,manha,compressor,1,19.9,0,706.1
82.67,2.478,26.01,2571.0,49.06,4093.9,manha,CNC,1,42.0,0,579.2
80.65,3.244,29.4,2570.0,65.29,3768.0,tarde,CNC,0,21.8,0,749.6
79.84,3.199,22.52,990.0,36.66,3629.1,noite,prensa,1,164.3,0,595.9
83.88,3.38,30.79,2079.0,66.65,3080.4,manha,compressor,1,47.8,0,387.9
81.41,2.992,34.53,2473.0,86.05,1704.0,tarde,CNC,0,38.1,0,519.4
78.26,2.665,32.07,2087.0,70.85,1591.3,noite,compressor,0,12.2,0,846.2
73.98,3.337,29.13,2430.0,53.52,2308.3,noite,bomba,2,66.0,0,926.8
82.37,3.174,38.78,2660.0,86.3,4461.6,manha,CNC,4,41.4,0,418.3
88.52,3.088,39.25,1408.0,93.88,2668.5,noite,esteira,4,82.1,0,395.9
78.41,2.811,31.11,1273.0,81.81,1195.6,tarde,esteira,4,134.3,0,240.0
71.98,2.693,32.86,1668.0,68.14,821.3,noite,esteira,0,89.6,0,457.2
80.27,2.878,38.55,1837.0,88.63,3836.5,manha,compressor,4,24.7,0,243.6
73.98,2.672,30.89,2404.0,58.32,5266.9,tarde,bomba,1,38.4,0,519.5
76.38,2.678,32.28,2617.0,75.93,674.5,tarde,bomba,4,18.4,0,907.6
73.7,2.847,33.5,2414.0,64.09,3910.6,manha,bomba,4,31.9,0,460.7
87.49,2.796,35.81,2765.0,94.19,3037.9,tarde,CNC,0,100.8,1,1.0
76.68,2.097,35.87,2151.0,76.77,1391.6,tarde,compressor,5,33.7,0,769.8
81.24,2.649,33.56,2446.0,66.38,2689.8,tarde,CNC,3,82.6,0,339.2
67.79,2.12,29.18,2598.0,53.94,1061.9,manha,bomba,0,36.7,0,768.1
83.27,3.149,34.0,1967.0,93.74,2058.6,tarde,compressor,1,88.4,0,240.0
77.12,2.183,33.87,2599.0,76.72,2387.2,manha,CNC,5,24.2,0,522.9
79.45,3.127,34.64,2721.0,73.88,4742.4,noite,CNC,3,20.7,0,354.3
85.39,3.148,33.29,2216.0,74.06,1995.8,noite,bomba,1,163.4,0,240.0
81.31,3.291,34.98,2776.0,83.77,1496.5,manha,CNC,5,26.1,0,519.2
71.47,2.271,29.27,1267.0,60.62,2902.7,manha,prensa,0,102.4,0,450.4
81.13,2.813,31.59,2601.0,72.33,3304.3,manha,bomba,2,73.9,0,424.3
86.02,3.945,36.08,2233.0,86.87,1460.1,tarde,compressor,1,31.0,0,638.1
65.45,1.841,26.4,2384.0,34.56,1163.4,noite,bomba,5,31.3,0,847.2
72.17,1.954,25.72,2607.0,47.57,1234.0,tarde,CNC,1,43.1,0,502.5
90.62,3.903,36.09,1091.0,81.69,4751.9,manha,prensa,1,103.8,1,1.0
72.75,3.127,25.21,2370.0,64.34,3220.1,manha,bomba,5,37.8,0,809.4
79.32,2.222,29.77,1392.0,65.34,1913.4,manha,esteira,4,82.3,0,396.8
79.29,2.377,29.29,2576.0,49.57,4304.4,noite,CNC,2,68.1,0,563.2
80.04,3.217,35.06,2231.0,74.52,1452.6,tarde,bomba,3,69.5,0,638.5
72.29,3.089,26.82,2216.0,57.12,2252.7,tarde,bomba,3,166.9,0,308.3
85.92,3.127,34.12,1408.0,74.35,1049.3,manha,prensa,3,78.0,0,499.4
90.42,3.676,39.0,2173.0,93.21,4197.9,noite,bomba,6,68.8,0,240.0
87.32,3.183,35.85,1907.0,92.28,1374.9,manha,compressor,1,12.2,0,609.3
84.85,3.913,32.37,2501.0,85.78,1395.9,noite,CNC,4,121.1,0,251.7
84.88,3.732,29.19,2227.0,66.26,2941.2,noite,compressor,1,89.8,0,340.7
73.64,2.143,28.28,2286.0,68.43,396.5,tarde,bomba,3,67.1,0,470.4
71.61,2.505,24.78,2048.0,28.54,888.4,noite,compressor,2,42.8,0,628.7
77.74,2.705,33.38,2696.0,75.28,3561.8,manha,CNC,0,12.9,0,461.4
64.5,1.616,26.16,1583.0,50.51,1221.2,tarde,esteira,3,76.8,0,811.1
82.78,3.236,34.4,1165.0,87.66,7800.2,manha,prensa,3,54.3,0,251.6
80.07,2.881,32.23,2637.0,59.78,2605.8,tarde,CNC,4,159.1,0,267.0
83.34,3.531,35.02,2516.0,85.34,636.7,manha,bomba,2,82.6,0,419.8
81.77,2.345,34.59,2488.0,78.13,278.0,manha,CNC,2,59.2,0,510.3
82.44,2.764,31.58,2221.0,75.78,5417.4,manha,bomba,1,190.0,0,428.3
78.26,2.642,28.17,1970.0,61.3,2604.1,manha,compressor,2,54.1,0,802.4
77.06,2.521,29.51,2303.0,48.77,2091.9,tarde,bomba,4,150.6,0,374.0
78.09,2.385,26.7,1699.0,45.31,2598.4,tarde,esteira,3,10.3,0,660.4
74.89,2.968,29.63,1582.0,59.12,632.5,manha,esteira,2,213.3,0,240.0
81.28,3.145,30.89,2606.0,60.55,2298.5,noite,CNC,0,103.4,0,469.7
82.52,2.687,35.25,1348.0,73.88,1281.8,noite,prensa,3,28.3,0,250.8
76.64,2.358,30.43,2863.0,51.4,2211.5,manha,CNC,2,177.5,0,334.6
73.39,3.225,30.86,2510.0,75.86,1733.8,tarde,CNC,0,7.7,0,689.3
86.83,2.63,34.76,2320.0,83.81,2517.7,tarde,bomba,1,21.2,0,283.1
74.76,2.919,24.66,2024.0,43.92,1912.4,noite,compressor,5,75.2,0,622.1
80.79,3.025,35.91,1525.0,87.7,1662.3,manha,esteira,4,121.6,0,362.0
69.68,2.643,27.9,1578.0,57.34,1185.6,noite,esteira,4,67.7,0,567.1
86.96,3.398,37.39,1954.0,95.08,656.1,manha,compressor,3,13.7,0,550.9
66.94,2.209,25.66,1285.0,43.11,547.7,manha,prensa,3,30.7,0,978.4
74.63,2.824,30.08,2207.0,62.59,911.5,tarde,compressor,2,37.2,0,589.6
74.7,2.625,35.63,2225.0,64.03,3402.6,tarde,bomba,2,72.9,0,748.4
72.58,1.591,23.35,2665.0,48.05,1138.7,noite,CNC,5,49.9,0,820.2
80.92,3.048,30.7,1135.0,63.43,1485.7,manha,prensa,1,115.5,0,264.5
77.53,3.165,30.44,2484.0,76.57,1495.1,manha,CNC,2,12.8,0,762.4
76.42,2.686,31.35,2769.0,65.32,1751.8,manha,CNC,1,82.9,0,621.4
75.87,2.46,26.27,2146.0,54.99,3064.7,manha,compressor,7,21.4,0,706.7
72.57,2.925,27.57,1081.0,49.46,1900.4,manha,prensa,3,135.8,0,312.9
75.21,3.347,28.15,1324.0,58.01,3778.3,tarde,prensa,4,83.6,0,325.7
72.66,2.183,32.91,1811.0,66.59,919.4,tarde,esteira,0,49.9,0,666.9
72.94,1.705,23.12,1246.0,41.71,3550.1,tarde,prensa,1,41.7,0,609.3
90.17,3.418,32.17,1019.0,79.91,5054.5,tarde,prensa,0,70.7,0,448.8
73.63,3.073,28.92,2331.0,67.23,2280.2,manha,bomba,6,113.2,0,240.0
87.12,3.512,37.82,1810.0,90.53,1080.3,tarde,compressor,2,68.3,0,343.1
71.4,2.027,28.75,1503.0,55.31,3100.6,manha,esteira,3,49.7,0,465.7
68.38,2.211,24.51,2361.0,39.33,2305.3,noite,bomba,1,26.1,0,898.3
81.81,3.15,36.39,2168.0,82.36,2783.4,manha,compressor,5,48.1,0,449.6
88.48,3.189,30.43,2518.0,81.54,3842.4,tarde,CNC,1,113.7,0,385.3
56.72,1.823,21.89,1617.0,30.16,1807.2,noite,esteira,0,92.2,0,693.1
77.58,3.273,33.58,2505.0,77.45,1626.1,tarde,CNC,2,123.7,0,240.0
77.2,2.733,26.27,1186.0,40.01,8670.7,tarde,prensa,1,25.0,0,708.2
85.15,2.624,34.52,2471.0,79.53,3124.4,tarde,CNC,1,13.6,0,668.4
90.7,3.381,35.94,2471.0,83.34,4233.0,manha,CNC,0,86.8,0,240.0
84.61,3.218,37.99,1609.0,94.24,3713.6,tarde,esteira,2,17.0,0,256.5
77.57,3.112,31.73,2729.0,49.93,4263.4,noite,CNC,1,123.6,0,355.4
69.48,3.023,30.95,2532.0,59.69,2840.6,noite,CNC,2,88.6,0,501.9
72.1,3.011,23.41,2447.0,44.79,3969.4,tarde,bomba,4,67.0,0,624.0
77.32,2.601,33.47,1647.0,70.55,1491.9,manha,esteira,2,22.2,0,782.8
76.6,3.646,32.07,2511.0,71.7,642.7,noite,CNC,2,54.4,0,588.6
77.48,3.207,30.04,2148.0,64.57,1244.7,tarde,compressor,2,48.2,0,665.4
87.73,3.494,33.62,1502.0,90.79,2100.0,manha,esteira,2,69.0,0,365.9
79.92,2.198,25.98,1236.0,42.52,1929.5,manha,prensa,4,148.0,0,642.1
69.12,2.279,25.24,2406.0,37.93,2313.4,manha,bomba,1,25.3,0,514.2
80.39,3.263,35.63,2373.0,79.31,1433.6,tarde,CNC,2,42.8,0,543.1
84.07,2.87,32.73,2677.0,82.34,445.5,manha,CNC,2,50.7,0,485.4
82.01,2.394,33.82,2582.0,81.44,1774.7,manha,CNC,4,128.5,0,318.8
83.4,1.724,32.33,2610.0,74.81,834.3,manha,CNC,3,58.5,0,508.0
77.31,2.789,31.2,2165.0,71.84,2252.7,noite,bomba,2,83.2,0,408.8
87.95,3.226,32.61,2723.0,84.93,2922.1,manha,CNC,1,135.1,0,436.0
76.86,1.943,29.29,2411.0,67.53,1752.5,manha,bomba,1,66.8,0,659.6
78.84,3.094,34.2,2140.0,83.26,1032.4,tarde,bomba,4,43.3,0,650.1
77.88,2.24,31.07,2550.0,59.72,2386.6,manha,bomba,2,118.2,0,343.6
79.52,2.755,29.62,2591.0,60.19,8941.9,noite,CNC,6,144.7,0,410.8
73.03,3.104,22.41,1611.0,38.16,3123.6,noite,esteira,4,79.0,0,587.4
80.08,3.377,36.46,1457.0,94.66,3262.2,tarde,esteira,6,33.1,0,424.3
71.71,1.873,25.32,1533.0,52.74,1635.4,tarde,esteira,0,40.2,0,634.4
77.88,2.475,34.06,2747.0,72.41,1310.0,manha,CNC,3,143.7,0,549.3
90.13,3.045,39.4,2659.0,88.01,4269.0,manha,CNC,2,88.5,0,415.1
76.43,2.092,28.75,1238.0,52.75,313.4,manha,prensa,3,45.3,0,842.2
84.65,2.944,38.42,2010.0,91.09,1403.6,manha,compressor,2,11.8,0,531.6
81.22,3.107,30.51,1702.0,67.39,5709.6,manha,compressor,4,89.7,0,240.0
78.66,1.812,27.57,2512.0,46.68,2167.9,tarde,bomba,0,79.3,0,341.7
86.62,2.776,36.06,2506.0,88.15,709.9,manha,bomba,3,88.6,0,288.3
71.2,1.701,30.35,1343.0,53.2,2973.7,manha,prensa,2,29.4,0,493.1
79.29,1.738,27.93,2230.0,54.67,1759.9,tarde,compressor,6,43.4,0,917.7
76.78,2.245,31.1,1097.0,65.88,585.9,tarde,prensa,3,108.6,0,431.3
81.54,2.562,32.65,2618.0,82.86,2645.1,manha,CNC,1,5.1,0,575.0
71.78,2.703,34.82,2341.0,79.09,2411.0,manha,bomba,2,43.0,0,557.1
85.93,3.215,34.86,2149.0,88.45,2326.2,manha,bomba,6,15.7,0,264.2
84.24,3.599,37.68,2551.0,98.82,3097.3,manha,CNC,5,26.6,0,240.0
81.45,3.452,32.29,2638.0,79.21,983.7,noite,CNC,4,98.4,0,641.1
80.1,3.317,35.5,2189.0,86.86,2807.5,noite,compressor,4,49.2,0,806.7
82.68,3.322,35.99,1305.0,80.43,2518.5,tarde,prensa,3,22.7,0,690.2
75.19,1.664,29.26,2295.0,54.72,4217.5,tarde,bomba,2,75.0,0,593.3
70.44,2.821,31.93,1372.0,58.37,1390.9,tarde,prensa,4,35.3,0,518.4
85.11,3.273,35.93,1520.0,95.24,4647.0,tarde,esteira,4,47.8,0,539.3
77.31,3.321,30.68,1856.0,62.61,3676.2,manha,compressor,2,61.9,0,470.2
88.61,2.038,38.43,1500.0,89.23,2114.7,manha,esteira,2,124.1,0,329.7
71.67,2.929,26.7,2748.0,55.17,2325.3,tarde,CNC,2,61.9,0,679.3
78.74,1.815,34.04,2739.0,68.21,339.2,tarde,CNC,3,40.9,0,700.0
72.8,3.228,35.93,1360.0,77.08,2285.1,manha,esteira,2,72.3,0,647.8
84.93,2.867,34.9,1366.0,94.57,3528.9,manha,esteira,1,75.5,0,387.6
70.13,2.225,29.58,2933.0,36.98,1912.6,manha,CNC,3,38.1,0,926.7
80.1,2.741,31.65,2280.0,70.96,4211.4,manha,bomba,2,49.2,0,502.1
77.16,3.153,28.25,2410.0,68.84,3004.2,tarde,bomba,1,53.2,0,486.6
91.82,3.567,33.7,1116.0,87.34,6700.9,tarde,esteira,4,111.1,0,240.0
66.2,2.55,24.43,2610.0,38.41,1458.3,tarde,bomba,1,5.6,0,608.3
77.33,2.365,27.56,2176.0,51.65,3333.2,manha,compressor,1,69.6,0,660.1
85.4,3.039,35.43,2285.0,91.01,852.9,manha,compressor,2,93.7,0,240.0
78.71,2.965,30.22,1912.0,71.9,2025.9,noite,compressor,2,108.9,0,240.0
79.65,3.439,34.14,2561.0,93.65,3109.5,tarde,bomba,1,14.6,0,569.3
72.82,2.751,35.45,1403.0,73.55,3455.4,manha,esteira,1,14.2,0,692.7
79.25,2.067,31.32,2301.0,61.83,1818.4,manha,compressor,3,34.0,0,557.4
74.69,1.983,25.36,2297.0,29.57,4475.4,noite,CNC,3,84.3,0,609.0
69.81,2.428,19.24,2733.0,19.93,5034.9,noite,CNC,3,100.7,0,610.0
74.89,2.985,31.3,1545.0,72.83,1469.8,noite,esteira,4,12.3,0,423.5
69.79,1.957,25.97,1607.0,54.41,2066.4,tarde,esteira,4,63.0,0,398.8
83.5,2.554,33.73,2696.0,81.77,1931.7,tarde,CNC,1,97.2,0,240.0
77.42,3.411,36.74,2712.0,82.52,1634.6,tarde,CNC,2,39.5,0,417.4
72.85,1.457,23.34,2700.0,34.41,4855.8,manha,bomba,3,66.4,0,525.2
84.84,3.396,35.56,2877.0,86.42,4824.0,tarde,CNC,0,19.8,0,572.7
62.38,0.924,21.4,1589.0,30.92,1973.6,tarde,esteira,3,78.8,0,846.0
78.92,2.412,28.55,2113.0,44.68,3323.6,manha,compressor,1,47.2,0,524.7
77.01,2.941,32.73,2823.0,79.03,4183.3,noite,CNC,1,43.7,0,684.9
77.9,2.423,33.36,1440.0,63.46,2666.8,manha,prensa,1,64.5,0,629.4
76.82,2.923,28.66,2697.0,57.58,1878.8,manha,CNC,2,10.5,0,666.6
79.28,2.578,35.16,2110.0,59.95,1399.4,manha,compressor,5,34.9,0,687.9
80.51,3.232,36.46,2482.0,78.82,3510.7,noite,CNC,3,97.2,0,513.9
78.37,2.66,34.01,2711.0,79.5,907.8,noite,CNC,2,12.2,0,655.6
74.87,2.324,33.2,2703.0,75.25,1911.5,tarde,CNC,1,13.6,0,604.5
74.34,3.25,30.91,2781.0,52.07,1704.5,noite,CNC,6,37.9,0,604.2
81.04,2.503,32.77,2897.0,69.42,865.5,noite,CNC,0,52.8,0,652.5
64.86,3.248,27.82,2804.0,46.7,2170.5,noite,CNC,2,62.0,0,361.7
88.2,3.245,40.23,2473.0,86.84,2038.4,noite,bomba,3,158.3,0,355.8
73.44,2.512,30.57,2385.0,62.13,1205.4,tarde,bomba,1,63.5,0,434.4
84.69,3.295,30.81,1989.0,81.16,4751.0,noite,compressor,3,69.3,0,364.0
74.71,2.7,30.49,2147.0,60.13,3525.0,tarde,compressor,1,109.2,0,604.7
65.33,1.863,26.58,2500.0,35.7,2348.4,tarde,bomba,1,28.0,0,683.5
76.17,2.794,25.48,1604.0,37.59,3841.3,manha,esteira,1,71.0,0,576.1
79.05,3.597,30.98,1354.0,77.18,4372.1,noite,esteira,3,83.7,0,362.3
79.0,3.006,31.1,2487.0,65.83,4874.0,noite,CNC,2,76.1,0,479.2
79.91,2.524,38.97,2579.0,88.19,1452.6,manha,CNC,1,62.0,0,420.5
91.16,3.193,30.85,2720.0,74.76,3840.5,noite,CNC,2,59.0,0,433.5
79.98,2.384,29.46,2675.0,73.4,2043.9,manha,CNC,0,22.7,0,600.2
69.78,1.682,24.13,2616.0,42.22,2611.5,manha,bomba,2,41.1,0,540.0
81.15,3.214,31.81,1922.0,55.76,1502.6,manha,compressor,1,135.1,0,240.0
84.3,2.541,31.38,2509.0,84.73,2280.8,noite,CNC,4,34.3,0,548.4
79.48,3.082,32.31,2039.0,68.26,3872.8,tarde,compressor,4,55.2,0,512.2
75.21,2.848,30.56,2316.0,58.95,5582.8,manha,bomba,1,52.7,0,438.8
60.67,2.328,22.05,2534.0,25.85,2144.1,tarde,CNC,3,71.0,0,788.5
68.21,1.405,23.86,1549.0,48.7,1232.9,manha,esteira,0,52.4,0,705.1
81.2,3.997,35.09,2631.0,82.31,6056.0,tarde,CNC,0,46.4,0,350.8
83.43,3.327,31.44,1044.0,75.2,1414.3,noite,prensa,4,95.2,0,443.2
76.95,2.664,32.25,2578.0,69.56,654.9,tarde,CNC,2,63.4,0,595.2
77.95,1.847,29.01,1611.0,65.5,1583.9,noite,esteira,2,59.1,0,445.4
77.74,2.216,32.41,1227.0,67.52,370.0,tarde,prensa,0,36.1,0,723.6
80.04,3.097,34.49,1104.0,80.57,4249.5,noite,prensa,2,41.9,0,500.1
86.28,2.763,32.69,1472.0,84.78,553.6,manha,esteira,3,65.2,0,266.4
81.32,3.232,37.1,1334.0,89.55,1350.7,manha,esteira,1,101.2,0,241.4
75.7,2.34,27.45,2613.0,50.18,1016.6,manha,bomba,2,123.3,0,543.3
67.93,2.985,29.22,1627.0,57.11,2464.5,tarde,esteira,2,68.8,0,548.4
86.25,3.344,33.29,2878.0,72.02,5584.3,tarde,CNC,1,176.1,0,240.0
65.38,2.403,28.66,2409.0,47.19,3037.7,noite,bomba,1,44.6,0,593.3
76.08,2.453,26.49,2376.0,38.65,896.7,manha,bomba,2,44.4,0,502.8
80.31,2.666,31.23,1344.0,63.23,7262.6,manha,esteira,2,114.0,0,240.0
74.77,2.055,24.91,2132.0,53.29,2826.5,tarde,compressor,1,60.9,0,653.1
85.31,3.039,33.58,2002.0,78.38,4003.8,noite,compressor,2,37.0,0,411.8
77.11,3.382,30.08,2276.0,86.15,755.1,manha,bomba,4,54.0,0,314.0
78.96,2.947,29.67,2802.0,72.52,6570.9,manha,CNC,2,25.3,0,695.4
85.97,3.377,38.02,2646.0,86.53,1796.0,manha,CNC,3,48.4,0,439.8
79.29,1.978,30.23,2143.0,65.1,706.3,tarde,compressor,0,23.0,0,591.2
75.8,1.841,31.8,2123.0,58.06,2646.1,manha,compressor,2,25.2,0,763.0
86.54,3.625,34.88,2668.0,90.1,4002.7,manha,CNC,2,64.7,0,240.0
78.84,2.632,28.4,1868.0,53.41,3313.4,tarde,compressor,1,7.6,0,370.6
74.61,1.902,26.41,1941.0,42.14,3279.0,manha,compressor,2,23.2,0,673.5
72.48,2.392,35.23,2322.0,71.29,3140.6,tarde,compressor,2,30.8,0,240.0
79.97,2.823,34.57,2078.0,71.71,2502.5,manha,compressor,3,40.8,0,916.1
77.47,2.662,30.21,2449.0,67.43,752.8,noite,bomba,1,79.2,0,544.5
79.97,2.75,34.93,2175.0,87.63,2024.6,tarde,compressor,3,39.7,0,513.4
77.64,3.176,33.03,1151.0,73.0,1850.3,manha,prensa,2,132.0,0,419.0
88.02,2.441,38.96,1084.0,78.03,4885.3,manha,prensa,1,34.0,0,504.6
75.62,2.411,32.61,2229.0,73.7,4253.1,tarde,bomba,2,8.3,0,668.2
75.08,2.065,28.43,1958.0,60.68,1695.7,noite,compressor,3,24.4,0,746.4
68.79,2.282,25.02,2304.0,47.07,3639.6,manha,bomba,0,64.1,0,680.0
79.94,2.289,33.24,1431.0,79.48,2210.7,manha,esteira,3,25.2,0,768.5
71.67,2.659,27.59,2262.0,48.23,657.1,manha,bomba,2,33.3,0,520.7
87.23,2.974,31.72,1615.0,77.52,342.9,tarde,esteira,4,113.4,0,270.7
83.03,2.943,36.97,2523.0,84.47,3388.5,noite,bomba,3,135.5,0,240.0
85.77,3.444,35.7,2287.0,93.07,1110.7,tarde,bomba,3,17.2,0,508.7
72.9,2.809,35.46,1868.0,74.39,1107.2,manha,compressor,3,46.1,0,398.9
72.93,3.066,33.12,1513.0,76.13,1441.1,noite,esteira,5,63.1,0,318.9
91.4,2.967,35.71,2786.0,88.44,3432.9,noite,CNC,4,98.0,1,1.0
81.51,2.918,25.67,2225.0,66.79,4286.7,manha,bomba,2,39.4,0,424.0
79.77,3.659,31.36,1326.0,72.09,4234.0,manha,esteira,7,62.7,0,436.6
73.63,2.452,24.14,2326.0,33.76,595.3,manha,CNC,3,109.1,0,832.1
78.4,2.823,35.16,2419.0,85.21,1399.4,noite,bomba,4,55.2,0,551.6
71.43,2.175,23.68,2551.0,26.44,1248.1,tarde,CNC,1,4.3,0,820.0
73.39,2.316,31.28,1625.0,73.22,3431.4,tarde,esteira,3,45.8,0,488.8
77.59,2.74,32.17,2756.0,65.46,1414.6,noite,CNC,0,29.0,0,497.0
91.57,3.885,32.27,1440.0,76.45,2111.2,manha,prensa,2,30.6,0,319.9
62.58,1.622,24.1,2797.0,26.35,3615.0,manha,CNC,0,32.5,0,770.6
73.83,2.222,26.55,1055.0,34.63,2372.5,manha,prensa,2,7.4,0,736.8
85.74,4.086,34.67,1423.0,79.81,2819.5,noite,esteira,4,129.8,0,240.0
82.99,3.828,37.74,2508.0,89.48,2062.9,tarde,bomba,4,102.0,0,240.0
83.02,2.981,28.01,1289.0,54.6,4032.3,manha,esteira,1,142.2,0,240.0
76.69,2.287,31.4,1392.0,70.92,4266.6,manha,esteira,2,184.5,0,240.0
72.97,2.116,25.86,1223.0,43.31,3139.7,noite,prensa,4,61.2,0,831.6
89.18,3.852,40.31,2607.0,94.84,4276.6,noite,CNC,1,36.6,0,326.8
81.79,3.166,33.39,2375.0,74.38,8619.6,tarde,bomba,4,73.2,0,405.5
97.55,3.139,35.38,2525.0,89.24,3578.4,manha,CNC,2,75.3,0,240.0
79.97,3.771,36.86,2264.0,93.77,2257.3,noite,bomba,1,36.5,0,385.6
91.73,3.599,36.34,2685.0,92.27,2858.9,noite,CNC,1,35.7,0,371.7
72.8,2.704,34.25,2354.0,80.6,4527.8,tarde,bomba,2,50.7,0,495.3
68.47,3.144,33.08,2682.0,79.23,1782.0,tarde,bomba,3,33.8,0,502.3
85.96,3.011,33.54,1909.0,87.27,1689.3,noite,compressor,0,75.8,0,520.4
76.4,1.623,26.68,2404.0,55.68,2829.8,noite,bomba,0,20.2,0,473.9
88.2,3.2,34.81,1316.0,86.45,2231.5,tarde,esteira,3,87.1,0,302.4
83.9,2.183,34.38,1535.0,68.67,1239.4,tarde,esteira,6,121.3,0,402.4
75.37,2.303,22.6,2296.0,43.66,2571.4,manha,bomba,5,204.0,0,421.1
88.13,3.211,36.4,2385.0,85.42,5065.0,noite,bomba,3,137.0,0,240.0
80.11,3.339,32.21,1060.0,54.36,3077.8,tarde,prensa,2,202.1,0,240.0
74.4,2.409,26.17,2409.0,33.35,1069.4,manha,CNC,2,76.6,0,695.0
66.92,2.088,27.17,2828.0,49.15,3371.1,manha,CNC,1,17.3,0,553.7
79.21,2.506,33.89,2748.0,80.44,1953.5,noite,CNC,2,58.2,0,644.0
77.29,2.445,26.19,2420.0,36.33,7033.0,noite,bomba,2,175.2,0,240.0
75.78,1.94,26.79,2140.0,29.56,3215.3,noite,compressor,1,134.3,0,606.3
74.2,2.267,27.59,1542.0,44.22,1576.2,tarde,esteira,3,43.9,0,812.6
73.48,1.969,29.24,2486.0,56.02,3520.5,noite,bomba,3,9.5,0,727.4
71.25,2.663,28.69,1943.0,42.41,2683.9,noite,compressor,0,74.0,0,724.7
88.7,2.584,37.42,1159.0,90.48,4789.5,manha,prensa,7,16.4,0,424.3
67.61,2.761,28.27,1670.0,54.81,1683.4,manha,esteira,0,72.7,0,464.6
94.51,3.619,39.61,2860.0,96.18,3211.0,noite,CNC,3,78.5,0,457.4
84.58,2.867,35.06,2080.0,87.49,753.4,manha,compressor,4,130.2,0,525.0
82.07,2.824,41.4,1656.0,83.66,2504.1,tarde,compressor,3,10.6,0,359.8
87.17,3.337,36.39,2666.0,86.96,1048.4,tarde,CNC,1,98.6,0,240.0
77.09,2.465,32.85,2826.0,75.52,2630.7,tarde,CNC,1,51.1,0,640.8
75.17,3.3,32.27,1145.0,62.52,2986.8,manha,prensa,1,152.0,0,518.0
81.27,3.458,30.87,1912.0,51.7,3138.5,noite,compressor,3,94.4,0,392.4
70.06,2.938,26.35,2205.0,49.55,1681.8,manha,compressor,4,61.5,1,150.1
66.92,1.759,19.94,1478.0,32.48,2550.4,noite,esteira,2,28.3,0,953.7
84.38,3.899,35.55,2325.0,88.63,4453.0,manha,bomba,3,54.8,0,384.6
71.93,3.262,30.42,957.0,59.71,5931.6,tarde,prensa,3,114.2,0,286.7
69.07,2.27,27.24,1297.0,57.53,2603.6,noite,esteira,1,55.0,0,514.3
79.74,2.838,30.66,2173.0,61.74,4523.0,manha,compressor,3,53.7,0,531.1
89.61,3.312,36.09,1910.0,86.44,1314.9,manha,compressor,5,55.7,0,370.8
62.64,2.115,17.85,1468.0,20.15,1855.1,noite,prensa,3,36.6,0,886.4
72.35,2.013,32.88,1787.0,70.35,2777.8,manha,esteira,6,25.9,0,574.0
81.48,3.279,34.35,1109.0,70.55,2240.6,manha,prensa,6,29.2,0,595.1
71.57,2.662,24.37,2553.0,32.7,2097.6,tarde,CNC,3,59.3,0,587.2
79.56,3.805,30.5,1565.0,60.08,4254.8,noite,esteira,2,101.6,0,240.0
77.23,1.774,29.73,2605.0,65.52,1172.0,tarde,bomba,1,65.0,0,663.6
79.85,3.13,33.73,2640.0,78.52,1255.2,tarde,CNC,0,115.7,0,479.9
87.88,3.038,37.22,2265.0,86.28,931.0,noite,bomba,2,135.8,0,240.0
77.25,3.289,26.53,2285.0,57.1,2828.2,tarde,bomba,0,182.3,0,240.0
85.87,3.925,31.83,2599.0,76.78,1951.9,tarde,CNC,1,172.3,0,240.0
65.44,2.098,19.43,2010.0,24.66,4019.5,tarde,compressor,4,18.4,0,666.8
66.34,1.811,27.04,1665.0,34.09,2684.7,manha,esteira,2,82.4,0,435.3
76.26,2.226,27.93,2005.0,51.87,1656.2,manha,compressor,1,41.4,0,553.0
61.52,2.053,27.4,2157.0,36.17,1493.7,tarde,compressor,1,30.3,0,503.4
81.13,2.699,30.04,2199.0,58.94,345.7,manha,compressor,2,48.3,0,445.8
81.59,3.439,35.94,2035.0,69.15,2156.9,tarde,compressor,1,145.2,0,311.2
76.8,4.318,39.95,1165.0,95.02,1059.2,manha,prensa,3,114.6,0,306.6
70.84,2.123,24.51,1495.0,43.63,4312.6,tarde,esteira,4,59.7,0,605.2
76.79,3.229,31.94,2519.0,68.41,1891.8,manha,CNC,3,91.3,0,534.0
60.05,1.457,17.67,1334.0,13.84,814.7,tarde,prensa,3,75.1,0,699.3
80.86,1.845,29.7,1476.0,53.38,4806.5,noite,esteira,4,48.4,0,695.8
86.7,3.589,37.79,2049.0,83.68,2176.9,manha,compressor,2,33.6,0,391.2
64.18,1.95,25.78,1372.0,26.69,3359.0,manha,esteira,3,54.7,0,479.6
79.58,2.632,35.34,2888.0,71.99,1671.6,manha,CNC,0,95.3,0,583.2
81.58,2.938,31.2,1267.0,59.98,4901.0,noite,prensa,2,155.8,0,240.0
74.46,2.756,34.5,2198.0,79.23,1362.1,manha,bomba,4,83.0,0,498.7
91.39,3.022,34.27,2469.0,80.26,1951.3,noite,bomba,3,38.5,0,567.2
83.44,3.093,40.25,2577.0,90.3,626.2,manha,CNC,4,27.1,0,427.7
91.1,2.682,33.46,1084.0,81.05,4833.0,manha,prensa,0,73.3,0,510.3
79.61,2.453,34.01,2557.0,88.63,1537.2,noite,CNC,1,10.9,0,599.8
85.22,3.639,29.89,2612.0,68.37,2868.2,tarde,CNC,1,247.5,0,240.0
69.09,2.788,29.81,2612.0,50.75,3111.8,manha,CNC,1,81.9,0,729.8
59.69,2.13,26.59,1452.0,40.24,4389.0,noite,esteira,2,129.5,0,470.8
83.02,2.325,33.01,2655.0,69.03,2740.7,manha,CNC,2,110.0,0,598.2
78.86,2.873,31.44,1342.0,62.83,2257.9,manha,prensa,5,81.0,0,548.9
68.63,1.353,22.81,2678.0,39.47,4133.1,tarde,bomba,1,77.6,0,334.4
70.89,3.188,35.51,2571.0,85.19,3081.4,tarde,CNC,1,98.7,0,298.5
68.72,2.506,28.15,2590.0,41.41,2047.2,noite,CNC,2,45.3,0,695.8
77.86,2.629,28.05,2642.0,61.07,4956.6,manha,CNC,1,60.5,0,240.0
80.33,2.716,32.96,2440.0,85.63,3222.9,noite,bomba,3,102.4,0,293.2
68.13,2.461,26.3,1690.0,43.23,995.6,tarde,esteira,2,18.3,0,933.8
84.06,3.573,38.37,2465.0,91.27,5467.2,noite,CNC,2,59.0,0,286.2
74.54,2.872,35.15,1822.0,79.22,1643.8,noite,esteira,4,54.1,0,338.1
77.91,3.161,34.63,2492.0,70.53,4376.6,noite,CNC,2,10.2,0,483.2
59.52,1.907,24.84,1632.0,39.59,825.8,tarde,esteira,1,86.4,0,993.7
81.37,2.863,28.3,1310.0,66.11,4118.4,manha,prensa,5,68.7,0,314.2
72.23,2.719,29.43,1346.0,55.33,1040.0,tarde,esteira,1,59.0,0,382.8
80.07,2.489,33.06,2403.0,63.23,2697.1,tarde,bomba,2,115.3,0,642.8
73.9,2.625,23.76,1261.0,38.82,3170.5,tarde,esteira,2,103.5,0,685.3
72.08,2.057,26.3,2507.0,44.96,2074.8,noite,CNC,1,108.7,0,507.2
68.7,2.509,28.15,2635.0,73.93,2424.3,manha,CNC,3,54.7,0,562.5
73.62,2.588,28.87,2674.0,58.23,1202.0,noite,CNC,0,44.3,0,727.1
62.99,2.734,25.96,2547.0,29.2,3874.0,manha,bomba,3,67.6,0,801.5
88.43,3.194,34.93,1393.0,87.18,2783.5,noite,esteira,1,80.5,0,528.0
78.8,2.32,31.17,2431.0,75.88,1356.7,manha,bomba,5,93.8,0,369.3
81.23,2.922,37.16,1642.0,76.46,2847.1,manha,esteira,5,30.2,0,495.4
89.79,2.952,36.89,2603.0,84.44,2899.8,noite,CNC,2,77.0,0,888.9
71.22,2.883,29.14,1475.0,54.52,2495.4,noite,esteira,2,123.9,0,649.2
81.05,2.987,34.87,2467.0,81.05,349.7,noite,CNC,1,33.4,0,772.4
76.51,1.854,29.83,2453.0,65.95,1890.3,noite,CNC,3,9.7,0,829.6
90.67,3.056,36.04,1407.0,90.29,3840.1,manha,esteira,4,5.1,0,442.5
84.36,2.361,35.51,1406.0,68.18,3274.4,noite,prensa,2,44.0,0,497.0
76.02,3.446,32.61,2586.0,79.83,3217.2,manha,bomba,2,25.9,0,427.8
71.97,1.881,30.81,2789.0,52.15,2770.9,tarde,CNC,2,84.0,0,762.4
70.99,2.414,27.62,2426.0,47.25,4097.0,tarde,bomba,2,74.9,0,627.4
71.38,1.944,30.65,2740.0,61.16,1637.4,manha,CNC,5,12.2,0,562.4
73.55,3.338,24.24,1155.0,48.59,1416.4,tarde,prensa,1,120.3,0,311.0
69.79,1.663,27.8,1444.0,48.96,6245.3,noite,esteira,2,35.7,0,924.5
78.36,3.674,32.8,2405.0,73.85,1526.6,manha,CNC,0,28.8,0,353.9
79.05,2.698,29.64,2667.0,73.43,969.9,noite,CNC,0,72.4,0,531.3
89.53,3.0,37.38,2695.0,92.26,2051.3,tarde,CNC,3,41.5,0,514.3
83.32,3.83,36.09,1126.0,91.05,2551.2,manha,prensa,5,68.0,0,378.9
62.99,2.324,23.67,2180.0,29.27,4112.1,tarde,compressor,4,52.8,0,431.0
80.67,2.799,33.29,1631.0,84.95,1892.9,manha,esteira,5,129.2,0,240.0
80.82,2.789,33.8,2241.0,87.56,1882.9,manha,bomba,2,69.1,0,422.6
79.44,2.156,29.17,2707.0,55.24,2409.7,tarde,bomba,0,48.4,0,359.7
86.04,2.765,34.79,2710.0,84.86,1691.2,manha,CNC,3,57.6,0,743.6
88.47,3.633,34.16,1410.0,79.9,833.4,manha,prensa,4,112.2,0,471.2
85.97,3.081,32.36,1997.0,79.85,1026.2,noite,compressor,1,30.5,0,600.6
62.54,2.552,24.39,2562.0,37.58,4746.8,manha,bomba,0,87.0,0,508.3
77.24,2.807,34.63,2465.0,76.53,3617.9,noite,bomba,0,59.9,0,478.2
63.85,2.514,25.27,2351.0,38.34,2359.7,noite,bomba,3,61.2,0,820.7
91.41,2.999,36.27,1081.0,89.62,3268.2,manha,prensa,5,26.0,0,240.0
86.22,2.742,31.97,2627.0,83.26,3680.2,tarde,CNC,4,44.2,0,682.1
83.42,2.712,33.82,2506.0,85.56,1580.0,manha,bomba,3,37.8,0,713.0
75.9,3.434,29.69,2094.0,64.8,1193.3,tarde,compressor,2,59.7,0,586.9
82.11,2.986,37.11,2082.0,83.69,4471.9,manha,compressor,3,19.0,0,325.2
72.66,2.198,32.99,2615.0,67.74,430.5,noite,CNC,1,8.8,0,553.3
75.76,2.481,28.8,2478.0,51.79,3298.6,manha,CNC,1,41.3,1,207.2
75.08,2.621,27.17,2636.0,50.44,2674.9,tarde,CNC,2,113.6,0,633.6
82.6,2.562,34.27,1934.0,65.65,4220.2,manha,compressor,1,81.9,0,581.1
74.75,1.99,27.91,2194.0,43.47,3369.2,manha,compressor,4,55.4,0,747.0
85.85,3.389,31.57,2502.0,86.01,3256.1,tarde,bomba,3,27.5,0,597.0
76.14,1.727,33.53,2653.0,62.57,1278.1,tarde,bomba,1,4.6,0,775.4
83.59,3.323,31.5,2022.0,66.22,3761.3,noite,compressor,1,35.5,0,519.3
82.56,2.697,34.33,2074.0,69.4,3065.0,manha,compressor,1,50.2,0,792.9
71.36,1.224,30.1,2484.0,57.4,1394.2,manha,CNC,0,23.2,0,815.6
87.84,3.683,34.97,2298.0,94.25,2689.4,manha,bomba,2,77.9,0,343.8
80.91,3.28,31.44,2078.0,69.39,1098.3,manha,compressor,3,76.6,0,370.8
81.82,3.373,31.18,2641.0,83.14,2160.8,noite,CNC,5,40.8,0,504.1
85.73,3.436,33.45,1968.0,80.86,7680.0,noite,compressor,5,52.3,0,349.4
80.94,2.556,30.65,2001.0,59.85,1230.3,noite,compressor,1,51.6,0,659.6
74.61,2.133,27.69,2682.0,49.1,826.9,manha,CNC,3,73.1,0,658.2
81.13,2.228,31.34,2384.0,72.54,1035.2,tarde,bomba,1,29.8,0,616.0
86.35,3.94,34.23,2463.0,81.17,2141.7,noite,bomba,3,235.3,1,1.0
70.81,1.693,24.23,1562.0,34.71,3512.6,manha,esteira,4,18.9,0,901.7
73.39,1.915,27.8,2345.0,44.56,2453.6,tarde,bomba,1,30.1,0,695.5
76.16,2.465,31.99,2544.0,76.26,916.7,manha,bomba,3,66.1,0,749.1
87.03,3.966,36.25,1871.0,87.98,3486.2,manha,compressor,4,157.3,0,240.0
67.3,2.631,25.0,1483.0,52.15,566.6,noite,esteira,2,38.4,0,828.2
78.55,3.041,33.86,2273.0,90.29,992.7,manha,bomba,4,26.7,0,344.0
88.68,2.189,33.71,2047.0,63.32,1645.9,noite,compressor,2,46.9,0,651.5
91.95,3.428,39.66,2532.0,88.88,4382.6,manha,bomba,4,88.7,0,240.0
72.7,2.451,22.74,2086.0,23.34,2513.5,manha,compressor,2,91.7,0,558.9
84.66,3.499,34.48,2148.0,83.43,2573.9,manha,bomba,6,81.7,0,389.3
75.35,3.055,29.95,1425.0,66.55,928.2,manha,esteira,3,168.0,0,240.0
77.04,3.166,35.66,1251.0,74.68,1754.0,tarde,prensa,1,92.0,0,351.7
82.92,4.604,26.55,1230.0,78.71,4021.9,manha,prensa,2,104.1,0,361.6
76.57,2.455,36.37,2342.0,69.42,2949.9,tarde,bomba,4,110.8,0,301.9
75.3,2.994,27.97,2504.0,50.56,3560.6,noite,bomba,0,24.3,0,531.7
72.44,2.432,23.19,1601.0,54.71,2350.3,manha,esteira,2,51.0,0,622.8
82.68,3.911,37.14,2061.0,68.29,4047.0,manha,compressor,2,30.5,0,502.9
83.02,2.234,31.74,1552.0,91.8,923.9,tarde,esteira,3,32.8,0,450.2
71.97,3.45,27.91,2382.0,73.28,2109.8,noite,bomba,1,43.7,0,572.3
84.28,4.105,34.49,2620.0,88.58,3213.4,tarde,CNC,3,72.0,0,408.6
84.14,3.177,33.82,2630.0,78.4,713.2,manha,CNC,2,152.5,1,1.0
69.99,1.63,28.11,1652.0,42.97,269.0,tarde,esteira,1,86.3,0,711.0
67.05,3.311,22.36,2667.0,29.23,6248.5,tarde,CNC,1,76.3,0,479.4
85.5,3.151,36.41,2063.0,95.29,2534.6,manha,compressor,3,44.4,0,521.1
87.69,4.417,38.02,1965.0,97.78,658.0,manha,compressor,1,162.3,0,240.0
64.96,2.95,25.93,2738.0,46.37,2495.6,noite,CNC,5,17.7,0,619.6
75.96,2.641,31.99,2113.0,54.91,1003.4,manha,compressor,2,93.5,0,427.9
78.24,2.178,34.32,1542.0,72.21,1277.8,manha,esteira,1,9.7,0,738.5
73.51,3.439,27.8,2589.0,56.24,4467.5,manha,CNC,2,62.8,0,471.9
78.55,3.072,35.12,1486.0,89.25,1672.6,tarde,esteira,3,111.5,0,240.0
75.27,1.894,24.29,1439.0,52.81,1663.7,tarde,esteira,0,58.0,0,633.2
84.98,1.826,32.73,1866.0,64.21,980.0,manha,compressor,2,131.0,0,593.6
68.71,2.639,26.19,2868.0,44.33,1909.8,tarde,CNC,1,27.5,0,691.2
58.44,1.355,20.72,2634.0,16.72,2635.2,tarde,bomba,1,4.3,0,983.1
83.29,3.424,38.29,2675.0,92.34,1671.3,manha,CNC,1,19.0,0,380.0
81.01,3.083,34.06,2107.0,62.58,7175.7,noite,compressor,3,45.2,0,628.4
84.35,3.993,36.59,1193.0,92.9,1160.2,manha,prensa,0,72.2,0,623.4
67.13,2.963,28.28,1328.0,52.76,1155.4,manha,prensa,0,35.0,0,859.4
76.02,1.82,31.38,1529.0,53.8,1860.6,noite,esteira,1,63.0,0,975.9
88.12,3.567,35.52,2037.0,84.47,6693.9,noite,compressor,3,82.3,0,240.0
82.81,2.827,31.47,2285.0,67.26,3594.8,manha,bomba,1,29.0,0,442.2
81.22,3.472,40.82,1752.0,87.4,1635.1,noite,esteira,1,29.7,0,696.2
75.44,2.154,25.22,1964.0,36.91,1636.0,tarde,compressor,0,15.7,0,732.8
80.78,3.204,37.47,2483.0,78.88,1129.4,manha,bomba,0,131.1,0,240.0
79.51,3.387,32.1,2499.0,74.98,1825.8,noite,CNC,1,133.1,0,273.8
81.4,2.797,34.57,2373.0,85.35,2073.1,noite,CNC,0,62.6,0,420.0
91.06,2.92,32.96,2521.0,90.85,3498.7,manha,bomba,3,20.5,0,548.8
87.0,3.671,38.3,2599.0,91.76,3076.9,tarde,CNC,2,147.9,0,240.0
89.84,3.522,38.31,2477.0,90.2,1787.2,manha,CNC,1,29.7,0,561.4
67.33,2.824,26.09,1613.0,44.52,5313.3,manha,esteira,0,16.4,0,497.7
62.18,1.65,23.74,1199.0,28.36,1490.0,noite,prensa,5,29.1,0,670.4
78.1,2.723,32.76,2667.0,65.2,814.3,tarde,bomba,3,26.2,0,479.3
68.73,2.204,25.04,1354.0,54.22,2710.7,tarde,esteira,2,21.4,0,727.0
84.37,2.978,35.1,1141.0,81.39,4279.0,tarde,prensa,2,34.7,0,368.5
80.9,2.461,36.77,2752.0,75.83,2293.1,tarde,CNC,0,59.2,0,691.9
84.02,3.323,34.31,2016.0,80.62,951.4,manha,compressor,0,92.8,0,428.7
92.6,3.199,34.17,1953.0,88.56,2578.5,noite,compressor,3,47.5,0,502.2
79.05,2.902,34.09,2679.0,68.94,2777.8,tarde,CNC,2,47.8,0,339.0
77.05,2.101,32.08,1662.0,70.43,2954.7,tarde,esteira,4,46.7,0,584.9
73.96,2.059,29.24,2091.0,56.2,2610.2,tarde,compressor,3,16.4,0,534.7
78.6,3.366,27.63,2021.0,51.16,4606.6,manha,compressor,3,91.2,0,260.9
78.24,2.791,31.95,2537.0,60.47,1110.1,manha,CNC,1,112.0,0,306.7
83.17,3.456,34.81,2554.0,87.04,168.5,manha,CNC,1,143.4,0,309.5
76.9,2.101,31.25,1118.0,51.56,567.2,manha,prensa,1,42.4,0,453.7
86.48,3.977,37.53,2754.0,93.23,941.3,tarde,CNC,4,138.0,0,240.0
84.24,3.146,35.46,2696.0,75.0,3855.9,noite,CNC,2,98.9,0,308.8
70.79,2.936,31.63,1934.0,59.48,1909.5,manha,compressor,5,22.5,0,508.6
80.86,2.481,29.07,2325.0,66.64,5554.2,manha,bomba,1,29.8,0,365.1
71.21,1.946,29.91,2507.0,56.93,1052.3,tarde,bomba,4,60.1,0,595.3
81.39,2.504,31.72,2475.0,70.46,5490.3,manha,bomba,1,47.8,0,295.0
74.34,2.23,26.96,2657.0,40.08,1287.6,noite,CNC,1,19.2,0,534.5
86.38,2.839,36.59,2597.0,90.16,2070.8,manha,CNC,6,59.8,0,352.5
73.46,2.751,22.61,1538.0,45.41,661.9,manha,esteira,1,60.8,0,683.3
81.47,2.899,37.82,2292.0,89.38,5075.4,manha,bomba,2,98.1,0,459.8
82.61,3.028,31.3,2533.0,86.88,2251.4,noite,bomba,2,37.3,0,534.6
75.66,3.372,31.69,2474.0,67.63,7358.8,manha,bomba,2,30.5,0,668.9
79.64,3.126,39.65,1544.0,89.28,4393.5,tarde,esteira,5,15.4,0,591.4
69.39,2.421,32.46,2507.0,60.24,2038.6,manha,CNC,2,67.6,0,443.5
75.89,3.123,30.06,2010.0,55.62,1432.6,manha,compressor,1,62.3,0,317.8
90.01,3.274,34.85,2239.0,85.84,3956.0,noite,bomba,2,155.7,0,240.0
83.17,2.774,30.47,2017.0,60.43,2400.1,manha,compressor,2,93.8,0,578.4
64.68,1.202,28.19,1563.0,45.95,1380.8,manha,esteira,4,37.5,0,719.1
79.45,3.39,32.8,2598.0,80.99,2508.7,tarde,bomba,2,57.0,0,782.4
78.77,3.11,37.0,1549.0,90.89,493.1,noite,esteira,5,18.8,0,437.8
71.73,2.639,29.03,1351.0,66.52,2988.6,manha,esteira,1,42.1,0,640.9
77.05,2.816,31.47,2486.0,70.3,3335.1,manha,bomba,1,64.2,0,596.8
79.48,3.163,29.59,1014.0,61.39,1025.5,noite,prensa,0,160.4,0,547.4
75.29,2.684,31.41,2457.0,63.77,4678.3,tarde,bomba,4,26.0,0,850.5
66.8,2.68,27.15,1409.0,45.29,4116.4,noite,esteira,1,128.4,0,322.3
77.28,2.645,31.01,2140.0,43.16,2826.8,noite,compressor,1,67.1,0,560.8
77.97,2.293,30.86,2462.0,66.0,1222.7,tarde,bomba,2,92.4,0,341.7
66.58,0.886,21.71,2414.0,20.35,3453.6,tarde,bomba,4,55.6,0,1024.4
79.92,3.598,34.98,2529.0,72.12,1842.9,manha,CNC,3,32.7,0,519.8
89.56,3.412,36.33,1945.0,86.63,2650.3,tarde,compressor,4,124.0,1,1.0
76.81,2.6,29.86,1300.0,57.8,3649.1,tarde,prensa,2,39.9,0,654.5
71.28,3.031,30.07,2418.0,56.38,825.4,noite,bomba,0,89.0,0,595.6
86.23,2.911,33.42,2908.0,80.97,639.1,tarde,CNC,1,20.2,0,503.6
69.49,1.299,23.3,2124.0,26.74,1726.7,manha,compressor,1,24.7,0,815.9
83.1,2.944,36.05,2719.0,95.42,6652.1,tarde,CNC,1,9.8,0,448.8
76.46,3.459,31.23,2558.0,69.22,7534.0,tarde,CNC,2,51.2,0,475.1
84.34,3.044,33.82,1106.0,55.51,2948.3,tarde,prensa,7,67.2,0,398.4
80.05,2.859,32.07,2210.0,69.5,4183.4,noite,compressor,0,57.0,0,311.4
76.19,2.736,32.85,2009.0,70.55,2310.8,tarde,compressor,0,15.2,0,728.3
79.87,2.968,30.21,2222.0,86.25,2510.1,manha,bomba,2,25.1,0,457.5
81.66,3.078,33.52,2452.0,71.77,2069.2,tarde,CNC,4,91.4,0,240.0
68.11,2.42,28.92,2688.0,38.15,4479.7,tarde,CNC,1,36.8,0,691.8
81.13,2.837,31.98,1391.0,78.55,5590.5,noite,esteira,2,58.9,0,240.0
90.86,3.276,37.62,2202.0,83.66,2473.9,tarde,bomba,2,34.8,0,243.0
78.53,3.645,34.28,1457.0,85.32,2503.3,tarde,prensa,0,84.6,0,404.0
65.52,2.299,20.4,2132.0,33.15,2137.6,tarde,bomba,0,35.1,0,797.6
73.35,2.933,25.28,2005.0,41.39,5671.5,tarde,compressor,0,48.2,0,390.3
76.14,3.559,33.82,1681.0,86.8,3882.4,manha,esteira,2,107.2,0,240.0
85.16,2.959,35.45,1234.0,82.46,1202.4,noite,prensa,0,57.8,0,573.2
84.06,2.914,33.37,1805.0,79.33,6536.9,noite,esteira,3,27.6,0,624.3
76.61,2.693,32.31,1333.0,79.93,335.8,tarde,prensa,1,75.8,0,471.0
74.25,2.511,31.16,1361.0,62.95,5349.7,tarde,esteira,3,15.2,0,585.7
72.14,1.814,30.14,1619.0,52.44,4272.4,manha,esteira,3,26.6,0,597.0
76.22,2.569,30.66,2592.0,57.32,2478.6,tarde,CNC,1,16.4,0,633.8
90.56,3.424,34.49,1460.0,78.73,2441.2,tarde,esteira,3,86.0,0,240.0
69.11,2.451,25.49,1940.0,39.9,2206.6,tarde,compressor,1,72.1,0,694.8
82.86,2.679,35.39,2309.0,79.49,1243.6,manha,bomba,1,80.0,0,277.4
87.79,3.907,37.35,2439.0,98.55,6241.9,tarde,bomba,0,64.9,0,311.6
79.47,3.58,33.91,1086.0,69.43,2396.1,manha,prensa,1,122.4,0,447.6
80.37,2.6,30.58,983.0,73.6,1227.8,tarde,prensa,2,63.9,0,414.4
80.08,3.016,26.94,2107.0,60.32,6026.3,tarde,compressor,5,36.4,0,400.2
79.02,2.82,35.23,1490.0,80.56,3148.4,manha,esteira,2,28.5,0,688.5
81.8,2.787,32.42,1618.0,82.66,3261.9,tarde,esteira,1,63.2,0,240.0
81.53,3.675,29.76,1905.0,64.03,6808.2,noite,compressor,2,116.0,0,240.0
75.47,2.051,30.8,2783.0,74.23,3531.5,tarde,CNC,2,19.7,0,374.1
81.49,2.896,33.37,2739.0,69.63,1585.7,manha,CNC,0,78.7,0,467.4
75.43,3.034,25.86,1577.0,50.13,3528.4,tarde,esteira,4,48.2,0,411.8
80.26,2.942,33.04,2207.0,61.19,1323.9,manha,bomba,5,105.0,0,307.5
75.09,2.284,29.35,1254.0,49.35,1790.4,tarde,prensa,0,13.4,0,643.5
70.83,2.269,25.91,2142.0,38.27,2890.9,tarde,compressor,0,156.1,0,279.3
80.0,3.143,38.1,1137.0,82.06,4146.6,manha,prensa,7,47.7,0,441.5
84.35,3.019,32.24,1826.0,76.9,1647.4,tarde,compressor,2,11.1,0,685.0
56.97,1.514,20.34,1445.0,18.98,2166.3,noite,esteira,1,19.3,0,958.3
79.22,2.774,27.94,2458.0,71.72,2151.7,noite,CNC,1,170.0,0,240.0
91.91,3.37,34.41,2284.0,83.48,4567.0,manha,bomba,3,78.4,0,449.3
71.83,1.67,23.98,1336.0,46.89,2439.3,manha,esteira,5,43.9,0,579.6
86.46,3.602,35.4,1227.0,74.38,6487.1,tarde,prensa,2,194.4,0,240.0
77.21,3.554,40.11,1582.0,98.04,1789.5,manha,esteira,0,62.1,0,420.6
84.12,3.408,36.96,2489.0,94.43,1695.7,tarde,CNC,1,100.9,0,240.0
84.3,2.749,37.84,2015.0,72.93,5294.2,manha,compressor,2,24.8,0,627.1
71.72,2.262,29.64,2533.0,67.69,3360.6,manha,CNC,3,42.6,0,749.8
82.35,2.854,29.87,2658.0,69.74,8659.4,tarde,CNC,1,61.3,0,451.7
64.58,1.978,24.03,2263.0,40.01,5181.1,manha,bomba,1,38.9,0,576.3
81.46,3.618,37.1,1367.0,91.16,998.8,tarde,esteira,1,121.5,0,253.5
70.17,2.548,33.15,1524.0,69.38,2403.6,manha,esteira,2,76.9,0,681.8
78.89,3.205,35.09,1408.0,78.21,2888.7,tarde,esteira,7,19.2,0,604.7
65.39,1.715,27.32,1737.0,54.89,2767.4,tarde,esteira,3,46.0,0,673.5
81.62,3.524,38.18,1415.0,89.19,2188.3,noite,esteira,3,29.1,0,509.9
86.91,3.258,34.89,2708.0,86.34,2733.8,noite,CNC,0,78.1,0,452.5
78.99,2.63,37.95,2763.0,69.94,2822.3,manha,CNC,6,38.7,0,651.2
80.01,2.491,35.39,2241.0,75.42,1664.8,tarde,bomba,2,11.1,0,670.5
78.21,3.699,27.78,1465.0,70.26,4460.2,manha,esteira,2,69.6,0,402.8
77.3,2.589,29.88,2514.0,64.22,6067.2,tarde,CNC,1,37.1,0,605.1
81.51,4.146,31.85,2469.0,75.67,3705.7,manha,bomba,1,132.9,0,240.0
74.31,2.706,32.93,2404.0,54.99,3088.9,tarde,bomba,1,21.9,0,471.9
74.94,2.282,31.16,2769.0,75.04,2309.3,manha,CNC,5,30.6,0,774.0
79.25,2.601,28.42,2283.0,72.37,2874.3,noite,compressor,1,44.4,0,780.8
74.94,2.217,23.73,1440.0,20.26,3050.6,tarde,prensa,4,72.3,0,576.9
73.86,2.45,20.73,2242.0,44.53,1246.8,tarde,bomba,3,107.1,0,572.9
91.35,3.245,37.24,2466.0,94.93,4334.1,manha,CNC,2,42.6,0,312.2
80.64,2.503,35.6,1359.0,80.05,1869.0,manha,esteira,3,62.7,0,243.2
72.0,3.284,27.64,2229.0,52.35,5455.7,manha,compressor,0,14.3,0,693.0
59.52,1.429,22.57,1639.0,16.62,122.3,noite,esteira,2,30.9,0,674.1
75.9,3.392,35.09,2157.0,79.54,2679.2,noite,compressor,1,39.5,0,273.1
80.54,2.585,27.99,2468.0,58.9,4377.6,manha,bomba,1,44.3,0,543.3
81.16,2.978,29.88,1991.0,55.29,3673.6,noite,compressor,3,84.1,0,458.9
79.54,4.324,37.03,2600.0,76.38,1008.3,tarde,CNC,2,176.2,0,242.2
80.47,3.045,31.09,1269.0,61.36,5178.8,manha,prensa,3,32.3,0,591.6
76.94,3.693,29.75,2655.0,53.88,1481.2,tarde,CNC,2,77.9,0,720.1
86.19,3.836,37.61,2517.0,89.92,1788.8,manha,CNC,3,121.1,0,380.6
81.65,2.762,30.08,2262.0,65.04,1892.3,manha,compressor,2,117.2,0,375.6
74.8,2.689,26.37,1388.0,60.79,750.6,tarde,esteira,3,26.0,0,908.1
76.76,2.562,30.53,1434.0,60.67,2754.7,manha,esteira,3,112.9,0,561.1
75.79,3.331,31.51,1414.0,52.84,4535.9,noite,prensa,4,20.0,0,609.5
81.81,2.807,34.5,2185.0,73.5,5379.8,tarde,compressor,5,19.6,0,616.3
73.88,2.011,26.36,1906.0,54.93,2188.0,noite,compressor,2,56.7,0,609.7
79.44,2.58,31.48,2371.0,62.53,2426.4,tarde,CNC,0,39.3,0,612.2
95.78,4.428,39.55,2189.0,92.94,3822.0,noite,bomba,0,139.7,0,240.0
79.82,2.869,39.01,1259.0,90.15,2226.3,manha,prensa,2,10.7,0,827.7
82.94,3.423,36.73,1485.0,86.62,4771.0,tarde,esteira,7,57.2,0,513.8
78.37,2.769,33.8,2365.0,75.83,2353.3,tarde,bomba,4,102.1,0,427.8
88.79,3.792,36.97,2156.0,95.47,1347.4,noite,compressor,1,9.8,0,490.0
73.94,2.182,26.63,1247.0,45.52,2798.0,manha,prensa,0,41.2,0,501.7
81.69,3.131,36.11,2507.0,79.05,863.6,tarde,bomba,1,100.3,0,437.3
75.67,2.65,29.63,2731.0,66.62,2775.6,noite,CNC,4,53.3,0,573.6
79.47,2.724,31.67,1792.0,74.58,3095.9,manha,compressor,2,53.3,1,199.4
62.7,1.191,22.05,2630.0,18.4,1486.1,noite,CNC,2,107.3,0,836.1
72.59,2.297,33.16,2607.0,72.42,3023.9,manha,CNC,0,74.0,0,478.4
79.83,2.299,33.25,2701.0,60.98,2060.8,manha,CNC,1,31.2,0,796.2
80.07,3.197,30.72,2003.0,52.88,1445.2,tarde,compressor,1,155.4,0,466.5
88.87,3.928,35.97,2190.0,91.61,776.0,tarde,bomba,1,47.7,0,400.2
77.77,2.519,35.96,2164.0,72.23,937.0,manha,compressor,5,18.9,0,721.7
74.47,2.276,26.26,2145.0,38.57,5772.8,manha,compressor,2,55.3,0,574.8
74.94,2.159,33.18,1004.0,68.04,2008.2,manha,prensa,1,50.8,0,677.6
82.21,3.641,36.21,1705.0,93.51,3051.2,noite,esteira,0,72.3,0,513.3
92.88,3.59,37.74,2488.0,89.02,2176.7,noite,bomba,2,80.8,0,240.0
63.6,2.197,18.9,1952.0,13.69,5854.5,tarde,compressor,3,15.1,0,741.3
91.12,3.61,34.51,1081.0,97.81,1449.9,manha,prensa,3,44.8,0,240.0
79.76,2.684,35.69,2658.0,69.16,2554.7,tarde,CNC,3,74.4,0,388.9
78.65,3.904,33.62,2082.0,83.82,1780.9,noite,compressor,1,54.0,0,543.6
79.79,2.671,31.46,1299.0,70.77,4350.1,noite,prensa,3,36.8,0,474.1
78.3,2.535,29.13,2441.0,61.89,3031.9,manha,bomba,5,90.0,0,308.0
78.78,2.115,34.6,1579.0,65.85,2497.8,manha,esteira,3,89.5,0,324.2
69.95,2.428,33.32,2288.0,73.05,1030.4,noite,bomba,0,1.0,0,658.6
72.64,2.52,30.13,2332.0,55.84,7337.3,noite,bomba,3,63.0,0,510.8
66.02,1.691,21.76,2114.0,12.53,2216.2,manha,compressor,5,72.0,0,712.2
71.63,1.987,31.35,2621.0,60.26,1290.6,noite,CNC,2,45.0,0,438.0
85.79,2.529,34.38,2171.0,75.48,778.7,manha,compressor,2,59.2,0,402.3
78.2,1.95,33.31,2802.0,73.6,914.1,manha,CNC,1,47.6,0,790.3
68.46,2.103,26.19,1395.0,31.02,2483.2,noite,esteira,2,70.3,0,510.3
89.56,2.958,33.22,2052.0,82.8,4389.4,tarde,compressor,4,37.5,0,240.0
75.26,3.594,31.81,2328.0,77.74,2913.1,tarde,bomba,3,38.6,0,327.6
85.1,3.45,38.52,1455.0,94.25,813.5,noite,esteira,0,47.8,0,240.0
76.75,2.631,31.69,1287.0,66.56,2480.0,noite,esteira,3,71.5,0,483.9
85.94,3.775,34.67,2089.0,82.22,5153.4,manha,compressor,4,77.6,0,355.6
87.49,4.159,42.24,2398.0,92.01,1964.3,tarde,compressor,1,127.9,1,1.0
74.75,2.274,25.97,1294.0,51.62,2918.4,noite,prensa,2,20.9,0,659.3
70.27,2.841,35.34,2706.0,86.73,2019.4,tarde,bomba,5,8.2,0,944.8
85.76,3.49,34.79,1650.0,79.92,3305.4,noite,esteira,0,89.6,0,240.0
74.13,3.38,31.57,1139.0,71.05,1434.6,tarde,prensa,3,56.2,0,544.1
82.22,1.888,31.24,1613.0,72.81,134.2,manha,esteira,4,10.1,0,660.6
75.91,3.813,33.01,2760.0,77.45,1074.4,manha,CNC,1,47.2,0,581.9
69.41,1.933,30.34,2469.0,48.51,1808.5,noite,bomba,1,106.6,0,632.6
76.14,1.47,28.36,2552.0,55.98,2329.2,noite,CNC,3,37.5,0,950.8
80.98,3.613,34.56,2428.0,77.55,1855.5,manha,bomba,1,62.6,0,335.1
79.52,3.008,30.54,1468.0,66.96,1831.6,manha,prensa,4,31.5,0,524.8
71.07,2.257,26.61,2194.0,38.76,4410.8,noite,bomba,1,23.0,0,734.2
76.84,3.189,32.2,2202.0,58.98,1200.5,manha,compressor,3,96.4,0,240.0
67.69,1.776,24.62,2811.0,38.22,2490.2,manha,CNC,3,34.3,0,752.8
82.29,2.091,34.67,1019.0,73.74,853.5,noite,prensa,1,43.6,0,465.8
67.32,2.086,24.37,2548.0,36.54,3707.2,noite,CNC,1,55.3,0,784.8
71.94,1.977,26.63,2610.0,44.78,2868.3,noite,CNC,2,31.1,0,904.7
84.48,3.891,38.02,2620.0,92.47,7256.6,tarde,CNC,0,221.8,0,240.0
81.02,2.657,33.71,2634.0,73.99,1167.9,manha,CNC,5,88.4,0,240.0
86.85,3.276,37.14,1974.0,88.54,6015.5,noite,compressor,2,17.2,0,404.9
78.4,2.594,29.2,2399.0,70.55,1281.5,manha,bomba,2,101.7,0,354.7
84.62,2.958,28.66,2136.0,62.69,1954.6,manha,compressor,2,63.8,0,464.4
80.62,2.794,25.63,2618.0,55.1,961.7,noite,CNC,4,69.0,0,742.5
69.34,2.214,17.82,2824.0,17.2,7202.9,tarde,CNC,1,48.4,0,543.2
75.1,1.274,26.39,2075.0,37.78,3131.7,noite,compressor,2,43.0,0,798.1
74.71,2.154,27.16,2717.0,50.54,3151.7,manha,CNC,1,101.8,0,440.0
73.05,1.747,26.58,2282.0,51.21,1364.1,noite,bomba,1,22.6,0,428.4
77.91,3.236,33.39,2676.0,59.01,370.5,tarde,CNC,2,116.6,0,270.4
89.9,3.158,40.53,1993.0,94.85,1903.6,tarde,compressor,1,58.4,0,240.0
69.02,1.249,20.8,2030.0,31.97,1677.8,noite,compressor,2,16.0,0,514.4
80.72,2.985,31.01,2312.0,71.22,594.6,tarde,compressor,2,12.6,0,607.1
77.56,2.669,29.82,2571.0,68.26,1985.4,tarde,CNC,4,31.9,0,648.2
84.65,4.244,35.77,2569.0,85.45,2493.1,tarde,CNC,5,36.0,0,430.9
73.98,1.446,24.69,1303.0,49.6,3258.9,noite,esteira,1,13.1,0,654.5
82.47,3.219,35.37,2509.0,91.08,420.9,noite,CNC,3,74.3,0,512.2
68.94,1.62,24.98,2177.0,34.48,1005.6,tarde,bomba,2,82.1,0,491.1
76.32,2.121,30.17,2552.0,62.86,1397.3,manha,bomba,3,79.2,0,719.8
75.29,2.714,27.89,2090.0,61.71,4523.1,manha,compressor,3,95.3,0,263.9
90.91,2.966,36.23,2152.0,84.67,4473.4,noite,compressor,4,38.3,0,323.7
66.74,2.274,25.95,1561.0,43.61,3030.6,noite,esteira,2,67.1,0,464.5
87.18,3.066,35.27,1359.0,82.78,1962.9,noite,esteira,2,94.7,0,254.6
78.44,3.291,32.19,2716.0,83.76,4685.0,manha,CNC,2,74.9,0,383.4
76.8,3.786,35.92,2036.0,77.8,2810.7,tarde,compressor,3,62.9,0,343.2
83.38,3.769,33.82,2656.0,81.75,4535.2,noite,CNC,1,119.4,0,346.8
85.68,3.688,33.0,1704.0,82.3,3114.4,noite,compressor,3,41.2,0,381.0
83.03,2.967,35.53,2254.0,85.03,665.2,manha,bomba,4,40.9,0,455.8
75.32,2.288,27.39,2565.0,41.83,365.3,tarde,CNC,3,58.3,0,749.6
75.39,3.23,32.59,2123.0,65.91,1836.6,manha,compressor,2,58.1,1,208.0
82.04,2.356,33.77,1017.0,63.98,3974.1,tarde,prensa,1,56.6,0,319.6
61.32,1.629,23.05,2968.0,36.51,1663.4,manha,CNC,4,14.1,0,848.6
82.46,3.668,32.36,2190.0,84.43,5208.5,manha,compressor,0,103.0,0,619.6
76.4,2.69,31.34,1672.0,71.55,3765.9,manha,esteira,3,67.0,0,544.9
75.7,2.27,27.45,2825.0,75.26,4946.2,noite,CNC,3,4.4,0,655.1
85.42,3.405,34.73,2720.0,88.86,1870.1,noite,CNC,2,9.4,0,757.1
84.88,4.281,36.87,2447.0,94.42,1229.8,noite,CNC,2,118.7,0,419.3
70.13,2.516,21.32,1311.0,24.17,1103.9,tarde,prensa,3,35.4,0,491.2
82.8,2.565,33.7,2571.0,71.74,3291.0,tarde,CNC,3,55.4,0,457.8
71.14,2.67,29.5,2647.0,59.28,713.5,manha,CNC,2,23.9,0,738.0
81.85,3.328,33.84,2674.0,73.22,751.4,tarde,CNC,3,231.3,0,240.0
71.84,2.297,28.21,2588.0,50.11,1598.3,manha,CNC,0,49.7,0,714.1
83.12,3.187,29.16,2320.0,69.47,2747.0,noite,bomba,2,36.7,0,495.3
80.23,3.935,36.34,2732.0,83.99,1413.4,noite,CNC,5,98.1,0,377.3
67.58,2.468,29.72,2290.0,66.45,4479.1,noite,bomba,1,20.8,0,785.6
78.18,2.826,32.35,2317.0,69.55,4986.9,manha,bomba,3,106.9,0,465.1
67.97,2.771,29.42,1528.0,56.68,234.6,tarde,esteira,2,46.2,0,667.9
68.09,2.551,26.01,2698.0,50.68,3150.1,manha,CNC,5,85.6,0,472.6
77.91,1.291,31.67,1612.0,76.29,1668.8,manha,esteira,3,63.8,0,693.4
73.76,2.985,32.0,2305.0,70.55,4079.4,tarde,bomba,3,44.0,0,413.1
76.39,2.087,29.16,2445.0,60.94,3214.5,tarde,CNC,0,14.0,0,532.6
77.54,2.916,38.95,1661.0,88.05,2668.5,noite,esteira,1,57.9,0,284.8
90.34,2.883,34.41,1235.0,79.99,2214.2,manha,esteira,3,28.3,0,539.4
85.2,2.117,32.02,2695.0,79.12,754.3,noite,CNC,2,56.7,0,706.0
77.64,3.639,34.87,1162.0,62.54,7856.5,noite,prensa,0,92.3,0,253.9
83.37,2.781,37.78,2095.0,91.26,997.0,tarde,compressor,1,74.9,0,504.9
75.44,2.299,30.22,2432.0,62.38,6052.8,noite,bomba,2,3.3,0,741.7
83.89,3.147,36.65,1198.0,75.08,3586.9,manha,prensa,3,40.9,0,733.5
81.99,2.652,36.14,2065.0,84.18,1725.0,noite,compressor,1,32.6,0,337.8
65.74,1.52,26.8,1571.0,49.86,1556.7,noite,esteira,2,35.8,0,736.8
68.47,2.711,24.41,2113.0,49.38,728.7,noite,compressor,3,60.6,0,845.8
72.13,2.471,23.79,1159.0,55.21,2458.2,noite,esteira,2,37.2,0,420.5
75.29,2.527,35.45,2414.0,75.35,704.6,tarde,bomba,2,28.0,0,738.0
87.77,3.743,38.44,2719.0,95.23,4627.8,noite,CNC,4,18.1,0,512.8
65.29,4.349,26.63,1983.0,47.31,2832.9,tarde,compressor,5,39.4,0,668.0
82.44,2.387,32.25,2123.0,69.83,2357.6,manha,compressor,3,87.8,0,668.5
71.7,1.48,27.6,2761.0,47.02,2549.8,manha,CNC,3,90.7,0,762.9
74.91,3.624,35.12,2634.0,78.97,2902.7,noite,CNC,2,64.6,0,530.3
80.46,2.208,31.29,2121.0,71.73,1931.6,tarde,compressor,1,7.6,0,675.8
82.7,3.118,34.26,2461.0,77.44,2102.5,tarde,CNC,2,60.4,0,372.5
78.58,3.666,32.87,2555.0,68.54,6425.2,noite,CNC,4,127.7,0,240.0
71.7,1.989,25.11,1589.0,44.54,4363.8,tarde,esteira,0,19.5,0,746.2
67.55,2.429,24.22,1460.0,57.64,3496.7,tarde,esteira,3,38.2,0,505.6
64.45,3.2,26.83,1450.0,56.88,1725.3,tarde,esteira,6,88.4,0,529.1
81.45,2.677,32.67,2171.0,83.11,512.7,tarde,compressor,2,8.7,0,849.6
66.84,2.883,26.94,1274.0,35.67,3259.4,noite,prensa,2,38.8,0,656.9
82.47,3.092,35.23,2395.0,93.53,2545.3,tarde,bomba,1,146.1,0,240.0
81.86,3.224,29.56,2397.0,66.58,2072.4,tarde,CNC,5,135.8,0,240.0
80.14,3.295,29.73,2651.0,64.43,2287.2,noite,CNC,3,136.5,0,259.7
82.93,2.503,33.23,2205.0,66.8,1041.2,tarde,bomba,6,39.3,0,722.8
77.35,3.167,30.64,2581.0,54.8,1272.2,noite,CNC,1,118.0,0,471.9
85.16,3.195,33.68,2626.0,84.1,4368.9,manha,bomba,2,61.9,0,374.1
80.75,3.329,35.47,1312.0,88.88,400.3,noite,prensa,3,27.1,0,345.2
68.72,2.362,30.56,2689.0,66.32,4011.0,tarde,CNC,0,33.5,0,595.0
90.85,2.792,37.71,2502.0,80.73,5342.8,manha,CNC,1,71.0,1,1.0
75.39,1.916,24.2,1454.0,51.64,3218.5,tarde,prensa,0,7.9,0,946.4
75.64,1.865,22.24,2438.0,37.49,3124.3,tarde,bomba,3,47.4,0,692.6
64.37,1.535,29.37,2349.0,36.77,1264.2,tarde,CNC,3,57.4,0,640.4
80.7,3.596,32.24,1134.0,58.02,1401.1,noite,prensa,1,80.0,0,432.5
75.01,2.206,26.11,1301.0,55.47,1821.5,manha,prensa,1,10.7,0,712.0
82.77,2.655,39.65,2388.0,75.49,884.9,manha,bomba,1,47.8,0,403.9
74.62,1.856,28.5,2533.0,47.94,1329.7,manha,bomba,2,95.8,0,599.6
86.21,4.664,36.55,2421.0,88.34,2539.6,tarde,CNC,3,170.6,0,240.0
71.48,2.013,29.27,2686.0,43.87,1748.9,tarde,CNC,2,27.1,0,492.2
82.66,3.12,33.31,2267.0,83.5,2678.7,noite,bomba,2,117.5,0,249.0
85.79,3.094,32.19,2058.0,72.11,4359.5,noite,compressor,0,92.3,0,240.0
77.87,3.024,33.12,2289.0,74.58,2666.0,manha,bomba,2,129.9,0,456.9
60.88,1.423,23.04,1548.0,27.41,3145.4,manha,esteira,2,8.4,0,685.1
80.92,2.407,35.11,2833.0,80.47,694.9,manha,CNC,3,83.3,0,421.9
85.17,3.67,34.6,2145.0,78.86,4314.3,tarde,bomba,0,115.7,0,240.0
79.13,2.227,32.31,2926.0,74.51,679.9,manha,CNC,3,52.3,0,597.1
77.25,3.022,34.25,1972.0,78.73,1668.3,tarde,esteira,4,42.1,0,376.6
81.46,2.069,32.05,2583.0,66.45,1080.0,noite,CNC,1,57.8,0,420.7
88.08,3.468,37.35,2550.0,93.37,515.3,tarde,bomba,1,109.8,0,240.0
70.24,1.753,27.4,2537.0,52.23,2580.9,manha,bomba,0,28.3,0,591.8
64.42,1.785,22.48,2192.0,30.74,3309.5,manha,compressor,0,26.6,0,929.0
82.71,3.356,33.11,2288.0,88.19,5422.4,tarde,bomba,2,5.6,0,253.0
66.34,2.549,28.27,1396.0,42.43,2811.5,tarde,esteira,2,48.6,0,553.7
76.05,3.513,35.11,2356.0,78.04,1324.0,manha,bomba,7,16.2,0,481.6
86.06,3.224,38.72,1446.0,91.92,1721.2,noite,esteira,2,49.3,0,587.7
76.15,2.209,24.98,1103.0,46.68,584.5,tarde,prensa,2,23.9,0,645.8
76.82,2.237,29.71,1991.0,62.35,1843.9,tarde,compressor,1,34.7,0,597.7
81.56,2.138,34.98,2532.0,84.03,2335.9,manha,bomba,2,39.1,0,767.0
81.44,3.54,36.94,2826.0,88.89,3226.0,manha,CNC,1,59.6,0,424.5
68.26,2.194,26.49,1392.0,54.43,3753.7,manha,esteira,1,63.0,0,688.0
78.14,2.491,33.39,2722.0,60.04,3162.5,manha,bomba,2,44.2,0,356.1
73.77,2.609,33.74,1907.0,69.04,1226.2,tarde,compressor,3,37.5,0,497.3
81.69,2.797,37.35,2496.0,92.47,986.9,tarde,CNC,0,34.3,0,709.7
72.99,2.888,30.04,996.0,57.53,3595.2,noite,prensa,0,12.4,0,730.0
85.35,4.131,33.89,1809.0,77.78,499.8,noite,compressor,6,109.9,0,446.7
77.35,2.255,30.28,2534.0,68.4,6932.7,manha,bomba,1,27.2,0,576.3
75.66,1.827,27.3,2594.0,70.62,1411.7,manha,CNC,2,53.6,0,846.0
81.16,2.553,31.16,1222.0,55.63,4664.7,noite,prensa,1,18.7,0,518.2
88.36,2.783,34.55,2575.0,78.87,1592.6,noite,CNC,2,82.0,0,312.7
81.01,3.457,34.77,2452.0,70.78,3356.4,noite,CNC,4,54.7,0,536.6
78.44,2.823,34.34,1291.0,76.74,1013.5,manha,esteira,1,66.4,0,427.8
73.52,3.344,30.01,962.0,60.42,2424.8,manha,prensa,0,18.1,0,394.2
70.09,2.666,25.79,2602.0,40.8,617.5,manha,CNC,5,68.6,0,610.9
74.22,2.85,30.66,2134.0,69.67,2903.6,noite,compressor,0,8.7,0,716.7
85.1,2.872,33.7,1386.0,89.17,1000.4,tarde,esteira,2,31.4,0,587.9
81.9,3.057,35.04,1215.0,94.29,1119.6,tarde,esteira,1,20.2,0,429.5
75.0,2.364,28.83,2184.0,62.91,1782.2,tarde,compressor,2,54.1,0,618.1
62.06,2.068,18.64,2493.0,11.62,2028.8,manha,bomba,4,114.8,0,470.8
79.97,3.271,33.45,1299.0,70.25,3228.9,tarde,esteira,1,76.4,0,240.0
85.46,3.243,38.91,1277.0,96.01,3037.4,manha,esteira,4,130.4,0,277.6
71.41,2.292,27.05,1598.0,63.54,2584.7,tarde,esteira,1,55.8,0,507.9
71.34,3.287,33.62,2095.0,70.89,4003.6,noite,bomba,1,83.1,0,447.8
75.17,3.386,28.95,2417.0,54.24,2986.3,tarde,CNC,2,100.5,0,539.7
74.36,2.23,27.56,1379.0,41.65,3117.4,manha,prensa,1,99.8,0,411.1
60.41,1.582,22.01,1451.0,22.54,1112.3,noite,esteira,2,17.3,0,827.5
64.04,1.9,20.68,1502.0,36.28,4185.1,tarde,esteira,3,26.7,0,771.0
80.85,3.334,36.34,2426.0,87.71,3886.9,manha,CNC,4,93.1,0,240.0
86.35,2.862,40.54,2714.0,94.38,2662.5,manha,CNC,3,131.4,0,240.0
70.43,2.056,28.17,1493.0,65.92,3804.1,tarde,esteira,1,25.2,0,831.9
67.34,1.699,25.22,2770.0,48.33,2308.4,manha,CNC,5,28.2,0,790.3
81.39,3.276,30.06,1105.0,77.65,5580.9,manha,prensa,2,75.8,0,257.3
82.31,2.318,28.25,1921.0,53.77,2513.0,manha,compressor,0,37.5,0,490.7
91.29,2.523,32.57,1449.0,85.13,2259.1,manha,esteira,4,96.9,0,240.0
87.87,3.159,32.85,1072.0,78.78,2999.5,tarde,prensa,4,80.3,0,303.9
72.05,3.374,22.35,1931.0,21.19,6253.3,tarde,compressor,2,105.7,0,482.5
74.73,2.77,36.19,1952.0,81.12,1626.9,manha,compressor,1,41.8,0,392.8
89.9,2.593,29.88,2217.0,75.79,2881.5,tarde,bomba,0,35.9,0,792.6
78.18,2.412,30.9,2499.0,69.07,1708.8,manha,bomba,4,28.6,0,626.0
72.92,2.612,28.4,2083.0,54.38,2257.3,manha,compressor,2,129.4,0,400.9
80.68,1.292,26.99,2280.0,46.74,1319.9,manha,bomba,1,18.1,0,1003.7
82.13,3.928,36.33,1437.0,80.78,3068.2,noite,prensa,4,16.2,0,559.6
80.85,1.992,31.99,1951.0,59.96,2385.3,noite,compressor,1,57.0,0,360.4
84.53,2.59,39.15,2711.0,93.73,3757.0,tarde,CNC,2,35.4,0,255.1
85.63,3.706,34.42,1675.0,75.81,4373.8,manha,compressor,1,101.1,1,1.0
73.29,1.348,24.74,2025.0,37.05,4762.6,manha,compressor,0,15.0,0,731.8
86.44,3.404,35.16,2382.0,87.6,1753.7,manha,CNC,0,45.1,0,328.3
88.22,3.464,37.42,2508.0,87.42,3003.0,noite,CNC,0,10.2,0,350.4
78.13,2.355,29.78,2423.0,67.4,4940.8,manha,bomba,2,39.9,0,839.9
81.22,2.989,31.24,2093.0,71.88,1313.0,noite,compressor,1,56.1,0,652.7
78.46,2.803,32.77,1112.0,67.5,2546.0,tarde,prensa,2,49.9,0,276.9
69.2,1.997,29.83,2641.0,53.94,1374.9,tarde,CNC,1,47.5,0,530.0
77.53,2.928,32.32,2611.0,71.14,6205.4,noite,CNC,2,80.8,0,375.9
70.34,2.133,28.97,1412.0,52.4,4908.0,manha,esteira,3,24.0,0,627.0
88.2,3.066,34.06,1270.0,78.84,3315.1,noite,prensa,2,67.3,0,240.0
82.85,3.242,33.69,2630.0,77.95,3284.1,manha,CNC,5,46.2,0,335.7
74.34,2.401,30.19,2561.0,58.2,1466.7,noite,CNC,1,40.4,0,657.9
76.71,3.074,28.88,2830.0,62.44,5245.3,tarde,CNC,1,72.4,0,355.1
76.37,2.765,35.65,2320.0,80.86,1968.4,manha,bomba,3,59.2,0,769.0
80.94,3.635,34.91,1896.0,83.75,1566.2,noite,compressor,1,70.2,0,460.0
81.07,3.657,30.84,2681.0,65.04,4512.8,manha,CNC,3,164.7,0,240.0
75.22,1.59,30.19,2716.0,60.65,1849.2,manha,CNC,2,45.8,0,817.5
86.89,3.271,38.64,2112.0,91.74,1610.3,noite,bomba,3,16.7,0,571.0
81.89,2.823,30.44,947.0,81.41,3885.0,tarde,prensa,2,24.6,0,475.7
80.23,2.678,28.42,2407.0,64.49,1050.0,noite,bomba,1,128.6,0,240.0
68.86,2.645,31.46,2287.0,59.56,3339.3,tarde,bomba,2,39.2,0,558.8
78.85,3.219,35.58,2639.0,81.72,2563.9,tarde,CNC,1,80.5,0,304.1
84.01,3.033,34.53,2556.0,84.49,3696.8,manha,CNC,1,49.8,0,374.4
83.64,3.479,35.65,2124.0,83.75,3124.0,manha,compressor,4,21.2,0,346.4
84.83,3.294,35.18,1531.0,79.23,8450.0,noite,esteira,2,58.7,0,383.8
87.43,2.641,39.99,1244.0,92.46,2711.8,manha,esteira,4,29.9,0,573.2
83.11,3.227,31.29,1093.0,68.2,1845.5,tarde,prensa,3,33.0,0,630.1
79.58,2.908,30.51,1426.0,48.7,2393.6,manha,prensa,1,50.0,0,644.6
78.88,2.269,28.12,1286.0,44.61,3104.0,manha,prensa,3,12.0,0,718.8
75.19,2.653,26.6,1260.0,52.36,6007.4,tarde,prensa,2,79.2,0,385.4
92.47,2.82,34.76,2909.0,85.37,3467.2,noite,CNC,0,36.0,0,497.1
92.24,3.763,36.26,2758.0,75.25,1413.5,noite,CNC,1,86.5,0,262.9
88.14,4.48,40.73,1930.0,94.16,15131.1,noite,compressor,2,84.4,0,240.0
79.91,3.136,34.87,2217.0,83.66,4269.3,manha,bomba,1,44.6,0,533.3
83.0,3.189,36.82,2795.0,80.94,1357.5,tarde,CNC,4,56.1,0,324.9
79.67,1.45,34.32,1675.0,78.56,1118.1,manha,esteira,4,67.8,0,580.0
75.73,2.606,35.3,2416.0,86.78,972.7,noite,bomba,2,39.0,0,716.3
63.95,2.879,24.93,2668.0,37.48,2316.6,manha,bomba,3,9.5,0,623.1
87.77,2.199,35.45,2657.0,97.13,2377.4,tarde,CNC,2,58.3,0,392.7
71.5,1.743,26.19,2642.0,45.84,1543.0,manha,CNC,1,100.2,0,545.8
84.26,2.746,34.28,2808.0,84.05,870.5,noite,CNC,1,29.1,0,801.1
86.99,2.367,35.59,1562.0,76.88,1135.8,noite,esteira,2,89.7,0,494.6
77.46,2.725,35.63,2489.0,84.98,3508.4,noite,bomba,3,18.9,0,632.8
80.15,1.556,27.76,1254.0,52.83,1989.9,manha,esteira,1,42.4,0,745.8
83.31,2.592,31.62,2123.0,54.7,1227.9,noite,compressor,6,47.2,0,469.5
72.08,3.039,28.37,2012.0,66.63,2558.4,manha,compressor,5,50.7,0,347.9
73.89,2.968,29.85,2017.0,67.95,2861.0,manha,compressor,3,25.7,0,589.6
80.87,2.56,39.2,1487.0,92.88,3050.7,manha,esteira,1,19.1,0,272.7
62.97,2.287,25.2,1434.0,35.95,2499.5,manha,esteira,4,43.6,0,729.9
74.1,2.437,23.24,2728.0,43.73,2267.7,tarde,CNC,3,73.8,0,648.3
81.7,3.342,32.75,1077.0,69.37,4729.8,manha,prensa,1,28.7,0,349.3
77.06,2.71,28.49,2420.0,65.07,1169.2,tarde,CNC,4,46.3,0,637.7
89.85,3.743,36.11,1139.0,89.74,2084.2,tarde,prensa,4,164.8,0,395.8
75.25,2.478,30.91,2818.0,60.58,569.1,noite,CNC,4,61.6,0,589.9
81.9,3.04,33.79,2577.0,77.52,1913.4,tarde,CNC,3,43.4,0,446.1
87.97,3.398,34.84,1474.0,83.29,2669.6,tarde,esteira,1,49.4,0,545.3
72.25,3.324,30.8,2552.0,72.87,3862.6,manha,CNC,1,145.2,0,273.8
86.96,3.603,39.76,2384.0,92.3,584.0,noite,compressor,0,75.5,1,87.7
80.0,3.009,32.6,2212.0,65.93,2621.6,manha,compressor,3,30.0,0,645.7
85.14,2.706,34.41,2515.0,87.14,6518.2,manha,CNC,0,79.9,0,261.0
79.22,1.941,33.67,1499.0,77.74,3187.6,manha,esteira,2,22.5,0,503.2
87.61,3.106,36.2,1404.0,92.12,1020.0,tarde,esteira,4,54.8,0,281.5
69.05,1.831,25.53,1742.0,47.59,1915.6,manha,esteira,0,111.3,0,836.1
97.77,3.584,39.4,1846.0,97.86,3249.4,tarde,compressor,2,55.2,0,327.6
61.64,1.873,27.64,2299.0,36.77,1591.3,manha,bomba,3,21.2,0,904.2
84.29,4.13,32.92,2749.0,80.81,2807.9,tarde,CNC,2,51.6,1,15.7
75.04,2.631,29.31,2833.0,51.99,2709.2,tarde,CNC,3,110.8,0,568.4
78.87,1.675,34.16,2661.0,71.48,2295.5,manha,CNC,1,28.3,0,390.7
80.64,2.86,31.92,1195.0,63.08,942.2,tarde,prensa,2,79.2,0,369.2
76.0,3.401,32.4,1214.0,62.3,1478.6,tarde,prensa,2,114.7,0,370.4
90.04,3.69,37.09,1467.0,93.55,6894.5,tarde,esteira,2,66.8,1,1.0
91.0,3.29,37.44,2667.0,88.37,1835.4,manha,bomba,2,53.1,0,533.1
66.39,1.599,24.33,2473.0,34.75,1981.2,tarde,bomba,2,30.2,0,855.2
73.99,2.295,28.59,2371.0,66.81,1974.6,manha,bomba,2,33.2,0,529.1
83.87,2.403,30.77,2448.0,72.76,3807.4,manha,bomba,3,43.1,0,579.7
82.45,2.551,33.36,2192.0,63.7,2044.2,manha,compressor,2,80.4,0,572.8
72.74,3.07,28.77,2452.0,59.63,2328.0,tarde,CNC,3,189.6,0,240.0
87.28,3.644,36.91,2673.0,94.02,2622.6,manha,CNC,2,28.6,0,377.2
84.05,4.397,34.43,1214.0,71.67,4056.4,tarde,prensa,1,73.7,0,240.0
83.87,3.34,35.71,2220.0,87.54,2334.7,manha,bomba,1,98.0,0,431.8
81.48,2.905,30.51,1170.0,54.05,2492.7,noite,prensa,3,52.5,0,576.2
58.5,0.756,20.72,2586.0,21.03,1642.6,manha,CNC,7,51.0,0,582.4
74.22,2.82,33.75,2338.0,88.88,2847.0,tarde,bomba,1,14.9,0,964.4
88.76,4.002,38.33,2860.0,87.68,3342.5,noite,CNC,0,58.3,0,240.0
78.64,3.111,32.68,2633.0,80.45,3478.6,tarde,CNC,2,49.4,0,404.3
79.66,2.916,35.02,2669.0,71.53,6294.8,manha,CNC,3,40.0,0,457.2
79.4,4.518,37.04,2714.0,87.78,1408.8,tarde,CNC,4,64.9,0,435.7
85.68,3.596,33.91,1227.0,81.1,2394.6,noite,prensa,0,24.1,0,411.7
81.57,3.265,34.28,2028.0,72.67,2052.8,noite,compressor,1,28.0,0,470.6
76.57,2.739,29.56,2571.0,63.07,5657.0,manha,bomba,2,59.2,0,441.5
70.63,3.052,25.08,2218.0,44.16,3556.7,noite,compressor,2,128.5,0,258.9
74.65,3.478,29.93,2218.0,57.1,747.0,manha,compressor,1,45.6,0,729.3
70.75,3.08,27.15,2398.0,40.98,1551.9,manha,bomba,2,52.6,0,485.2
70.0,2.073,27.66,2696.0,47.92,1900.0,tarde,CNC,2,51.4,0,635.4
71.25,1.596,26.79,1155.0,52.33,831.9,tarde,prensa,2,23.3,0,687.2
74.19,2.371,27.38,1536.0,62.9,2506.2,tarde,esteira,3,41.7,0,632.4
80.8,3.03,32.55,1356.0,74.93,1689.9,noite,esteira,4,57.3,0,519.1
87.11,4.331,33.32,2140.0,83.02,6451.4,manha,compressor,3,56.5,0,410.0
92.25,3.486,38.49,2827.0,98.31,2833.3,tarde,CNC,0,68.3,0,298.8
70.97,2.059,26.58,1111.0,44.68,1852.6,manha,prensa,2,22.5,0,784.6
77.74,2.885,30.01,2333.0,52.02,1223.0,manha,compressor,0,32.2,0,531.4
68.45,1.839,30.04,2756.0,56.1,2269.7,manha,CNC,0,12.0,0,763.3
78.77,2.979,29.83,1913.0,48.38,5381.6,noite,compressor,3,116.8,0,240.0
78.65,2.539,32.83,1560.0,75.2,2067.6,tarde,esteira,1,37.6,0,383.7
85.12,2.505,29.98,2604.0,62.65,2282.1,manha,bomba,1,61.2,0,599.0
72.39,3.068,30.98,1668.0,63.42,4380.4,tarde,esteira,1,50.6,0,587.5
76.49,3.098,36.35,1674.0,88.26,2784.7,noite,esteira,3,5.6,0,610.2
75.65,2.528,33.14,2599.0,71.82,3763.1,noite,CNC,0,19.1,0,640.7
73.39,2.552,33.14,1110.0,56.9,2952.6,tarde,prensa,2,49.1,0,394.5
80.88,4.194,33.04,2070.0,66.23,2855.4,manha,compressor,1,73.0,0,288.7
63.88,1.426,27.02,2422.0,37.98,716.2,tarde,bomba,2,69.3,0,746.9
74.38,1.433,26.52,2641.0,54.52,1106.8,noite,CNC,1,16.9,0,895.1
81.3,2.439,31.88,1154.0,76.65,2609.3,noite,prensa,3,23.2,0,443.8
78.44,2.75,26.76,1943.0,50.59,1301.4,noite,compressor,1,65.3,0,809.6
65.69,2.294,19.56,2731.0,12.78,2271.2,tarde,CNC,2,68.9,0,343.8
74.84,2.155,26.74,2019.0,45.24,1036.1,manha,compressor,2,16.1,0,902.4
78.89,2.525,30.71,2727.0,60.66,4400.9,tarde,CNC,3,65.1,0,410.2
72.38,1.65,27.38,2619.0,32.99,1408.6,manha,CNC,3,48.8,0,816.6
75.24,2.11,34.57,2394.0,83.62,1220.5,manha,bomba,3,42.7,0,479.1
80.15,4.281,36.56,1882.0,84.87,875.1,tarde,compressor,3,130.9,0,446.5
77.46,2.677,30.89,1283.0,62.79,3456.0,tarde,prensa,1,45.7,0,326.2
84.32,3.345,37.76,2035.0,84.02,2269.3,noite,compressor,1,34.3,0,590.7
71.96,3.062,31.24,1344.0,62.84,4308.7,noite,esteira,1,83.7,0,457.7
78.76,3.426,29.04,2031.0,54.47,1650.0,noite,compressor,3,81.5,0,494.7
72.8,2.737,32.89,2264.0,66.13,1086.3,noite,bomba,1,112.9,0,503.3
77.42,2.387,33.29,2185.0,70.43,2206.9,tarde,bomba,2,78.1,0,583.4
77.58,2.912,31.36,2150.0,57.03,4803.0,manha,compressor,2,76.1,0,356.8
72.49,2.126,25.59,1100.0,38.89,702.5,tarde,prensa,1,51.6,0,742.0
83.6,3.417,35.83,2069.0,78.95,2747.1,manha,compressor,0,179.4,0,240.0
85.48,2.296,34.09,2951.0,80.02,2914.5,manha,CNC,1,24.2,0,596.9
80.38,2.726,25.85,2253.0,49.86,5255.3,manha,bomba,2,70.2,0,621.8
81.26,2.931,30.8,1599.0,69.21,1339.8,noite,esteira,1,22.1,0,675.3
82.9,3.342,31.65,2597.0,60.97,666.3,noite,CNC,4,51.5,0,680.1
80.27,2.365,30.34,2105.0,54.74,1758.1,noite,compressor,5,50.5,0,591.9
82.49,3.787,31.07,989.0,69.82,3732.1,noite,prensa,1,51.4,0,342.3
79.63,2.453,39.41,1569.0,93.07,2360.0,noite,esteira,1,11.1,0,710.4
74.91,2.769,28.66,1253.0,62.88,3097.7,manha,prensa,3,37.5,0,572.1
84.77,3.753,32.3,2641.0,68.34,1135.0,noite,bomba,3,199.7,1,1.0
62.82,2.449,24.15,2129.0,39.76,1990.2,noite,bomba,3,55.5,0,676.9
87.15,3.887,33.36,1980.0,70.91,2413.7,noite,compressor,6,95.1,0,522.8
77.81,2.424,30.81,1302.0,74.97,784.1,manha,prensa,0,65.0,0,240.0
70.74,2.698,20.96,2132.0,33.12,2405.0,manha,compressor,6,166.9,0,524.3
83.44,2.78,33.28,1486.0,81.95,1874.2,noite,esteira,1,65.5,0,418.1
72.07,3.125,24.51,2190.0,27.38,9421.7,manha,compressor,3,55.7,0,521.2
76.63,2.526,33.43,2428.0,75.27,2302.0,manha,bomba,2,18.2,0,479.6
67.64,2.326,24.37,1528.0,50.04,5419.6,tarde,esteira,4,18.9,0,591.3
80.11,3.198,40.0,2163.0,98.36,3084.1,manha,bomba,1,33.1,0,579.6
62.21,2.417,25.82,1320.0,40.5,2132.3,manha,prensa,2,44.7,0,794.4
82.81,2.447,31.51,2267.0,57.68,4964.6,noite,compressor,1,20.5,0,510.7
79.78,2.392,33.52,2270.0,80.03,1020.5,noite,bomba,0,55.3,0,792.4
79.95,3.008,31.3,2010.0,81.55,1732.7,noite,compressor,1,53.9,0,554.3
88.99,3.263,38.12,1829.0,80.87,3861.2,manha,compressor,4,141.3,0,240.0
68.29,2.43,23.89,2109.0,33.35,402.8,manha,compressor,0,154.0,0,468.0
77.05,3.312,34.74,2607.0,73.37,2255.1,tarde,CNC,2,83.8,0,362.7
75.36,1.715,24.63,2736.0,38.65,2243.2,tarde,CNC,2,85.4,0,815.9
78.72,2.488,29.75,2368.0,58.21,2693.7,manha,bomba,1,105.2,0,249.6
82.33,4.014,31.22,2371.0,80.8,2003.9,noite,bomba,1,65.8,0,405.4
78.68,2.338,30.95,2345.0,72.7,3770.6,noite,bomba,2,108.8,0,373.7
75.48,1.854,33.08,2695.0,61.11,1385.7,tarde,CNC,1,16.8,0,644.7
85.37,3.474,35.51,2044.0,75.04,4077.9,tarde,compressor,2,91.4,0,448.5
82.4,2.161,37.59,2715.0,83.91,1111.5,tarde,CNC,2,21.4,0,663.5
88.31,2.966,38.51,1698.0,95.4,2822.0,manha,esteira,3,23.9,0,412.6
78.97,3.985,35.47,1593.0,85.17,4629.4,manha,esteira,3,104.4,0,240.0
78.45,2.469,35.53,2889.0,77.14,1304.7,tarde,CNC,1,30.6,0,552.8
84.33,2.541,37.73,2256.0,87.16,1526.3,tarde,bomba,2,24.6,0,518.1
74.96,2.084,30.74,2521.0,61.28,4160.3,tarde,CNC,5,68.9,0,431.8
76.6,1.972,28.04,2793.0,50.07,2582.2,noite,CNC,3,28.2,0,909.0
88.52,2.891,38.81,2529.0,90.57,672.6,manha,CNC,2,24.6,0,744.5
78.16,3.654,29.62,2310.0,66.76,2642.8,manha,compressor,2,15.1,0,614.0
78.58,2.523,31.11,2342.0,68.43,3405.0,manha,bomba,1,36.5,0,537.9
74.5,2.66,25.35,1193.0,51.02,4259.5,manha,prensa,0,83.3,0,431.5
77.32,2.85,29.5,2576.0,66.82,2781.9,tarde,CNC,1,91.4,0,509.9
80.94,2.211,30.67,2394.0,60.99,3144.6,noite,bomba,3,43.1,0,762.1
79.4,2.311,35.19,1651.0,78.76,5727.0,noite,esteira,2,139.4,0,240.0
89.71,4.195,40.45,1366.0,89.0,3927.2,tarde,prensa,3,71.5,0,374.2
77.27,3.184,31.94,2632.0,70.91,1957.7,tarde,bomba,2,105.7,0,265.7
71.83,2.96,29.24,2959.0,61.53,2120.3,manha,CNC,2,33.4,0,687.3
91.34,3.609,38.54,2307.0,98.93,4521.5,tarde,bomba,2,40.6,0,282.4
88.1,3.858,37.26,1939.0,88.84,2747.9,manha,compressor,0,45.0,0,333.0
80.99,2.542,38.74,1240.0,82.98,2508.2,noite,prensa,4,40.2,0,240.0
82.28,3.091,35.51,2134.0,83.97,1919.0,tarde,compressor,3,6.4,0,635.1
65.44,2.207,19.48,2196.0,23.43,4422.9,manha,bomba,4,53.3,0,756.9
70.36,2.737,25.72,2752.0,37.6,1357.1,manha,CNC,4,65.1,0,724.0
85.06,3.674,37.87,1928.0,93.89,1735.3,manha,compressor,1,62.3,0,445.8
85.84,3.264,31.17,1390.0,65.97,4415.0,noite,esteira,5,149.2,0,251.2
83.51,3.891,36.49,2417.0,92.68,4384.1,manha,bomba,1,156.6,1,1.0
77.28,2.612,38.37,2118.0,79.0,7699.1,manha,compressor,1,11.3,0,392.3
79.68,2.826,30.74,1212.0,67.13,2260.4,manha,prensa,3,123.0,0,495.2
60.36,2.024,19.69,1498.0,31.01,1937.8,noite,esteira,4,143.9,0,569.2
70.12,2.736,26.63,2189.0,50.06,2063.6,tarde,compressor,2,7.9,0,624.7
77.84,3.158,32.55,2311.0,77.28,738.0,tarde,bomba,5,81.2,0,479.5
79.48,3.41,31.3,2457.0,78.36,463.6,manha,bomba,1,54.4,0,531.9
78.22,3.211,30.95,2358.0,66.68,2776.1,manha,bomba,2,139.3,0,240.0
82.86,3.202,35.73,2052.0,69.58,1845.1,noite,compressor,2,133.6,0,240.0
85.17,4.543,33.57,2690.0,87.58,1422.3,manha,CNC,4,248.4,0,240.0
74.0,2.12,25.89,1259.0,53.61,2486.4,manha,prensa,2,83.1,0,617.5
81.78,2.822,33.51,1405.0,67.92,2815.3,tarde,prensa,2,73.5,0,468.8
72.88,2.465,35.53,1454.0,91.08,2163.9,manha,esteira,3,28.1,0,539.6
81.63,2.353,32.56,1233.0,74.21,2199.1,manha,prensa,2,35.8,0,547.1
60.21,1.586,26.82,1309.0,40.1,1831.2,noite,esteira,1,75.9,0,442.6
70.39,1.805,25.79,1396.0,48.56,3555.8,tarde,esteira,1,34.5,0,338.5
76.64,2.424,27.66,1482.0,65.8,1658.3,manha,esteira,1,54.1,0,775.8
78.19,2.321,34.13,2493.0,72.42,1224.0,manha,bomba,3,12.9,0,651.7
81.36,3.392,34.94,1998.0,82.09,1781.9,noite,compressor,2,56.8,0,551.6
78.81,2.686,32.46,2529.0,72.65,2701.3,manha,CNC,0,9.1,0,589.1
70.26,1.558,23.58,2414.0,50.06,3681.5,manha,bomba,3,103.4,0,530.1
77.01,2.627,22.46,1826.0,32.54,6366.4,tarde,compressor,3,58.9,0,743.6
75.73,1.978,27.32,2442.0,49.61,2493.9,tarde,CNC,3,32.5,0,741.1
66.29,1.601,22.14,2263.0,35.65,5459.0,noite,bomba,5,46.8,0,558.0
82.12,2.726,32.64,2147.0,61.3,1567.7,manha,compressor,3,34.9,0,585.9
80.36,2.769,33.77,2551.0,78.08,1389.1,manha,CNC,2,26.7,0,691.8
74.89,2.818,33.33,1525.0,80.54,3061.0,tarde,esteira,2,38.5,0,539.5
82.73,2.965,35.14,1612.0,75.88,3331.3,tarde,esteira,2,38.7,1,93.0
78.73,1.989,26.52,2716.0,48.8,2647.6,manha,CNC,1,43.5,0,803.5
79.58,2.613,33.57,2840.0,72.98,9543.1,tarde,CNC,0,5.8,0,441.4
80.14,2.916,30.96,2084.0,62.81,1625.9,manha,compressor,0,108.6,0,351.0
84.62,3.212,37.68,1637.0,88.86,4875.2,noite,esteira,0,110.0,0,240.0
68.95,3.063,24.86,1604.0,35.03,1414.7,noite,esteira,1,51.0,0,749.2
81.93,3.031,31.49,2533.0,60.29,3487.1,tarde,CNC,1,161.3,0,246.1
85.06,2.883,34.35,1382.0,85.77,2429.1,noite,esteira,1,40.7,0,270.5
78.66,3.021,35.8,2635.0,92.82,2757.4,noite,CNC,3,55.8,0,549.9
83.81,2.984,36.13,1883.0,87.53,3080.2,manha,compressor,2,72.8,0,346.9
85.89,2.292,35.87,1203.0,79.5,2483.9,manha,prensa,0,54.7,0,597.4
71.94,2.267,30.32,2640.0,59.2,2194.1,tarde,CNC,1,32.6,0,577.2
72.25,2.031,28.35,2818.0,45.95,615.5,manha,CNC,1,53.0,0,690.8
78.48,3.561,32.4,1983.0,78.02,4018.4,tarde,compressor,3,16.7,0,519.3
81.22,2.468,30.97,2483.0,77.04,979.4,manha,bomba,1,26.9,0,674.4
85.29,3.226,34.79,1072.0,84.96,1859.4,noite,prensa,1,95.1,0,420.7
88.35,3.876,32.91,1251.0,76.95,2877.6,tarde,prensa,2,221.0,0,252.7
71.76,2.05,24.14,2856.0,42.41,1112.8,noite,CNC,2,31.7,0,866.8
75.9,3.363,34.03,2536.0,81.64,2192.6,tarde,CNC,0,45.3,0,530.2
84.87,3.136,29.63,1536.0,70.63,3757.7,manha,esteira,2,43.4,0,444.7
81.98,3.427,37.03,2955.0,97.94,1831.9,noite,CNC,0,61.5,0,319.6
90.35,2.566,30.96,1118.0,70.25,2215.5,manha,prensa,2,102.8,0,386.2
64.64,2.224,25.97,2223.0,55.23,1272.9,manha,bomba,2,57.5,0,738.8
84.14,3.142,34.45,2681.0,91.61,1972.9,manha,CNC,3,17.4,0,281.2
64.66,1.335,25.46,1404.0,52.29,999.3,tarde,esteira,0,33.7,0,877.3
86.09,2.718,34.1,2683.0,72.9,2678.0,manha,CNC,4,67.4,0,586.2
73.75,1.944,31.01,2217.0,67.12,835.6,manha,compressor,0,39.8,0,485.5
75.49,2.919,34.12,2278.0,79.53,1586.1,manha,bomba,1,41.0,0,408.6
85.17,2.681,37.16,2200.0,94.96,2442.1,manha,bomba,1,41.9,0,612.3
81.13,2.298,31.87,2543.0,62.61,2102.4,manha,bomba,2,50.1,0,644.0
74.1,1.95,26.5,2637.0,39.84,2972.8,tarde,bomba,2,25.2,0,782.4
72.92,1.976,28.1,1176.0,46.13,2219.9,manha,prensa,4,94.0,0,351.6
77.35,2.629,32.59,1447.0,73.4,613.6,manha,prensa,2,17.3,0,536.4
69.36,1.443,23.49,2634.0,31.62,1099.6,tarde,bomba,2,66.4,0,856.3
80.5,3.561,31.56,2734.0,78.14,2371.6,noite,CNC,2,35.3,0,510.8
69.06,2.606,23.79,1529.0,40.73,4334.1,manha,esteira,0,54.5,0,617.4
78.18,3.537,31.69,1280.0,60.17,3899.6,manha,prensa,2,120.3,0,600.9
92.78,4.177,36.22,2091.0,90.44,9399.4,manha,compressor,2,118.6,0,240.0
87.95,3.692,35.51,1742.0,85.26,1704.9,noite,compressor,5,101.2,0,320.8
90.73,3.398,35.9,2012.0,78.38,3685.0,manha,compressor,0,133.8,0,240.0
75.07,3.316,28.85,2396.0,52.93,3535.6,manha,CNC,2,199.4,0,270.6
71.65,3.392,27.16,2237.0,48.23,5575.5,tarde,bomba,3,94.2,0,434.1
75.05,2.313,27.14,2090.0,48.08,4736.2,manha,compressor,6,72.8,0,435.3
70.25,2.232,29.62,1524.0,53.9,2797.2,manha,esteira,1,25.5,0,564.1
72.39,1.306,23.75,1505.0,39.51,3342.9,manha,esteira,3,81.2,0,480.0
76.9,2.696,35.45,1485.0,84.89,2979.2,tarde,esteira,1,56.6,0,439.1
87.84,3.315,32.59,2004.0,71.67,2317.2,tarde,compressor,1,151.1,0,240.0
81.21,3.356,34.38,2047.0,73.83,3204.0,tarde,compressor,3,88.9,0,301.4
87.79,3.294,38.22,1709.0,92.86,2628.0,noite,esteira,3,21.1,0,451.3
86.68,3.081,32.56,1603.0,71.03,2561.6,manha,esteira,0,64.8,0,240.0
90.06,2.916,38.38,2212.0,87.8,5723.0,noite,bomba,1,96.4,0,406.4
78.76,3.103,30.67,1160.0,55.62,2829.4,noite,prensa,5,55.8,0,334.3
96.05,4.976,38.43,2625.0,99.08,2494.3,noite,CNC,5,196.0,0,240.0
75.6,2.456,31.56,1461.0,67.69,2141.9,noite,esteira,3,86.7,0,302.5
76.89,2.207,31.48,2735.0,64.91,2028.6,manha,CNC,1,26.2,0,584.2
79.03,2.958,37.23,2657.0,85.24,1076.9,manha,CNC,3,24.7,0,883.4
66.74,2.014,22.12,2435.0,39.27,2318.6,tarde,bomba,6,29.4,0,863.9
87.92,3.352,40.16,2784.0,96.08,4460.7,manha,CNC,3,36.8,0,286.4
80.85,3.556,30.68,2695.0,77.48,1673.0,tarde,CNC,3,54.0,0,603.7
76.2,3.77,28.39,2858.0,48.54,7131.0,manha,CNC,2,68.0,0,518.3
83.83,3.133,35.3,1970.0,78.59,421.7,manha,compressor,2,120.4,0,240.0
76.15,3.79,30.77,1367.0,67.7,3133.7,noite,esteira,2,94.5,0,467.2
81.73,2.547,33.4,2702.0,69.88,2686.9,tarde,CNC,1,41.9,0,755.7
76.04,3.172,29.41,2356.0,69.38,5665.5,tarde,bomba,1,42.2,0,620.2
81.08,2.392,32.52,1517.0,80.66,1556.8,manha,esteira,3,91.3,0,240.0
78.86,1.986,27.61,2711.0,58.55,989.9,tarde,CNC,2,36.5,0,1012.2
84.59,2.949,32.9,2456.0,78.69,2073.4,noite,CNC,1,76.4,0,389.1
61.79,1.82,22.7,1256.0,20.6,1873.6,tarde,esteira,4,15.4,0,809.7
68.22,2.523,33.26,1617.0,67.68,730.4,tarde,esteira,2,70.0,0,412.5
83.22,2.534,36.36,2190.0,90.51,2508.3,tarde,bomba,3,63.8,0,561.0
74.95,1.157,25.08,1472.0,37.2,1776.5,manha,esteira,1,36.9,0,493.2
83.11,2.457,39.93,2604.0,88.05,5078.6,tarde,CNC,2,19.2,0,477.5
85.85,3.522,36.23,2059.0,90.68,2533.0,noite,compressor,3,16.7,0,602.4
74.21,2.39,28.13,1622.0,60.08,1430.5,tarde,esteira,4,60.7,0,925.1
63.92,1.796,20.32,2721.0,8.24,2344.6,tarde,CNC,5,67.5,0,418.7
76.35,2.69,33.12,1560.0,81.94,2656.3,tarde,esteira,2,9.8,0,817.5
83.77,2.518,32.82,2481.0,81.85,3311.7,tarde,bomba,2,9.4,0,319.2
77.93,2.548,33.79,1393.0,71.54,2414.7,noite,esteira,2,22.6,0,600.1
67.58,3.319,29.68,1961.0,46.53,6931.1,tarde,compressor,1,25.2,0,487.7
66.02,2.804,29.04,2573.0,61.43,1052.4,manha,compressor,1,30.6,0,706.7
71.33,1.892,28.05,2667.0,52.46,1757.6,manha,CNC,4,60.9,0,785.7
67.96,2.34,28.35,2740.0,45.87,1434.6,tarde,CNC,4,101.6,0,682.4
68.61,1.714,22.29,1354.0,34.24,1928.4,manha,esteira,1,102.6,0,753.9
76.97,3.252,33.34,2723.0,67.24,2848.6,tarde,CNC,2,81.8,0,549.9
74.84,2.091,29.42,2579.0,44.12,2732.2,noite,CNC,2,99.7,0,417.1
78.05,2.65,28.2,2584.0,63.19,3265.4,tarde,CNC,2,26.1,0,647.0
65.57,2.071,21.66,2864.0,35.74,2523.9,manha,CNC,2,80.4,0,518.2
73.77,2.231,26.48,1692.0,61.21,2614.9,noite,esteira,3,87.5,0,442.8
75.46,2.777,30.29,2094.0,65.58,2554.4,tarde,compressor,1,13.8,0,682.7
83.91,2.973,29.61,1238.0,68.01,1815.3,manha,prensa,3,121.3,0,650.8
72.41,2.812,29.45,2583.0,48.23,1730.8,tarde,CNC,2,90.1,0,523.0
86.39,2.676,33.51,2260.0,84.51,1415.6,tarde,bomba,1,33.7,0,733.3
76.35,1.776,25.01,2099.0,39.16,3365.0,noite,compressor,1,11.5,0,714.0
84.0,3.145,37.07,2112.0,87.66,493.0,manha,compressor,1,59.9,0,295.0
65.84,2.047,23.57,1663.0,41.55,2581.0,manha,esteira,3,41.8,0,516.8
73.07,2.926,30.2,1319.0,61.07,3725.3,tarde,prensa,2,18.6,0,485.5
80.1,2.537,33.57,1382.0,72.13,4287.6,manha,esteira,0,53.2,0,526.9
71.28,2.567,33.74,2404.0,49.77,371.4,tarde,CNC,2,37.1,0,967.6
67.74,1.75,25.6,2583.0,37.65,1851.2,noite,CNC,2,90.6,0,728.4
79.81,2.86,28.94,2268.0,70.06,1470.8,manha,bomba,3,9.1,0,750.2
88.45,3.653,37.05,2040.0,83.5,1755.2,tarde,compressor,0,96.6,1,1.0
74.24,2.565,32.55,1552.0,71.73,4797.0,noite,esteira,3,50.5,0,718.9
80.28,3.272,33.62,2438.0,72.44,1477.0,tarde,bomba,1,81.0,0,626.4
82.45,3.234,31.95,2297.0,69.7,3720.3,tarde,bomba,2,127.9,0,240.0
79.32,2.898,30.17,1562.0,53.9,2602.4,tarde,esteira,4,68.8,0,287.5
83.59,2.845,36.58,1674.0,94.23,1707.7,manha,esteira,0,95.6,0,266.3
82.18,2.624,36.49,2715.0,87.09,1598.9,manha,CNC,2,15.2,0,664.3
79.76,2.838,32.25,2711.0,68.43,2762.7,tarde,CNC,2,16.9,0,360.5
84.57,2.833,33.84,2334.0,76.3,2268.8,tarde,bomba,3,41.3,0,457.4
79.17,1.906,32.13,2449.0,73.45,691.9,manha,bomba,3,32.2,0,638.5
79.08,3.577,34.34,2849.0,69.78,1256.3,manha,CNC,3,72.6,0,728.8
85.44,4.452,40.01,2033.0,91.67,2804.4,noite,compressor,3,72.5,0,281.0
75.94,2.731,35.75,1467.0,71.15,1019.1,manha,esteira,1,110.4,0,605.0
80.56,2.667,34.89,1654.0,83.19,4022.1,noite,esteira,1,50.2,0,385.5
82.85,2.426,35.29,2407.0,82.41,819.8,tarde,bomba,1,15.2,0,507.5
84.74,3.471,34.49,2130.0,75.88,2005.2,tarde,compressor,1,111.2,0,615.3
70.44,3.205,25.11,2650.0,45.84,3424.6,manha,CNC,0,107.8,0,560.8
80.72,3.749,34.28,2494.0,71.76,1189.7,manha,bomba,1,41.7,0,587.5
81.93,3.109,33.21,2168.0,75.68,970.9,tarde,compressor,3,109.8,0,386.6
76.53,2.398,33.3,2591.0,70.78,3075.4,tarde,bomba,0,13.7,0,851.4
78.93,2.504,28.12,2542.0,62.22,3787.5,manha,bomba,3,44.0,0,614.7
77.83,2.563,30.83,2861.0,58.58,2094.2,tarde,CNC,1,22.0,0,885.4
80.09,2.471,34.51,2604.0,68.73,1819.6,tarde,CNC,1,94.1,0,561.5
86.55,2.072,32.65,2518.0,76.91,796.5,manha,CNC,1,32.7,0,649.3
60.98,2.168,21.29,1196.0,25.37,2464.6,tarde,prensa,1,101.8,0,529.4
83.76,2.845,33.93,2806.0,82.2,610.4,manha,bomba,2,20.4,0,595.8
69.63,3.655,23.89,2554.0,36.98,4834.5,tarde,CNC,5,175.5,0,240.0
73.23,1.914,30.61,1012.0,50.08,2156.9,manha,prensa,1,41.1,0,592.8
78.02,3.238,31.72,2446.0,65.49,1273.7,tarde,compressor,3,37.9,0,568.2
76.15,2.697,27.38,2103.0,55.43,1588.9,manha,compressor,2,89.6,0,486.3
71.28,2.524,26.54,1122.0,51.5,2577.7,tarde,prensa,3,68.6,0,517.5
67.13,1.612,23.51,2512.0,50.54,1761.9,tarde,CNC,2,41.4,0,830.6
66.9,2.668,27.3,2675.0,56.42,2329.9,noite,CNC,2,37.0,0,566.8
86.31,3.716,35.12,2454.0,94.58,1153.3,tarde,bomba,0,143.0,0,240.0
79.11,3.886,29.25,2723.0,67.32,4335.6,noite,CNC,2,48.2,0,498.1
81.51,2.633,32.64,2533.0,75.86,1610.7,manha,bomba,3,49.6,0,569.2
72.47,2.566,22.95,2496.0,37.55,471.7,manha,CNC,2,20.5,0,848.5
84.07,2.916,32.89,2474.0,73.64,1858.4,manha,CNC,0,123.9,0,257.2
70.49,1.694,24.24,2676.0,30.38,1455.7,tarde,CNC,1,25.9,0,651.0
75.15,2.131,32.32,2234.0,67.19,4174.1,tarde,compressor,3,23.8,0,646.7
84.45,3.512,33.23,2573.0,71.63,1278.0,noite,CNC,4,97.1,0,240.0
71.0,2.049,21.2,2391.0,43.47,1746.4,tarde,CNC,0,2.3,0,883.2
71.68,2.581,30.71,1632.0,70.94,2620.3,tarde,esteira,3,59.0,0,574.7
81.17,2.577,32.93,1731.0,59.81,3277.6,manha,compressor,2,37.8,0,373.5
78.58,3.293,37.61,2001.0,74.5,5014.3,manha,compressor,5,45.0,0,240.0
71.13,2.151,31.58,2771.0,61.3,1349.0,noite,CNC,2,26.6,0,818.4
79.88,2.732,27.7,2183.0,46.81,4704.0,manha,compressor,1,32.3,0,635.0
68.82,1.538,22.5,2455.0,34.17,4083.5,manha,CNC,0,9.8,0,738.3
64.62,2.13,26.12,2508.0,32.93,1441.4,noite,bomba,3,89.7,0,540.2
74.01,2.801,30.13,2838.0,62.96,1331.0,noite,CNC,3,41.6,0,842.0
89.15,4.085,35.04,1288.0,83.11,2954.8,tarde,prensa,2,101.9,0,395.4
80.46,3.734,36.49,1139.0,78.58,2296.5,manha,prensa,2,190.0,0,252.8
78.51,3.364,26.67,2719.0,73.41,2950.3,noite,CNC,1,21.0,0,409.0
65.04,1.945,21.12,2549.0,21.14,1895.4,manha,CNC,5,78.1,0,858.9
89.31,2.263,30.25,2808.0,72.83,2436.1,tarde,CNC,1,23.3,0,452.3
60.83,2.781,24.42,2628.0,32.26,2165.3,manha,bomba,1,29.2,0,510.7
69.26,2.522,31.91,2589.0,55.54,2927.0,noite,CNC,3,47.9,0,602.5
76.6,3.425,32.31,1568.0,68.33,1300.7,noite,esteira,4,171.1,0,307.7
76.11,2.388,37.46,1660.0,78.88,2548.5,tarde,esteira,1,39.2,0,573.2
82.34,3.268,35.99,1473.0,87.33,4957.3,manha,esteira,1,46.9,0,328.6
79.87,3.273,36.81,2080.0,78.73,4798.8,tarde,bomba,4,59.1,0,240.0
76.51,2.43,24.36,1267.0,47.77,2724.5,manha,prensa,2,46.2,0,468.5
86.12,4.19,38.43,2245.0,96.4,1283.0,noite,CNC,3,21.0,0,505.6
82.83,3.916,32.73,2232.0,83.31,6292.3,manha,compressor,2,107.4,0,240.0
71.79,2.23,27.74,2177.0,45.64,2927.6,manha,compressor,0,36.2,0,587.2
69.44,3.056,23.89,1196.0,34.91,5947.5,tarde,prensa,5,14.9,0,577.8
80.05,1.768,29.51,2524.0,59.54,2998.0,tarde,bomba,2,62.8,0,595.1
86.51,2.498,35.51,1336.0,88.15,335.7,noite,esteira,3,111.8,0,240.0
74.57,2.782,28.32,2787.0,42.72,6269.5,manha,CNC,4,26.4,0,631.7
77.18,3.085,32.71,1259.0,70.4,3759.9,noite,prensa,2,42.0,0,612.2
81.42,2.605,34.32,2440.0,78.49,2381.4,manha,bomba,2,49.3,0,495.6
75.19,2.896,34.19,2373.0,80.84,658.1,manha,bomba,1,34.0,0,460.0
89.73,4.035,39.03,1168.0,92.81,3995.1,tarde,prensa,3,50.6,0,346.0
85.6,2.738,31.27,2112.0,65.21,2981.4,manha,compressor,1,139.9,0,240.0
82.57,3.942,36.61,1903.0,99.73,7278.0,tarde,compressor,1,51.3,1,1.0
80.38,3.089,34.87,2206.0,73.97,5617.1,manha,bomba,4,72.2,0,240.0
69.73,2.412,23.85,2773.0,36.66,5850.3,manha,CNC,2,38.0,0,691.0
78.95,2.98,28.93,2136.0,50.75,2681.7,noite,compressor,1,61.7,1,121.5
75.18,1.818,32.79,2520.0,66.61,2610.9,manha,CNC,0,67.2,0,295.6
82.77,3.633,34.1,2625.0,88.67,3000.9,tarde,CNC,1,86.1,0,554.9
78.92,1.794,31.56,1523.0,76.73,1543.6,noite,esteira,6,35.2,1,256.0
76.53,2.384,26.44,2316.0,57.4,2423.7,manha,bomba,3,43.3,0,637.6
82.49,2.71,32.21,2081.0,71.6,2137.1,noite,compressor,2,92.0,0,636.3
82.07,2.957,33.39,2069.0,63.9,4627.8,manha,compressor,2,37.7,0,500.9
86.44,3.559,35.06,2181.0,81.22,5165.2,tarde,compressor,2,20.9,0,426.2
83.63,3.33,40.49,2438.0,95.72,3484.7,manha,bomba,3,34.1,0,240.0
75.23,2.395,28.72,1145.0,50.53,1381.0,noite,prensa,3,90.0,0,489.0
84.71,2.77,31.74,1106.0,71.44,6496.0,tarde,prensa,1,99.0,0,523.8
79.41,3.26,31.88,2103.0,73.86,3983.2,tarde,compressor,4,79.6,0,575.5
71.67,2.593,29.35,1803.0,41.9,2880.1,noite,compressor,3,109.6,0,588.8
75.59,3.41,33.3,1888.0,67.51,3297.6,manha,compressor,2,133.0,0,240.0
88.39,3.239,33.97,2309.0,78.83,910.8,noite,bomba,2,182.3,0,240.0
87.02,3.535,31.24,2046.0,61.38,2139.5,tarde,compressor,3,82.5,0,370.8
69.74,2.471,25.61,2507.0,45.53,4853.0,noite,bomba,3,46.2,0,959.0
81.28,3.093,28.58,2234.0,77.03,878.3,noite,bomba,3,15.9,0,856.0
74.93,1.921,25.51,2043.0,37.14,859.2,noite,compressor,1,19.7,0,784.8
80.3,3.642,33.56,2069.0,87.04,3997.7,manha,compressor,1,27.8,0,382.8
78.82,3.241,28.27,1998.0,53.76,3163.9,noite,compressor,2,101.4,0,451.7
82.61,2.276,29.63,2567.0,69.24,886.2,noite,CNC,1,29.4,0,870.2
69.31,1.455,25.71,2580.0,43.21,2021.8,tarde,CNC,1,29.2,0,1044.0
74.85,2.931,29.18,1565.0,67.99,2880.1,manha,esteira,1,31.6,0,357.0
89.77,3.118,35.7,2025.0,82.67,2682.3,noite,compressor,1,50.4,0,453.2
81.99,2.909,37.01,2578.0,85.94,3014.5,manha,CNC,2,62.9,0,647.0
82.59,3.13,37.43,2227.0,91.85,1929.2,tarde,bomba,3,62.7,0,320.5
63.75,1.248,19.21,1824.0,27.4,2763.8,tarde,esteira,2,32.4,0,980.2
81.95,2.912,25.04,2640.0,51.37,3481.1,manha,CNC,1,97.3,0,756.7
74.47,2.204,24.73,1716.0,49.58,3328.1,noite,esteira,0,47.8,0,868.7
82.66,3.012,34.96,1188.0,72.0,1965.2,manha,prensa,0,88.6,0,419.0
79.09,3.195,35.26,2406.0,64.39,3669.1,tarde,bomba,3,52.7,0,532.5
68.0,2.287,26.54,2483.0,52.52,1277.5,noite,bomba,0,31.5,0,802.4
77.36,3.152,28.02,2646.0,60.44,1588.8,manha,CNC,3,38.8,0,701.0
80.86,3.096,37.3,1244.0,80.1,3994.5,tarde,prensa,1,26.6,0,471.1
80.75,2.302,33.16,2119.0,77.16,3625.3,manha,compressor,1,14.4,0,733.7
79.05,2.535,32.32,1200.0,70.71,2075.5,noite,prensa,1,57.1,0,621.5
80.06,2.195,31.46,2399.0,65.4,1568.0,noite,bomba,5,23.4,0,518.8
83.81,2.538,30.33,2805.0,66.83,1704.8,manha,CNC,4,17.7,0,499.2
72.6,3.432,27.39,2491.0,56.13,3394.0,tarde,CNC,5,85.8,0,555.1
86.87,3.303,34.11,2585.0,78.82,3034.2,tarde,bomba,2,114.1,0,529.2
75.58,2.371,30.28,2495.0,66.19,1505.3,tarde,bomba,3,29.3,0,743.1
82.68,3.354,24.43,2478.0,49.45,3610.9,tarde,CNC,1,294.4,0,240.0
72.71,2.46,25.32,1628.0,49.12,2019.8,tarde,esteira,0,84.1,0,485.1
74.22,2.666,31.52,1635.0,71.1,1306.2,tarde,esteira,2,56.7,0,585.6
77.08,3.016,32.87,2469.0,79.55,1816.6,manha,bomba,1,9.8,0,448.8
75.93,2.409,30.36,2060.0,56.15,2534.7,manha,compressor,1,71.4,0,395.4
85.59,4.191,34.6,2422.0,87.7,3538.6,noite,CNC,1,21.1,0,803.0
77.62,2.271,34.63,1433.0,66.57,3409.1,manha,esteira,8,23.9,0,693.8
98.61,3.217,37.36,2062.0,88.86,2259.1,tarde,compressor,2,76.4,0,341.6
82.5,3.598,32.6,1524.0,72.43,2713.4,manha,esteira,5,161.7,0,264.7
67.17,2.843,24.43,2083.0,39.41,2141.9,noite,compressor,1,58.5,0,776.1
81.65,2.356,29.9,2445.0,61.7,1507.0,tarde,bomba,0,96.6,0,339.0
68.9,2.51,16.37,2564.0,15.04,2310.4,tarde,CNC,1,159.8,0,454.7
76.16,2.243,31.87,2767.0,69.27,654.1,manha,CNC,3,14.2,0,961.8
81.56,3.611,40.86,1746.0,93.92,5220.6,tarde,esteira,4,77.2,0,310.6
83.63,3.512,37.0,2371.0,84.01,2672.1,noite,bomba,3,116.6,0,307.9
74.23,3.421,20.57,2356.0,31.89,3103.2,tarde,bomba,2,105.2,0,463.6
86.41,3.976,35.56,1203.0,81.07,1549.4,tarde,prensa,2,111.2,0,344.1
89.88,3.734,36.78,1328.0,84.64,2658.8,noite,prensa,3,35.3,0,368.1
83.32,2.982,35.83,1510.0,73.85,2921.5,manha,esteira,1,64.4,0,240.0
84.49,2.726,33.04,2711.0,80.6,2080.3,tarde,CNC,3,117.5,0,391.2
68.75,3.039,38.12,2512.0,79.3,2148.4,manha,bomba,1,75.3,0,334.6
71.08,2.0,31.39,1789.0,68.73,1011.2,manha,esteira,1,18.9,0,672.5
73.1,2.925,29.04,2125.0,63.1,6163.2,tarde,compressor,4,22.2,0,448.5
83.44,2.868,27.23,2635.0,61.18,1535.1,noite,CNC,2,107.2,0,451.2
77.53,1.569,31.15,1585.0,68.43,1662.5,noite,esteira,7,4.0,0,649.9
82.81,3.206,34.76,2351.0,80.1,5406.6,noite,bomba,4,78.5,0,535.8
70.29,2.497,23.76,2402.0,43.23,3186.3,tarde,bomba,4,88.7,0,697.1
81.65,3.192,31.26,1404.0,58.41,3555.1,manha,prensa,2,69.3,0,439.6
74.84,2.396,32.72,2336.0,69.05,966.2,tarde,bomba,3,89.0,0,431.0
71.61,2.49,28.25,1883.0,51.66,2639.6,noite,compressor,3,88.5,0,586.8
68.83,2.005,26.66,2127.0,52.97,974.2,noite,compressor,2,5.7,0,889.7
80.62,2.651,33.41,2132.0,74.23,1394.0,tarde,compressor,2,10.5,0,546.6
69.84,1.981,30.16,2756.0,44.96,6658.2,tarde,CNC,3,29.6,0,561.2
75.98,2.83,25.86,1496.0,51.24,1231.5,noite,esteira,3,69.1,0,591.6
79.75,3.187,29.83,1441.0,77.26,3460.5,noite,esteira,0,64.2,0,331.6
70.84,3.829,28.85,2016.0,58.32,1309.1,noite,compressor,4,22.7,0,528.3
74.1,2.477,25.61,1975.0,46.36,1414.5,tarde,compressor,0,121.5,0,637.1
81.52,4.125,30.29,1290.0,80.01,8901.8,manha,esteira,3,187.5,0,240.0
73.92,2.02,28.73,2474.0,50.94,2265.9,tarde,CNC,3,88.4,0,419.3
81.34,3.223,29.03,2130.0,67.67,917.5,manha,bomba,2,63.4,0,545.1
73.99,2.593,24.08,2163.0,44.94,3543.3,noite,compressor,2,69.9,0,751.0
78.01,2.89,35.17,2417.0,77.25,4661.3,tarde,bomba,2,31.9,0,478.9
76.42,3.006,32.16,2932.0,57.29,3728.2,tarde,CNC,0,18.1,0,498.9
84.95,4.006,42.71,2174.0,94.83,2149.0,manha,bomba,2,98.2,0,459.2
82.15,2.57,28.71,2318.0,66.53,2192.4,tarde,compressor,2,87.9,0,399.3
73.49,2.361,27.19,2362.0,44.28,1728.0,tarde,bomba,4,98.9,0,881.7
80.01,3.806,33.51,2433.0,89.62,1134.5,manha,CNC,0,67.5,0,831.3
71.19,2.467,29.75,1829.0,58.3,2889.9,noite,compressor,0,16.9,0,678.5
72.83,2.446,29.53,2359.0,60.81,2085.6,manha,bomba,2,15.9,0,509.3
84.08,3.217,31.36,2771.0,85.55,984.4,tarde,CNC,6,23.2,0,587.8
90.47,3.947,35.89,2637.0,80.34,2299.3,manha,CNC,2,132.4,0,265.5
79.63,3.387,36.81,2606.0,92.07,1541.0,tarde,CNC,2,14.6,0,585.1
71.32,2.51,29.59,2226.0,52.41,2803.0,tarde,compressor,2,47.0,0,919.5
78.87,1.619,26.93,2664.0,57.21,2644.7,noite,CNC,1,34.6,0,535.0
82.59,3.255,39.13,1046.0,81.48,1911.6,manha,prensa,2,16.4,0,582.0
77.87,3.01,31.04,2228.0,61.17,2364.3,noite,compressor,3,73.1,0,544.5
85.88,4.043,35.9,1329.0,84.96,2485.4,tarde,esteira,2,135.1,0,240.0
76.85,2.649,28.85,1091.0,40.77,3993.8,manha,prensa,1,50.1,0,389.6
85.39,2.603,35.1,2632.0,82.84,2313.6,manha,CNC,2,12.3,0,666.2
64.55,1.335,22.0,2462.0,33.76,1753.9,manha,bomba,1,41.2,0,673.3
79.38,2.498,35.0,1438.0,74.84,2028.5,noite,esteira,2,33.0,0,594.7
79.45,2.752,28.64,2153.0,55.09,5907.0,manha,bomba,4,41.4,0,451.4
75.65,2.688,32.26,2014.0,60.79,1340.1,tarde,compressor,0,44.9,0,417.2
79.1,2.456,28.42,2158.0,52.07,2109.1,tarde,compressor,3,149.5,0,240.0
84.35,2.219,41.8,2612.0,94.17,2090.1,noite,CNC,2,70.2,0,377.0
74.48,2.322,31.67,2539.0,69.67,2143.5,tarde,bomba,3,69.7,0,702.9
79.55,1.606,30.25,1313.0,66.07,734.7,noite,prensa,5,32.5,0,727.4
83.04,2.484,32.52,1150.0,66.98,1108.2,manha,prensa,5,96.1,0,549.6
77.38,2.729,26.75,2524.0,49.31,2021.8,noite,CNC,1,104.1,0,646.9
68.46,3.003,27.34,1540.0,59.53,1699.3,manha,esteira,2,79.8,0,665.0
84.69,1.836,34.52,2095.0,66.11,2795.6,manha,compressor,1,74.9,0,433.2
81.22,2.382,29.23,1246.0,67.08,4315.7,noite,prensa,2,15.8,0,330.4
90.99,3.598,39.87,2646.0,94.55,2921.5,manha,CNC,1,68.1,0,247.4
77.92,3.008,35.59,1177.0,70.65,2539.3,manha,prensa,4,127.3,1,1.0
87.69,3.264,36.38,1473.0,93.43,3086.8,tarde,esteira,0,70.4,0,323.5
84.36,3.254,34.57,2517.0,77.98,2676.3,manha,CNC,2,87.7,0,435.6
78.44,2.933,33.99,2501.0,87.02,2353.0,manha,CNC,4,41.5,0,751.1
72.77,2.683,29.49,1616.0,49.68,3909.7,tarde,esteira,2,30.5,0,595.0
70.84,3.483,27.27,2540.0,61.0,152.5,noite,CNC,4,21.1,0,867.0
71.6,1.941,27.39,2126.0,40.06,1988.7,noite,bomba,0,114.2,0,414.7
89.55,3.264,33.83,1203.0,75.02,1098.0,manha,prensa,1,48.2,0,443.5
78.63,3.707,29.04,2417.0,64.03,1664.3,tarde,bomba,2,104.8,0,390.4
73.17,3.114,25.95,2063.0,47.32,1530.6,noite,compressor,2,37.7,0,617.1
76.79,3.108,32.98,1863.0,68.72,6791.6,manha,compressor,3,109.4,0,240.0
78.24,2.571,28.02,2776.0,62.11,4456.8,manha,CNC,2,55.6,0,748.9
86.41,2.639,39.1,1254.0,95.65,2557.1,manha,prensa,0,41.2,0,335.0
64.57,2.138,26.51,2236.0,43.57,1555.3,tarde,compressor,5,41.5,0,629.8
72.55,2.55,28.59,2610.0,58.44,3887.7,manha,CNC,3,93.7,0,365.6
85.35,3.349,34.2,2123.0,72.72,2500.4,noite,compressor,2,70.3,0,264.9
91.93,3.051,35.25,1045.0,89.01,1991.3,noite,prensa,2,94.1,0,317.4
71.44,2.465,24.12,2213.0,36.28,2512.2,manha,CNC,2,126.2,0,454.2
76.79,2.323,28.13,1529.0,57.01,2023.7,tarde,esteira,3,45.6,0,701.5
73.67,2.176,26.07,1331.0,56.27,3066.3,manha,esteira,2,80.7,0,431.5
78.36,3.199,34.91,1634.0,88.44,1031.8,manha,esteira,1,50.3,0,323.4
89.86,2.809,30.44,1346.0,73.87,3054.1,noite,prensa,2,39.1,0,240.0
66.5,2.379,26.54,1557.0,53.27,2022.1,tarde,esteira,0,70.9,0,661.5
84.71,2.562,31.37,1116.0,80.95,3935.8,noite,prensa,2,15.6,0,708.4
76.29,2.624,28.67,2605.0,64.0,4514.4,tarde,CNC,1,100.7,0,240.0
86.07,3.879,36.46,1544.0,99.77,5054.1,manha,esteira,2,65.5,0,370.0
81.33,1.882,29.42,2425.0,53.25,7808.1,tarde,bomba,1,31.6,0,373.0
84.45,3.703,33.23,2232.0,83.82,7070.9,manha,bomba,2,66.6,0,407.1
72.3,2.337,24.69,986.0,47.26,4958.1,noite,prensa,0,11.6,0,926.3
80.6,2.191,33.88,1279.0,80.98,3867.4,tarde,prensa,2,20.5,0,305.9
79.67,2.237,37.24,1542.0,78.02,1130.4,manha,esteira,1,20.6,0,536.1
77.28,3.111,31.76,2497.0,85.03,428.1,tarde,bomba,1,18.7,0,679.8
86.77,4.525,37.98,2049.0,88.43,4162.1,tarde,compressor,2,46.6,0,381.5
79.65,3.817,32.86,2050.0,68.83,1389.4,noite,compressor,3,66.4,0,440.6
87.86,4.035,39.49,1901.0,82.1,9771.3,manha,compressor,2,231.6,0,240.0
80.45,3.83,36.75,2011.0,87.74,845.2,manha,compressor,0,110.8,0,410.4
72.93,2.08,28.04,2974.0,51.54,3776.1,manha,CNC,2,8.7,0,826.1
77.94,2.813,30.71,2561.0,63.22,2671.7,tarde,CNC,3,152.0,0,541.5
72.57,2.522,28.47,1499.0,56.14,915.1,tarde,esteira,2,31.9,0,591.2
74.05,3.298,34.92,2155.0,76.49,2662.2,manha,compressor,3,76.7,0,632.0
76.29,2.869,30.01,1294.0,64.84,1502.0,tarde,prensa,7,47.6,0,548.2
88.13,2.709,41.23,2349.0,83.0,2270.5,tarde,bomba,2,158.2,0,332.5
70.35,2.302,31.46,2516.0,60.61,2289.3,manha,CNC,0,104.7,0,459.6
80.75,2.224,25.93,2430.0,42.05,1515.7,noite,CNC,1,143.9,0,525.2
80.59,3.072,31.73,2628.0,70.23,1916.0,tarde,CNC,2,79.6,0,486.5
83.83,3.528,36.15,1207.0,87.5,1424.8,tarde,prensa,3,37.6,0,646.6
68.82,2.876,23.46,2576.0,31.44,674.1,tarde,CNC,2,87.6,0,589.6
71.05,2.212,28.78,2470.0,50.17,2534.7,manha,bomba,3,126.2,0,339.8
94.41,4.463,39.27,1317.0,97.1,4944.1,noite,prensa,2,27.9,0,272.3
75.94,2.497,31.43,1377.0,52.63,1479.0,tarde,prensa,4,73.0,0,428.1
82.19,3.294,30.85,2458.0,72.43,6323.8,tarde,CNC,2,97.2,0,240.0
83.19,2.903,31.49,2749.0,66.43,7053.8,noite,CNC,1,35.0,0,240.0
76.05,2.577,27.01,2403.0,55.55,1817.9,noite,CNC,2,41.7,0,532.1
77.19,3.188,31.88,2632.0,73.77,2086.6,noite,CNC,2,50.6,0,636.0
83.7,3.645,34.83,2743.0,86.81,1840.0,manha,CNC,1,73.5,0,571.2
75.48,2.201,30.1,2279.0,54.07,1141.9,manha,bomba,3,55.6,0,642.7
79.56,2.901,30.79,1059.0,68.73,2092.6,tarde,prensa,2,59.8,0,565.4
71.96,2.53,31.77,2337.0,56.9,1952.9,tarde,bomba,3,169.1,0,763.7
84.89,3.108,35.95,2610.0,73.49,2509.2,tarde,bomba,3,54.1,0,394.3
79.44,3.136,31.91,2819.0,62.03,2589.4,noite,CNC,0,137.2,0,394.4
78.49,2.77,29.47,1600.0,69.99,1084.7,manha,esteira,4,217.0,0,350.4
79.93,2.038,34.73,2281.0,68.91,3356.1,manha,bomba,2,30.0,0,407.0
79.66,3.113,33.53,1483.0,82.31,2077.6,tarde,esteira,3,106.6,1,1.0
70.56,3.164,29.78,1545.0,62.88,1228.6,manha,prensa,2,39.5,0,719.1
80.27,3.773,32.8,2174.0,66.69,2049.3,tarde,compressor,1,103.5,0,442.4
77.18,1.913,27.07,2442.0,54.44,2648.0,noite,CNC,3,38.5,0,517.2
83.31,3.645,38.75,2734.0,88.65,5459.9,tarde,CNC,2,7.7,0,538.4
82.32,3.759,34.69,1933.0,72.57,4977.2,noite,compressor,2,93.5,0,240.0
74.5,3.226,34.55,1193.0,53.26,1724.3,tarde,prensa,5,61.0,0,336.1
83.03,3.593,34.15,2132.0,74.56,2163.7,tarde,compressor,3,129.4,0,240.0
70.71,1.831,26.95,1492.0,50.04,1397.9,manha,esteira,2,38.1,0,748.8
89.45,3.765,41.66,2301.0,94.39,2899.4,noite,bomba,3,53.7,0,240.0
78.66,1.343,26.63,2798.0,61.6,1783.2,tarde,CNC,3,36.6,0,577.9
87.55,2.316,33.67,2201.0,71.97,2119.8,manha,compressor,0,19.9,0,605.2
84.76,2.389,31.06,2425.0,65.33,4244.8,tarde,bomba,0,71.5,0,676.0
75.29,2.432,34.92,2676.0,72.71,1081.7,noite,bomba,2,53.9,0,612.7
77.57,2.114,37.53,2112.0,65.08,4983.6,manha,compressor,2,11.1,0,632.5
89.47,3.367,35.04,2623.0,87.95,3065.0,noite,CNC,0,132.3,0,508.3
73.47,2.722,35.7,1443.0,78.84,4853.6,noite,esteira,2,58.9,0,638.2
73.13,2.227,29.18,2513.0,43.89,3652.3,noite,CNC,2,35.7,0,511.6
76.88,3.216,34.19,1018.0,66.81,4032.1,tarde,prensa,1,94.3,0,281.4
86.52,2.981,37.51,2710.0,91.61,2436.0,tarde,CNC,1,112.8,0,240.0
82.7,2.784,37.22,2595.0,86.54,1207.6,noite,CNC,0,21.8,0,759.1
70.49,2.495,30.33,2762.0,72.69,1644.0,tarde,bomba,0,18.9,0,942.5
80.34,1.268,30.66,2306.0,46.19,1450.6,manha,bomba,1,41.7,0,716.0
71.74,2.345,26.64,2311.0,56.06,558.4,manha,bomba,2,74.8,0,699.0
92.79,3.906,33.52,2044.0,81.56,4240.6,noite,compressor,1,147.3,0,240.0
72.17,3.015,31.84,1128.0,71.84,2274.5,tarde,prensa,0,3.7,0,707.7
81.85,2.846,33.7,2146.0,82.65,1376.9,manha,bomba,2,176.3,0,373.8
85.78,3.26,33.93,2124.0,71.62,6902.1,manha,compressor,6,63.2,0,240.0
80.35,4.06,29.28,1701.0,57.78,8575.9,noite,compressor,3,126.0,1,1.0
88.35,2.609,34.59,2635.0,87.94,990.9,tarde,CNC,1,120.3,0,385.9
84.22,2.997,32.5,2419.0,81.66,2091.7,noite,bomba,0,54.0,0,440.5
77.18,2.22,35.88,2764.0,76.87,2010.0,noite,CNC,2,41.0,0,381.9
85.84,2.79,35.05,2447.0,77.78,1306.9,noite,bomba,2,78.5,0,240.0
82.72,2.672,30.1,2979.0,71.86,4184.4,noite,CNC,3,64.4,0,427.8
69.24,2.601,30.76,1213.0,58.56,564.0,manha,prensa,2,34.2,0,571.5
80.62,2.951,31.0,1880.0,65.98,5922.6,tarde,compressor,1,54.0,0,461.1
84.5,2.472,31.19,1590.0,78.46,2497.5,manha,prensa,4,44.2,0,484.4
69.28,3.154,19.82,2049.0,23.92,6582.0,noite,compressor,3,57.7,0,463.8
82.86,3.289,36.33,2498.0,79.42,2374.3,manha,CNC,2,112.7,0,452.0
69.32,2.319,27.29,1320.0,37.8,2005.5,tarde,esteira,3,43.9,0,715.3
78.89,2.944,37.45,2313.0,89.03,4372.4,noite,bomba,3,69.0,0,412.1
72.44,2.28,26.41,1387.0,52.79,6557.9,manha,esteira,4,53.3,0,811.6
79.89,3.646,33.32,1945.0,69.2,5965.9,noite,compressor,1,52.8,0,394.1
81.38,2.286,34.19,2151.0,74.99,755.6,manha,bomba,0,47.3,0,505.8
80.55,3.185,29.99,1423.0,84.93,5106.1,tarde,esteira,3,80.0,0,526.0
91.51,2.997,38.66,2467.0,93.24,1944.8,tarde,bomba,1,5.1,0,576.8
82.02,2.264,35.59,1928.0,82.63,2227.2,manha,compressor,2,80.9,0,504.8
72.19,2.625,35.14,2336.0,63.82,1919.7,tarde,bomba,6,65.9,0,640.9
81.72,2.459,35.06,2332.0,64.79,1643.5,noite,bomba,2,62.9,0,604.8
69.5,2.037,21.68,1234.0,22.09,2105.9,manha,prensa,2,88.8,0,577.9
78.03,2.228,31.67,2325.0,62.44,1275.5,tarde,compressor,2,12.5,0,944.9
76.83,2.505,28.69,2048.0,51.54,5123.4,noite,compressor,2,110.3,0,278.7
73.66,2.13,29.08,1355.0,62.71,3622.9,noite,esteira,3,46.3,0,517.3
76.67,2.227,27.01,2390.0,59.45,2778.1,manha,bomba,3,44.3,0,676.5
77.17,2.995,32.72,1564.0,81.2,1919.2,noite,esteira,3,28.5,0,534.9
84.84,2.42,30.87,1941.0,65.7,1713.2,manha,compressor,1,31.5,0,513.6
78.45,2.662,34.39,2542.0,69.44,3137.0,tarde,CNC,2,12.1,0,604.2
71.38,2.381,28.55,1390.0,54.21,2832.5,tarde,esteira,3,59.3,0,786.1
84.84,3.217,36.31,2588.0,93.96,4547.2,noite,CNC,0,37.8,0,512.0
73.88,3.277,30.23,2584.0,69.01,1731.4,manha,CNC,1,98.9,0,240.0
76.47,2.235,29.55,2183.0,54.44,1628.6,manha,bomba,2,71.5,0,610.1
75.07,2.496,31.6,1421.0,72.95,3536.9,noite,esteira,1,64.5,0,363.3
86.12,3.974,35.34,1207.0,92.84,3970.7,manha,prensa,3,40.9,0,337.4
76.65,2.243,19.33,2743.0,18.32,8212.7,tarde,CNC,2,49.1,0,713.8
69.66,1.773,32.69,2436.0,57.82,728.1,noite,CNC,0,144.1,0,556.1
72.55,1.34,26.14,1097.0,43.14,5283.5,tarde,prensa,3,40.5,0,479.2
67.19,2.959,30.41,2523.0,53.8,2641.4,manha,CNC,3,4.3,0,905.2
71.06,2.389,24.74,2444.0,53.25,1794.3,manha,CNC,2,47.5,0,869.8
66.87,2.014,24.68,1737.0,24.51,3161.2,noite,compressor,1,25.5,0,623.7
75.74,1.952,35.55,2450.0,79.94,3097.8,tarde,bomba,2,44.7,0,331.8
77.94,2.564,32.0,1257.0,60.18,1826.9,manha,prensa,1,57.2,0,586.1
76.61,1.515,25.32,1602.0,54.95,769.6,manha,esteira,3,25.9,0,737.9
74.42,2.129,29.39,1558.0,59.26,5293.9,manha,esteira,1,11.2,0,644.0
79.26,2.252,28.73,2590.0,61.49,1538.8,noite,CNC,2,48.2,0,511.3
91.71,3.377,33.2,1952.0,82.17,1390.0,manha,compressor,4,131.8,0,418.7
75.16,2.5,23.27,2224.0,45.2,1634.5,manha,compressor,2,55.1,0,657.6
65.21,2.762,25.86,2712.0,53.27,3859.8,tarde,CNC,1,67.2,0,648.7
72.13,2.189,24.72,2643.0,47.06,1966.4,manha,CNC,1,43.0,0,770.1
58.01,2.218,23.65,1943.0,25.28,1654.8,manha,compressor,4,75.5,0,757.2
78.67,2.354,32.04,2621.0,75.36,3040.4,noite,CNC,3,89.6,0,302.4
73.79,2.965,31.72,2392.0,71.02,2793.2,tarde,bomba,1,116.4,0,457.3
81.08,3.075,35.52,1394.0,75.9,1677.9,manha,esteira,5,138.9,0,417.8
78.87,3.041,35.15,2667.0,83.65,759.0,tarde,CNC,3,70.2,0,577.0
76.32,3.38,26.95,2438.0,53.06,3810.6,manha,bomba,1,118.5,0,240.0
85.8,3.009,36.08,1539.0,87.07,2824.0,manha,esteira,2,99.2,0,479.3
66.69,1.52,25.29,1645.0,49.17,586.2,tarde,esteira,2,76.8,0,793.0
81.61,2.975,30.46,1596.0,79.87,5723.5,tarde,esteira,2,54.2,0,466.6
63.2,2.094,28.91,2245.0,53.12,567.0,noite,compressor,0,8.3,0,764.5
75.65,2.486,34.17,1373.0,75.92,1460.3,noite,esteira,3,191.1,0,240.0
85.47,2.763,33.6,2745.0,77.37,1521.9,manha,CNC,4,59.9,0,709.8
76.31,3.594,32.04,2141.0,70.02,1693.5,noite,compressor,5,39.8,0,491.0
68.83,2.045,25.45,2760.0,44.34,1659.1,tarde,CNC,4,39.9,0,680.3
68.96,2.941,28.92,2088.0,40.76,1053.7,manha,compressor,3,88.8,0,345.6
70.76,3.067,31.3,2150.0,63.61,2666.9,noite,compressor,1,20.9,0,363.9
66.03,3.529,23.07,2464.0,30.78,4175.0,manha,CNC,2,131.6,0,419.6
74.89,2.668,32.17,1571.0,63.48,2645.7,tarde,esteira,1,69.6,0,597.4
81.5,3.217,36.85,2229.0,80.51,2915.5,noite,compressor,0,33.7,0,612.9
81.95,2.8,32.27,2850.0,65.76,1994.2,manha,CNC,4,81.0,0,580.9
77.07,3.125,33.71,2597.0,68.67,2585.2,noite,CNC,4,93.9,0,754.2
78.32,2.66,32.76,2321.0,66.49,3043.4,manha,compressor,1,32.6,0,811.7
76.89,2.814,30.6,2025.0,61.35,3624.0,noite,compressor,3,79.1,0,379.3
81.08,2.895,33.13,2184.0,63.49,1575.5,manha,compressor,2,43.4,0,454.8
73.6,2.673,29.8,2627.0,68.91,1447.2,manha,CNC,2,127.8,0,416.1
75.23,1.362,28.25,1706.0,63.08,434.3,tarde,esteira,1,44.0,0,634.0
88.33,3.05,37.42,1207.0,87.54,6660.2,noite,prensa,3,47.5,0,344.3
73.35,3.365,29.46,2321.0,65.31,6425.2,manha,bomba,2,5.0,0,813.7
86.6,3.443,39.1,2482.0,94.1,2327.6,noite,bomba,1,110.5,0,240.0
74.78,2.616,30.03,1462.0,60.15,2406.9,manha,esteira,3,44.7,0,599.5
83.2,3.179,40.48,1240.0,88.21,5494.3,tarde,prensa,2,43.5,0,351.9
73.56,3.094,28.05,2163.0,61.51,1076.7,manha,bomba,1,120.4,0,403.2
76.12,3.198,35.15,1335.0,75.18,1352.4,manha,prensa,4,73.8,0,451.8
88.52,3.962,31.71,967.0,69.75,5685.6,noite,prensa,4,29.8,0,439.6
69.99,2.835,28.34,1449.0,52.75,1981.6,tarde,esteira,3,67.1,0,554.0
73.0,3.133,32.09,1901.0,62.81,1230.0,tarde,compressor,0,75.5,0,541.9
69.58,2.396,31.08,2496.0,63.16,3146.7,tarde,CNC,2,49.3,0,369.3
72.66,2.303,29.17,2594.0,52.38,1581.5,tarde,CNC,1,160.2,0,432.5
70.2,2.252,23.81,1972.0,26.9,5142.3,tarde,compressor,2,47.8,0,597.7
72.38,2.479,27.33,2483.0,51.18,2572.7,noite,bomba,5,55.6,0,938.4
85.98,3.129,37.64,2034.0,85.22,1622.0,tarde,compressor,4,57.1,0,409.8
77.59,2.872,30.92,2410.0,56.2,1678.8,tarde,bomba,2,89.9,0,444.6
83.29,3.196,35.85,2283.0,90.31,3060.0,tarde,bomba,4,27.5,0,449.6
73.86,2.48,27.8,1597.0,59.59,2132.0,tarde,esteira,1,97.6,0,387.1
87.52,4.02,32.5,2595.0,67.24,1962.9,tarde,CNC,3,202.9,0,240.0
75.15,2.372,27.79,2718.0,48.08,3703.5,tarde,CNC,5,16.9,0,477.2
75.25,1.781,26.05,1608.0,58.76,5536.9,tarde,esteira,1,29.0,0,451.5
78.86,3.253,35.19,1628.0,84.07,3412.8,noite,esteira,0,14.7,0,590.2
77.18,2.523,27.76,1311.0,56.27,1502.5,noite,prensa,2,7.0,0,680.2
84.96,2.899,33.69,1536.0,96.06,1180.1,noite,esteira,1,28.4,0,630.5
77.27,2.274,30.04,1367.0,55.75,3581.3,noite,prensa,6,29.9,0,356.6
91.5,4.347,35.45,2049.0,93.3,3408.9,tarde,compressor,3,94.2,0,264.8
77.13,3.614,30.37,1988.0,48.39,1876.8,noite,compressor,2,118.4,0,319.8
72.47,2.493,33.39,2759.0,69.84,2157.4,manha,CNC,5,66.8,0,691.2
76.4,2.816,30.44,2518.0,60.52,1558.3,tarde,bomba,0,109.3,0,363.0
80.81,3.586,38.91,1204.0,87.72,1198.9,manha,prensa,4,88.9,0,435.6
77.94,1.77,31.44,2174.0,56.42,1641.5,manha,compressor,4,35.1,0,611.7
75.62,3.007,32.85,2449.0,82.99,345.3,noite,bomba,2,72.5,0,632.9
75.5,1.903,30.72,2083.0,53.05,4608.3,noite,compressor,0,25.5,0,792.4
76.73,2.564,29.7,2466.0,65.35,953.6,tarde,CNC,1,55.6,0,603.7
75.84,3.953,35.18,2494.0,76.35,2357.4,manha,CNC,3,64.2,0,339.8
76.16,1.972,29.8,2599.0,63.44,495.2,tarde,CNC,1,82.3,0,503.3
86.13,4.298,30.54,1175.0,71.97,3343.8,tarde,prensa,6,149.4,0,240.0
63.56,2.789,21.68,1926.0,18.12,3929.8,noite,compressor,0,19.8,0,862.4
70.15,2.063,24.47,1239.0,41.66,2486.1,noite,esteira,2,54.5,0,729.6
80.36,3.141,33.33,2353.0,65.48,2274.1,manha,bomba,2,132.7,0,545.5
75.42,2.649,36.17,2660.0,77.47,1554.3,manha,CNC,3,33.1,0,697.8
70.58,2.025,22.16,2758.0,40.72,4544.5,manha,CNC,3,26.5,0,612.3
63.91,1.831,22.18,1771.0,27.49,812.7,manha,esteira,1,87.7,0,798.2
80.66,2.664,34.65,2450.0,75.38,1800.8,tarde,CNC,6,79.0,0,240.0
69.0,2.68,30.14,1306.0,60.56,1438.5,manha,prensa,4,14.9,0,803.1
65.28,2.158,26.95,2978.0,46.79,1406.0,manha,CNC,0,37.1,0,699.9
71.36,1.429,23.65,2235.0,29.05,4477.2,manha,bomba,1,23.1,0,754.3
76.82,2.537,27.51,1417.0,65.35,2189.7,manha,esteira,0,23.2,0,695.9
79.82,3.185,35.41,2760.0,70.16,1546.5,noite,CNC,2,75.2,0,346.8
79.31,3.139,31.04,2659.0,58.38,2877.9,manha,CNC,2,75.1,0,589.9
79.48,3.157,34.26,1243.0,85.3,2739.8,noite,prensa,4,54.7,0,559.7
80.69,3.436,33.27,2726.0,82.11,3889.6,manha,CNC,2,19.6,0,709.2
75.53,3.634,32.15,2188.0,61.25,3062.3,manha,compressor,2,23.8,0,306.6
68.71,2.446,25.93,2126.0,38.84,2251.2,manha,compressor,4,71.0,0,587.1
75.75,2.886,34.64,2726.0,79.11,2346.2,tarde,CNC,3,16.5,0,571.2
66.2,1.586,21.95,1403.0,20.62,773.0,manha,esteira,1,10.8,0,945.1
72.15,1.398,30.92,1653.0,65.2,2984.3,tarde,esteira,0,39.3,0,518.7
75.75,1.874,24.29,2291.0,49.92,1296.9,manha,compressor,3,54.9,0,688.1
78.59,2.289,32.02,1671.0,75.09,2706.4,noite,esteira,2,12.5,0,413.4
77.03,2.37,27.91,2684.0,44.92,5466.3,manha,CNC,0,73.1,0,335.3
86.24,3.19,37.24,2880.0,86.57,2487.3,tarde,CNC,0,50.7,0,256.8
77.85,2.878,32.2,2429.0,75.43,1908.0,noite,bomba,5,22.0,0,490.1
61.11,1.351,21.41,1368.0,22.18,1892.8,manha,prensa,2,58.5,0,885.8
83.22,3.282,36.28,2881.0,77.71,2913.2,manha,CNC,3,8.4,0,341.9
76.84,2.5,29.75,2594.0,45.68,2619.4,noite,CNC,3,41.7,0,621.4
76.21,1.963,23.63,2570.0,27.34,3434.4,manha,bomba,4,43.0,0,669.6
77.76,2.576,31.58,1371.0,60.84,1610.8,manha,esteira,9,55.4,0,453.3
70.53,2.142,28.29,2530.0,50.08,2114.1,tarde,CNC,3,60.2,0,708.5
67.1,2.252,23.91,1923.0,25.33,3763.1,manha,compressor,3,90.6,0,531.8
67.38,2.07,30.15,1223.0,64.82,3932.8,noite,esteira,1,53.2,0,610.6
71.98,1.598,27.55,1992.0,54.09,3950.6,tarde,compressor,2,15.9,0,589.9
77.16,2.941,38.56,2650.0,83.34,3539.8,tarde,CNC,2,26.6,0,567.3
90.63,4.794,39.55,2490.0,85.65,3608.4,manha,CNC,4,238.9,0,240.0
80.63,2.373,30.92,1932.0,62.29,2703.5,tarde,compressor,1,12.4,0,733.6
87.6,2.408,30.65,1707.0,55.97,928.3,tarde,compressor,1,176.5,0,399.6
94.14,3.387,35.22,1372.0,81.5,992.7,manha,esteira,2,160.5,1,1.0
77.11,2.318,31.11,2300.0,65.39,2458.9,noite,bomba,4,15.6,0,507.7
75.57,3.019,31.25,2624.0,65.98,2523.4,tarde,bomba,1,101.4,0,540.4
69.14,2.626,27.28,1225.0,36.92,1385.1,noite,prensa,0,72.3,0,365.9
84.45,3.381,34.88,2270.0,90.75,1443.0,manha,compressor,1,113.5,0,403.8
93.82,3.396,35.66,1991.0,88.06,2242.7,manha,compressor,0,27.5,0,551.8
63.39,2.775,27.9,1324.0,43.36,7211.9,tarde,prensa,2,72.6,0,530.9
80.82,1.544,29.93,2688.0,57.3,1224.5,noite,CNC,3,32.6,0,848.1
72.62,2.19,34.83,1431.0,73.51,1847.5,tarde,esteira,2,22.3,0,724.1
63.93,1.475,22.54,1542.0,28.16,3886.0,manha,esteira,3,58.0,0,536.0
74.01,2.715,35.6,2572.0,83.77,3494.1,noite,CNC,3,88.5,0,386.2
77.2,2.17,26.09,2024.0,41.84,2826.4,manha,compressor,2,83.2,0,573.1
84.22,3.311,36.74,2415.0,77.51,652.8,manha,CNC,1,106.2,0,487.3
78.39,3.037,37.53,2905.0,87.09,2043.1,tarde,CNC,0,29.2,0,439.5
84.69,2.534,27.77,2070.0,57.03,6131.0,manha,compressor,2,159.8,0,255.7
84.24,2.442,34.83,1941.0,74.07,1411.8,manha,compressor,1,56.9,0,368.6
80.63,2.899,39.44,1579.0,95.82,1376.6,manha,esteira,0,21.3,0,503.8
81.78,3.974,37.84,1113.0,95.6,5330.2,noite,prensa,2,101.1,0,240.0
78.85,2.622,35.76,1696.0,81.92,2239.8,manha,esteira,3,51.5,0,534.5
68.21,2.007,24.23,2633.0,21.84,691.4,tarde,CNC,2,28.4,0,791.0
77.71,3.099,34.53,2644.0,82.14,1121.9,noite,CNC,0,35.9,0,582.2
83.6,2.53,34.09,2570.0,74.6,1637.2,tarde,CNC,0,51.7,0,370.1
69.98,2.063,27.51,2720.0,53.98,2747.0,tarde,CNC,7,10.5,0,806.4
77.91,2.921,31.05,1191.0,58.63,2091.2,tarde,prensa,1,139.8,0,569.5
78.51,2.149,31.5,2231.0,74.27,1336.4,manha,compressor,5,78.3,0,381.3
75.88,2.67,31.12,2687.0,58.98,2109.5,tarde,CNC,1,56.9,0,763.4
75.14,1.627,31.53,1841.0,54.5,1411.2,noite,esteira,3,43.5,0,329.6
86.37,3.811,28.59,1995.0,58.15,6332.7,noite,compressor,1,109.6,0,240.0
85.82,2.692,38.45,2491.0,85.33,1080.4,tarde,CNC,3,145.0,1,1.0
74.78,3.005,34.82,2569.0,83.29,1771.1,manha,CNC,0,19.2,0,579.2
76.83,1.584,27.94,2304.0,56.29,1615.4,noite,bomba,3,56.9,0,820.6
67.05,1.665,24.88,1417.0,40.98,1632.3,manha,esteira,1,69.4,0,883.8
65.03,2.248,21.52,2820.0,21.36,1164.6,noite,CNC,0,109.0,0,696.6
80.78,3.527,31.27,1167.0,67.61,5101.6,manha,prensa,2,86.2,0,240.0
79.55,3.223,33.19,1510.0,64.99,7525.5,tarde,esteira,2,72.5,0,240.0
69.31,2.529,26.37,1341.0,48.17,2946.3,noite,esteira,3,53.2,0,537.5
86.45,3.505,37.74,2645.0,91.27,2797.9,tarde,CNC,1,17.2,1,1.0
81.61,3.233,38.17,2347.0,77.22,791.8,manha,CNC,3,59.7,0,592.4
86.84,3.016,36.82,1525.0,93.17,5031.3,noite,esteira,1,45.0,0,501.1
79.84,2.374,29.99,2039.0,62.17,1410.4,manha,compressor,2,19.1,0,399.3
66.61,2.997,27.85,2579.0,55.49,726.3,manha,bomba,3,145.2,0,264.0
79.71,3.433,37.38,1608.0,85.12,3260.3,tarde,esteira,1,56.2,0,442.6
78.55,2.883,31.63,2722.0,67.82,4287.8,tarde,CNC,1,84.7,0,357.6
79.04,2.63,34.52,1383.0,79.8,5002.9,tarde,esteira,1,46.5,0,610.1
70.95,2.158,27.77,1305.0,56.02,1785.3,manha,prensa,2,24.4,0,517.3
77.5,2.485,33.5,1755.0,80.66,1656.7,tarde,esteira,1,88.8,0,351.1
82.6,3.484,32.87,1921.0,61.58,2666.5,noite,compressor,2,151.4,0,453.5
77.3,3.063,27.49,1390.0,63.18,2091.6,manha,esteira,2,107.9,0,380.8
83.92,3.462,32.29,2378.0,86.39,3298.0,tarde,bomba,2,74.6,0,414.4
79.01,3.034,35.48,1535.0,91.78,2683.3,tarde,esteira,3,45.4,0,346.7
84.63,3.773,34.58,1592.0,85.34,1335.9,noite,esteira,1,65.2,0,370.8
76.84,2.524,27.83,1553.0,53.62,5095.3,tarde,esteira,2,87.0,0,499.8
85.34,3.672,32.74,2099.0,71.93,3309.6,noite,compressor,2,42.6,0,453.9
84.61,3.145,37.94,2505.0,95.73,4230.8,manha,CNC,3,86.2,0,240.0
88.02,2.441,28.73,2922.0,55.21,1351.3,manha,CNC,1,48.0,0,682.1
82.42,2.525,37.73,2595.0,82.82,3254.5,noite,bomba,5,7.8,0,435.0
69.38,1.939,29.0,2460.0,49.15,3779.6,noite,bomba,3,25.5,0,797.7
80.48,1.901,26.44,2561.0,43.56,2621.4,tarde,bomba,6,49.8,0,692.7
77.72,2.621,30.29,2076.0,50.95,1155.8,tarde,compressor,6,59.6,0,462.6
75.4,2.302,24.43,1344.0,59.88,2477.4,tarde,esteira,0,101.1,0,744.4
89.02,2.675,38.78,1321.0,94.88,3576.1,manha,prensa,2,68.0,0,289.4
84.94,2.678,35.23,2482.0,74.74,4395.6,noite,CNC,1,13.3,0,429.4
69.12,1.746,23.53,1782.0,37.68,841.8,noite,esteira,2,86.9,0,537.2
75.0,2.213,35.96,2254.0,83.9,2590.6,tarde,bomba,1,43.8,0,531.7
72.85,2.42,27.94,2620.0,57.22,980.0,manha,bomba,5,17.1,0,798.2
78.72,2.944,29.64,2875.0,54.42,3603.0,manha,CNC,1,86.4,0,416.3
78.67,3.14,29.95,1315.0,73.28,4148.7,manha,esteira,3,95.5,0,560.5
71.93,3.431,31.05,1048.0,56.34,1271.0,noite,prensa,3,62.0,0,576.9
78.75,2.212,33.71,1587.0,78.69,1117.6,tarde,esteira,2,70.3,0,486.4
84.12,2.465,34.17,1443.0,74.99,1606.9,manha,prensa,3,60.6,0,645.0
79.43,2.597,27.86,1320.0,48.82,2139.0,tarde,prensa,2,84.6,0,585.8
79.97,3.238,37.87,1968.0,84.92,1473.9,noite,compressor,2,48.9,0,667.6
67.15,2.266,28.17,2629.0,51.15,3787.7,manha,bomba,2,7.0,0,703.5
75.33,3.065,30.6,2371.0,52.66,4408.5,tarde,compressor,6,25.9,0,575.4
72.38,2.408,28.31,1133.0,56.96,2526.8,tarde,prensa,0,30.1,0,624.4
66.54,2.497,26.13,2722.0,38.12,1505.5,manha,CNC,1,44.0,0,645.2
86.23,3.18,41.06,2151.0,94.15,2092.1,tarde,compressor,4,47.5,0,428.4
77.67,2.394,32.13,1449.0,56.04,2526.4,tarde,esteira,2,136.1,0,624.4
75.45,2.321,26.76,1980.0,67.72,2036.9,manha,compressor,0,55.6,0,367.9
77.12,1.435,35.75,1373.0,87.24,2252.2,manha,esteira,2,70.3,0,528.4
74.43,2.106,26.51,1833.0,56.43,4211.4,noite,compressor,5,50.3,0,559.9
68.35,2.916,27.56,1362.0,52.8,1444.1,manha,prensa,3,60.6,0,662.1
83.27,3.867,32.56,1129.0,74.94,6626.6,tarde,prensa,4,69.8,0,240.0
76.05,2.221,29.21,2275.0,49.13,2571.3,tarde,compressor,1,108.2,0,508.3
87.07,3.612,35.52,1555.0,86.88,1970.9,noite,esteira,2,106.6,0,447.4
77.27,1.882,32.75,2090.0,78.53,1421.4,noite,compressor,1,16.5,0,759.9
76.23,2.015,32.04,2614.0,65.01,1501.0,noite,bomba,0,31.0,0,945.4
82.79,2.761,32.82,2394.0,82.24,2386.6,tarde,bomba,3,43.7,0,641.3
70.08,3.125,28.91,1428.0,65.13,2560.7,tarde,esteira,3,101.3,0,484.5
84.47,4.003,35.19,2733.0,86.48,1928.3,tarde,CNC,2,65.4,0,370.7
79.1,2.457,32.18,2596.0,71.6,974.6,manha,CNC,4,47.4,0,292.3
72.33,2.155,29.99,1567.0,60.75,2386.9,tarde,esteira,1,20.6,0,774.7
57.68,2.198,19.62,2448.0,13.09,1518.8,manha,bomba,2,89.3,0,755.7
73.86,3.554,27.15,2397.0,53.21,689.3,tarde,bomba,3,111.4,0,608.9
76.03,3.694,36.61,2694.0,89.19,3371.5,tarde,CNC,0,26.9,0,281.2
74.84,1.785,28.93,2169.0,53.08,767.8,manha,compressor,3,12.9,0,553.9
81.46,3.038,33.85,1551.0,78.83,1877.7,manha,esteira,1,52.5,0,240.0
70.8,2.04,23.47,2578.0,44.66,2215.5,noite,CNC,1,53.4,0,756.1
78.46,3.424,26.12,1891.0,35.49,4744.0,tarde,compressor,1,131.7,0,464.6
70.81,2.713,29.18,1154.0,50.89,716.4,noite,prensa,4,35.3,0,694.9
82.9,2.88,39.05,2545.0,94.65,3579.9,tarde,CNC,1,30.8,0,339.2
74.37,2.987,31.09,1603.0,66.03,3900.4,noite,esteira,2,29.9,0,286.0
87.37,3.068,34.12,2859.0,67.24,5549.5,noite,CNC,2,21.9,0,446.5
71.79,2.499,29.64,1516.0,56.56,4321.5,manha,esteira,1,48.2,0,772.7
80.04,2.337,26.33,1657.0,47.58,2259.6,noite,esteira,2,92.8,0,364.2
77.12,2.633,29.54,1121.0,57.61,3670.6,manha,prensa,1,95.4,0,339.5
77.4,3.239,32.35,2620.0,76.62,4873.3,tarde,CNC,3,22.8,0,437.5
77.34,3.244,22.76,2361.0,35.38,585.4,noite,bomba,4,104.0,0,571.7
83.65,3.829,38.46,1596.0,94.01,968.7,manha,esteira,0,56.2,0,557.4
78.21,2.675,32.95,2582.0,76.32,2715.9,tarde,CNC,3,9.8,0,700.4
87.7,2.399,37.1,2707.0,85.02,3875.3,manha,CNC,3,86.0,0,311.2
86.26,2.867,37.3,2663.0,75.14,3302.3,manha,CNC,0,107.6,0,328.4
80.53,3.197,37.06,1254.0,82.16,2858.9,manha,prensa,4,37.0,0,778.6
86.26,3.266,33.69,1409.0,86.56,5505.8,manha,esteira,5,55.3,0,303.6
74.8,2.915,29.44,2197.0,63.72,1926.0,manha,bomba,4,47.0,0,495.3
72.76,2.872,32.95,1462.0,71.35,1478.9,tarde,esteira,5,58.9,0,463.7
66.8,2.441,26.3,2509.0,41.1,1703.7,tarde,bomba,3,46.0,0,287.5
77.26,2.847,36.2,1840.0,75.69,2749.2,tarde,compressor,1,63.0,0,579.1
79.71,2.533,32.33,1901.0,72.84,2209.0,tarde,compressor,0,6.6,0,775.9
84.31,2.704,33.91,2349.0,89.6,3998.9,manha,bomba,3,35.9,0,757.1
78.95,2.542,27.73,2550.0,57.72,1532.2,manha,CNC,2,49.9,0,545.9
84.81,3.541,35.45,1625.0,72.23,2957.7,noite,prensa,3,79.5,0,343.6
73.96,2.906,31.65,1559.0,68.83,3677.9,noite,esteira,2,6.7,0,630.9
85.38,2.511,37.16,1972.0,83.17,4871.5,tarde,compressor,0,108.0,0,299.6
78.53,3.134,33.9,2549.0,81.99,1091.2,manha,bomba,5,55.6,0,593.8
80.51,2.55,31.02,2609.0,71.18,1683.1,noite,CNC,3,102.3,0,422.7
76.36,3.066,31.41,1211.0,59.85,2112.5,noite,prensa,2,69.0,0,256.4
81.64,2.699,30.27,1442.0,72.21,878.7,tarde,prensa,4,125.5,0,566.8
88.76,3.525,35.92,948.0,80.24,2845.7,manha,prensa,1,71.9,0,240.0
90.86,2.955,40.19,1957.0,88.9,2820.3,manha,compressor,3,13.7,0,552.7
73.4,2.405,24.81,2697.0,57.67,2680.7,tarde,CNC,3,82.0,0,760.9
79.34,2.997,28.52,2518.0,61.52,2035.2,noite,CNC,0,59.4,0,266.2
76.86,2.26,28.65,2515.0,53.92,4573.2,tarde,CNC,1,34.1,0,602.5
74.74,3.064,30.17,2759.0,65.87,1710.1,manha,CNC,2,61.2,0,574.4
88.47,3.569,34.49,2523.0,80.24,4338.2,tarde,CNC,3,73.1,0,240.0
75.86,3.064,37.93,1267.0,76.22,1686.2,noite,prensa,4,63.5,0,549.7
73.09,1.764,24.28,2642.0,39.94,1071.0,tarde,CNC,2,16.8,0,666.3
72.09,3.184,25.16,2645.0,40.15,2271.1,noite,CNC,2,133.2,0,434.2
66.79,2.63,24.56,1489.0,47.53,2529.3,tarde,esteira,1,89.9,0,548.9
82.17,3.858,32.73,2494.0,85.85,2985.2,manha,bomba,4,53.2,0,440.7
82.52,1.546,32.57,1662.0,68.75,452.6,tarde,esteira,3,43.7,0,566.7
93.47,3.162,32.17,2268.0,82.86,1903.4,tarde,bomba,1,127.8,0,443.3
85.34,3.628,34.48,957.0,91.26,6360.5,noite,prensa,7,63.1,1,1.0
75.92,2.674,31.65,2410.0,68.31,1608.7,tarde,bomba,1,17.8,0,700.4
82.02,2.888,35.05,2270.0,78.04,3906.0,tarde,bomba,2,128.2,0,532.5
69.69,1.979,22.61,1375.0,36.55,9901.9,tarde,esteira,3,38.9,0,554.5
93.07,3.566,35.56,1821.0,88.98,7014.2,tarde,compressor,1,17.6,0,384.3
78.6,2.087,29.54,2030.0,71.97,1183.8,manha,compressor,3,64.0,0,274.3
76.86,2.08,33.13,2075.0,68.99,3721.6,noite,compressor,3,32.6,0,508.1
79.28,2.97,33.71,2552.0,77.08,3854.3,tarde,CNC,3,49.4,0,609.3
75.02,3.772,30.51,1493.0,64.66,3387.4,tarde,esteira,4,70.9,0,497.2
78.07,2.379,28.39,2769.0,64.83,1054.2,tarde,CNC,0,2.7,0,723.4
79.15,2.605,34.03,2830.0,71.2,2668.2,manha,CNC,1,58.6,0,566.9
83.96,3.314,32.43,2812.0,75.05,2657.4,tarde,CNC,0,111.0,0,240.0
87.27,3.182,39.51,1442.0,96.53,954.2,tarde,esteira,1,19.1,0,460.3
74.45,2.441,28.68,2009.0,59.42,1970.2,tarde,compressor,1,5.3,0,557.2
81.66,2.828,34.82,2190.0,79.48,2738.3,tarde,bomba,3,92.0,0,445.7
83.84,2.303,33.94,1601.0,86.41,2231.0,noite,esteira,4,56.7,0,516.1
83.08,3.858,38.26,2627.0,89.08,3530.0,noite,CNC,1,76.6,0,240.0
76.96,2.272,30.13,1715.0,74.09,1939.8,manha,esteira,2,39.3,0,712.1
84.78,3.204,33.73,2099.0,72.16,2508.5,manha,compressor,1,62.7,0,394.4
84.95,3.947,32.45,2513.0,81.81,4048.4,tarde,CNC,1,129.1,0,240.0
86.54,3.03,32.63,2350.0,75.18,5940.6,tarde,bomba,3,77.4,0,370.5
64.33,1.327,25.06,1231.0,32.47,1038.4,tarde,prensa,3,21.1,0,805.2
82.26,3.067,29.87,1953.0,68.07,3453.7,tarde,compressor,0,105.1,0,535.8
85.91,3.1,37.13,2395.0,88.23,1750.5,noite,bomba,3,51.0,0,575.9
84.2,3.318,36.88,1973.0,82.94,3007.3,manha,compressor,4,7.5,0,602.3
81.13,2.69,31.95,2590.0,88.1,984.6,tarde,bomba,2,28.2,0,736.4
76.45,2.756,36.04,2169.0,85.02,4628.0,manha,bomba,1,23.4,0,742.5
81.56,2.405,34.35,2570.0,69.68,1414.4,tarde,bomba,0,49.3,0,431.1
70.18,2.976,26.78,2288.0,53.9,4090.1,tarde,bomba,7,107.1,0,315.1
67.32,2.823,25.18,2260.0,47.54,1077.8,tarde,CNC,2,89.2,0,374.2
81.74,3.761,30.83,2184.0,79.07,845.4,manha,bomba,3,33.5,0,405.4
72.34,3.383,26.08,2376.0,52.11,2065.8,noite,bomba,4,72.5,0,321.3
79.89,2.743,35.23,2344.0,75.23,2683.4,noite,bomba,0,37.1,0,670.3
70.31,2.4,27.47,2667.0,53.59,7370.8,tarde,CNC,1,43.4,0,636.3
74.39,2.284,27.5,2009.0,42.83,2645.2,noite,compressor,1,66.3,0,696.0
79.27,1.945,29.13,2179.0,60.26,1181.7,tarde,compressor,2,19.1,0,634.8
63.09,2.278,23.71,2634.0,34.29,3718.1,noite,CNC,2,46.2,0,565.5
79.21,2.365,34.06,2717.0,67.21,5063.9,manha,CNC,2,46.6,0,503.5
77.27,1.925,30.93,2210.0,50.5,1362.8,manha,compressor,5,30.4,0,880.8
67.42,1.897,28.18,1568.0,53.88,4005.4,manha,esteira,2,71.8,0,749.0
87.07,3.909,36.88,2566.0,92.78,4707.0,manha,CNC,1,72.2,0,411.9
73.42,2.248,27.74,1708.0,59.48,3769.5,tarde,esteira,2,25.2,0,420.6
73.97,1.573,30.5,2423.0,56.01,1556.2,manha,bomba,1,18.5,0,797.5
71.23,2.649,28.09,1423.0,55.2,2700.3,tarde,esteira,2,51.4,0,621.6
79.39,3.84,39.09,2020.0,89.37,3005.1,manha,compressor,1,27.4,0,320.9
80.24,2.841,31.23,2435.0,81.82,4551.6,manha,bomba,3,39.7,0,529.2
73.84,2.085,30.63,2558.0,68.44,1624.1,noite,bomba,1,2.3,0,574.4
80.23,2.61,32.6,1310.0,72.46,4062.4,tarde,prensa,1,46.3,0,484.7
85.97,3.077,35.68,2480.0,80.91,2183.4,noite,bomba,2,41.1,0,348.9
74.11,3.197,31.41,2364.0,80.3,1903.5,tarde,bomba,3,19.7,0,438.3
80.8,2.77,30.77,2531.0,64.81,2454.4,manha,bomba,1,85.9,0,240.0
73.1,1.115,26.31,1541.0,35.91,386.9,tarde,esteira,3,40.4,0,953.0
87.44,3.358,35.14,2580.0,79.44,503.0,tarde,CNC,2,55.8,0,475.2
89.72,3.033,36.55,2144.0,85.92,624.4,manha,bomba,1,83.0,0,363.5
79.65,2.8,30.35,2456.0,69.49,3082.7,noite,bomba,3,74.8,0,644.8
71.0,2.379,25.65,1180.0,42.01,2039.9,tarde,prensa,2,15.3,0,703.9
65.0,2.803,24.94,2257.0,48.89,1559.4,noite,bomba,2,57.7,0,450.2
72.79,1.946,29.8,1924.0,49.24,2324.3,tarde,compressor,2,30.1,0,798.8
80.58,2.255,29.15,1311.0,50.54,4116.2,tarde,prensa,3,101.7,0,317.5
76.22,3.278,32.44,2056.0,69.5,2259.3,manha,compressor,3,146.6,0,401.9
79.67,3.242,34.88,2676.0,81.17,1159.8,noite,CNC,2,110.3,0,295.6
76.8,3.335,30.68,2558.0,51.91,8036.7,tarde,CNC,2,84.7,0,313.3
66.85,2.968,32.09,2657.0,53.13,2395.9,manha,CNC,2,49.7,0,710.8
88.37,2.886,33.57,2606.0,73.99,4730.5,manha,CNC,1,89.4,0,301.1
80.85,2.938,32.02,1937.0,66.94,3789.6,tarde,compressor,2,11.0,0,517.5
75.31,2.542,30.75,1629.0,62.09,1825.1,noite,esteira,5,32.7,0,663.9
88.29,3.664,39.59,1346.0,91.35,5892.1,noite,esteira,2,72.7,0,290.9
68.71,1.407,27.31,2588.0,41.77,1642.6,tarde,CNC,0,45.5,0,719.2
76.43,2.748,30.9,2452.0,61.24,3051.3,noite,bomba,3,22.3,0,391.2
74.82,2.506,33.08,2761.0,68.0,2817.2,noite,CNC,2,71.5,0,682.7
69.23,3.263,30.66,1117.0,60.21,2974.8,manha,prensa,2,123.8,0,354.4
80.03,2.647,28.66,2688.0,66.46,5338.3,tarde,CNC,3,117.0,0,265.7
84.96,2.721,35.5,2454.0,74.92,2433.8,manha,bomba,2,33.1,0,631.0
87.76,3.106,30.45,2005.0,66.32,2716.0,manha,compressor,4,137.4,0,263.6
60.7,2.535,18.53,2395.0,10.34,2796.3,tarde,bomba,2,37.8,0,735.8
84.86,3.183,34.06,2018.0,83.95,7195.7,manha,compressor,2,58.6,0,279.7
66.98,2.098,26.64,1504.0,50.56,4528.9,noite,esteira,1,98.5,0,576.4
80.08,3.11,31.74,2821.0,65.57,815.5,noite,CNC,4,6.4,0,459.6
72.65,2.647,28.6,1281.0,40.67,1682.8,manha,prensa,1,56.3,0,658.4
76.74,2.718,31.32,2378.0,70.99,2536.7,tarde,bomba,2,26.8,0,559.4
73.01,2.707,37.15,1437.0,82.89,5276.1,tarde,esteira,0,41.3,0,240.0
65.96,1.98,24.01,1496.0,51.02,5567.1,manha,esteira,1,98.4,0,563.0
73.81,2.177,25.52,1188.0,50.42,2347.9,manha,prensa,0,37.6,0,625.3
75.28,2.685,32.83,2417.0,82.12,1647.4,manha,CNC,1,49.8,0,658.8
79.89,2.407,32.7,2237.0,63.89,2151.0,manha,compressor,0,51.7,0,586.6
80.13,2.535,29.41,2616.0,65.61,2592.2,manha,CNC,3,81.6,0,263.5
73.67,2.603,29.28,2606.0,69.36,2060.9,manha,CNC,3,94.5,0,646.9
76.73,3.123,33.81,2557.0,61.72,4798.1,manha,bomba,2,64.0,0,386.8
78.85,2.47,34.4,1162.0,81.18,1938.6,noite,prensa,1,40.3,0,500.6
82.58,2.947,35.41,1299.0,69.77,1375.0,manha,prensa,1,60.8,0,395.9
95.05,3.096,37.79,2395.0,84.03,2122.7,manha,bomba,7,39.0,0,378.2
72.76,2.616,27.78,2393.0,43.31,2902.4,tarde,bomba,4,144.7,0,386.0
78.89,2.653,31.15,1426.0,55.0,4848.7,manha,esteira,4,49.9,0,424.0
90.27,3.689,36.22,1315.0,88.68,1304.2,tarde,prensa,2,108.5,0,468.3
87.2,3.641,35.51,2828.0,95.25,2913.3,manha,CNC,1,108.9,0,240.0
78.27,3.103,31.44,2271.0,62.31,2965.7,tarde,bomba,1,64.2,0,699.9
58.47,0.631,19.57,1600.0,19.58,3293.5,tarde,esteira,4,69.7,0,815.5
73.86,3.492,28.09,2088.0,44.76,1937.5,tarde,compressor,2,69.9,0,459.0
74.48,3.278,29.94,2104.0,50.58,3261.2,tarde,compressor,3,79.0,0,621.2
75.1,2.957,23.24,1300.0,35.22,3734.5,tarde,prensa,2,21.3,0,772.2
87.68,3.6,36.89,991.0,95.51,1924.4,manha,prensa,1,185.5,0,240.0
75.55,2.927,32.26,1129.0,71.3,2713.8,manha,prensa,1,60.2,0,385.0
70.4,2.708,31.12,1450.0,56.59,2202.7,tarde,esteira,4,123.4,0,792.6
82.53,2.61,31.45,2807.0,73.43,1496.9,manha,CNC,3,61.0,0,641.9
76.37,2.794,34.01,2043.0,60.7,1002.1,manha,compressor,5,63.4,0,550.3
67.94,2.501,26.49,2479.0,61.55,1642.1,tarde,bomba,1,34.3,0,785.1
85.17,2.33,38.37,2415.0,83.34,1717.6,manha,bomba,2,38.2,0,454.0
72.55,2.903,34.07,2442.0,78.71,991.1,manha,bomba,1,9.5,0,856.3
82.88,3.842,36.12,2347.0,83.44,3137.5,tarde,bomba,2,164.3,0,345.8
75.51,2.605,29.05,1930.0,49.24,3886.9,tarde,compressor,3,110.7,0,587.2
64.38,1.388,20.86,1504.0,43.16,2166.6,noite,esteira,2,34.2,0,868.9
74.36,3.145,32.06,2010.0,72.02,2364.5,noite,compressor,5,57.0,0,535.3
82.92,2.616,31.59,2056.0,66.63,1790.0,noite,compressor,1,79.7,0,635.7
72.95,2.249,28.78,2575.0,43.73,2284.5,tarde,CNC,1,22.8,0,569.0
78.87,2.378,32.53,2889.0,72.67,3275.2,manha,CNC,1,31.7,0,534.8
77.76,3.194,34.56,1296.0,69.92,2916.6,tarde,esteira,1,51.7,0,240.0
75.96,3.03,36.62,1820.0,73.32,2276.4,tarde,compressor,2,128.8,0,240.0
81.24,2.342,34.54,2713.0,75.34,1717.0,tarde,CNC,1,33.5,0,591.1
80.08,2.798,32.93,1601.0,73.36,3703.0,manha,esteira,4,81.2,0,431.2
86.76,2.77,33.59,2549.0,85.38,1828.7,manha,bomba,4,159.1,0,353.0
78.82,2.358,31.87,2596.0,62.57,1046.6,manha,CNC,2,111.6,0,297.7
75.11,1.525,25.45,2094.0,40.57,2619.1,manha,compressor,4,20.6,0,913.8
76.02,2.608,34.29,2733.0,67.4,709.2,manha,CNC,3,39.2,0,676.7
76.38,3.039,27.44,2575.0,62.34,2847.5,noite,bomba,1,52.0,0,575.7
65.74,2.016,25.07,2487.0,45.36,2970.4,manha,CNC,2,29.9,0,586.0
82.58,3.514,34.68,2652.0,72.25,1631.0,tarde,CNC,1,100.3,0,240.0
78.48,2.53,38.03,2734.0,81.54,1780.4,noite,CNC,2,18.8,0,465.2
79.39,2.788,36.35,2350.0,83.27,4005.1,manha,bomba,1,34.0,0,477.5
86.89,4.16,40.63,2639.0,96.31,6809.0,tarde,CNC,1,69.2,0,431.0
79.57,3.463,37.22,1415.0,93.74,2443.6,tarde,esteira,4,54.8,0,503.3
79.86,2.966,38.11,2828.0,81.66,512.9,manha,CNC,0,29.6,0,610.3
77.7,3.15,28.55,2136.0,50.87,1652.1,tarde,bomba,1,137.7,0,361.3
79.54,3.216,36.55,2038.0,84.24,2986.0,noite,compressor,0,24.0,0,325.1
84.16,3.529,35.31,2120.0,80.25,2222.8,noite,compressor,1,91.2,0,543.8
86.34,2.987,34.85,2572.0,83.32,2870.9,noite,CNC,3,77.3,0,457.0
63.67,3.312,29.14,1608.0,56.07,2624.0,noite,esteira,2,80.3,0,602.2
79.98,2.097,28.61,1266.0,49.16,2662.8,manha,prensa,1,14.2,0,525.2
78.38,2.783,34.63,2685.0,77.1,545.6,noite,CNC,3,52.4,0,616.6
65.06,2.203,19.82,2721.0,35.08,1777.0,tarde,CNC,0,64.9,0,857.1
77.82,3.071,29.06,1223.0,62.42,1672.5,tarde,prensa,2,71.5,0,534.0
80.59,3.417,34.99,2174.0,88.07,1657.7,noite,bomba,1,48.1,0,391.9
76.66,1.592,26.99,2844.0,59.61,3417.7,noite,CNC,2,81.5,0,335.1
67.27,3.011,23.61,2823.0,40.21,1112.8,noite,CNC,5,50.0,0,795.8
81.21,3.202,33.87,2523.0,70.92,547.8,manha,bomba,4,28.5,0,667.4
78.41,2.424,26.4,1487.0,40.97,1634.5,tarde,esteira,4,29.9,0,532.0
85.26,3.134,37.41,2446.0,84.34,1427.8,manha,bomba,4,73.8,0,397.1
76.97,3.16,32.16,1022.0,60.46,2453.4,tarde,prensa,1,31.0,0,455.0
75.65,2.879,33.54,2185.0,67.88,1421.1,noite,bomba,0,85.6,0,322.1
78.39,2.621,28.46,2400.0,50.41,2030.7,noite,compressor,1,30.9,0,778.7
77.91,3.258,36.53,1930.0,76.51,1856.6,tarde,compressor,3,21.9,0,345.0
80.48,3.534,27.98,1962.0,53.5,4711.0,tarde,compressor,3,165.8,0,240.0
71.71,3.033,30.09,2641.0,48.95,1445.0,manha,CNC,2,121.8,0,244.1
78.74,2.25,37.49,2671.0,86.58,3301.9,manha,CNC,2,59.1,0,352.9
75.96,2.618,31.86,2092.0,61.31,2267.5,manha,compressor,1,38.1,0,527.5
78.04,2.578,34.5,1425.0,82.87,4054.6,noite,esteira,1,86.6,0,447.8
83.91,3.593,27.57,2547.0,53.18,5514.9,manha,CNC,0,188.5,0,240.0
78.04,2.634,33.17,2220.0,73.36,2246.3,noite,compressor,4,41.5,0,662.0
79.36,2.917,29.15,2443.0,70.15,725.4,manha,bomba,4,161.5,0,459.7
77.69,3.293,36.0,2487.0,78.73,1118.2,noite,bomba,6,37.9,0,539.2
72.03,3.062,31.78,1283.0,75.6,943.6,tarde,esteira,8,16.5,0,580.8
83.11,3.246,33.94,1575.0,82.96,1783.0,tarde,esteira,5,56.9,0,478.3
77.3,2.866,29.82,1550.0,78.0,1612.5,tarde,esteira,5,13.9,0,432.9
88.98,2.396,30.9,2545.0,71.54,2699.3,tarde,CNC,1,83.8,0,459.3
83.79,2.492,37.51,2311.0,67.88,3879.0,noite,compressor,5,20.6,0,681.2
79.37,2.178,31.84,2210.0,74.63,670.6,tarde,bomba,1,76.0,0,913.0
77.44,2.203,31.75,2625.0,58.4,2370.8,manha,CNC,1,96.0,0,632.5
80.29,3.187,29.95,2759.0,71.28,1471.0,manha,CNC,2,152.2,0,240.0
72.2,2.984,28.28,2683.0,65.65,2420.1,tarde,CNC,3,16.7,0,511.9
66.04,2.789,25.96,1834.0,42.14,1787.6,tarde,compressor,4,34.0,0,874.8
75.82,2.132,32.41,2262.0,69.98,3514.8,tarde,compressor,2,43.2,0,606.0
80.24,2.527,28.2,2421.0,56.62,1171.6,tarde,CNC,2,78.9,0,543.9
74.51,2.157,29.76,1372.0,61.3,1531.4,tarde,esteira,2,50.0,0,539.8
84.56,2.024,33.51,1362.0,81.77,2153.2,noite,prensa,0,25.1,0,315.4
83.38,3.252,36.29,2521.0,77.15,1903.7,noite,CNC,1,37.7,0,472.4
81.27,3.499,37.97,1185.0,77.18,2145.3,tarde,prensa,6,63.9,0,409.8
71.58,2.08,31.39,2540.0,57.95,792.3,tarde,CNC,0,41.1,0,668.0
87.01,3.066,26.98,1174.0,55.75,5053.4,noite,prensa,1,138.9,0,240.0
70.42,2.231,24.04,1384.0,28.07,1703.6,tarde,prensa,3,71.1,0,800.1
65.66,2.453,26.36,2457.0,50.79,1224.6,noite,CNC,2,25.1,0,579.7
62.23,1.743,24.49,1552.0,44.31,2183.5,manha,esteira,5,53.4,0,925.3
78.72,2.314,30.42,997.0,54.15,2382.9,tarde,prensa,1,82.0,0,421.0
83.13,3.141,36.43,1455.0,87.59,6286.8,tarde,prensa,2,66.9,0,240.0
74.86,3.332,28.9,1104.0,53.44,4231.2,tarde,prensa,4,39.3,0,573.7
64.25,2.879,28.07,2482.0,53.69,1879.8,manha,bomba,4,47.8,0,554.5
75.83,2.338,28.83,2660.0,63.42,5671.9,tarde,CNC,1,52.4,0,425.9
74.36,1.958,23.6,1494.0,41.65,5059.8,manha,esteira,3,103.0,0,549.7
84.15,2.946,37.1,2312.0,95.59,1232.4,noite,bomba,0,83.5,0,281.5
61.92,1.336,21.76,2212.0,26.46,7097.6,manha,bomba,1,16.3,0,856.1
82.41,4.283,34.39,2224.0,74.72,1722.6,manha,compressor,8,134.6,0,312.8
89.0,3.498,39.91,2201.0,96.8,2550.3,tarde,bomba,1,160.9,0,564.6
80.41,3.442,33.73,2608.0,78.93,4630.3,tarde,CNC,4,42.1,0,597.8
65.83,2.059,28.52,1478.0,55.58,673.1,manha,esteira,3,76.1,0,785.6
78.96,3.054,29.83,2684.0,50.2,2146.3,tarde,CNC,2,232.1,0,240.0
66.27,1.894,24.52,1809.0,40.53,2784.8,tarde,esteira,3,55.5,0,680.9
73.98,2.566,29.45,1413.0,55.85,4143.0,manha,esteira,4,63.7,0,624.5
70.64,2.578,27.74,2080.0,47.48,2314.9,tarde,compressor,1,87.4,0,302.1
87.84,3.551,34.36,2505.0,82.11,679.7,tarde,bomba,4,123.8,0,386.2
79.76,3.338,27.01,2235.0,56.2,6260.3,noite,compressor,2,12.1,0,308.4
75.9,2.425,28.99,1220.0,63.8,2364.8,manha,prensa,0,54.4,0,494.4
76.75,2.741,31.8,1467.0,60.66,2848.2,manha,esteira,3,123.6,0,240.0
90.06,2.563,31.64,2222.0,79.32,855.7,noite,compressor,3,89.3,0,446.9
83.82,2.719,35.44,2377.0,67.73,4935.6,tarde,CNC,2,71.3,0,466.1
82.65,2.635,29.72,2766.0,64.11,1738.1,manha,CNC,3,64.0,0,431.5
81.09,2.949,26.68,1939.0,59.09,1474.5,noite,compressor,3,119.7,0,405.5
85.13,3.609,35.81,1204.0,90.45,4327.6,manha,prensa,6,82.5,0,395.0
74.83,2.722,22.43,1482.0,47.8,926.7,noite,esteira,1,153.5,0,544.5
71.72,2.196,17.92,2565.0,20.08,2872.4,tarde,CNC,2,49.6,0,741.9
83.88,1.866,36.5,1566.0,90.48,1445.8,noite,esteira,2,7.8,0,465.5
86.75,4.019,35.17,1969.0,96.35,3071.0,noite,compressor,1,110.5,0,240.0
73.28,2.138,26.07,1653.0,58.44,3545.0,manha,esteira,0,45.9,0,570.1
70.66,1.835,23.46,2543.0,29.93,1699.9,noite,CNC,1,58.2,0,592.4
81.15,3.655,33.19,2235.0,74.26,4774.3,manha,bomba,6,66.7,0,240.0
83.22,2.102,34.41,1255.0,74.31,2367.4,tarde,prensa,0,38.6,0,720.5
72.88,2.583,29.65,2626.0,57.23,6311.9,tarde,CNC,0,20.0,0,579.0
71.23,3.153,25.7,2560.0,41.97,4358.0,manha,bomba,2,106.0,0,240.0
74.89,2.361,29.92,1261.0,53.99,2527.5,manha,prensa,1,2.8,0,765.8
87.82,3.271,37.45,2565.0,84.75,2516.6,manha,CNC,2,192.7,0,420.4
80.68,3.01,35.93,2483.0,87.08,992.5,manha,CNC,4,59.2,0,463.3
76.02,4.107,38.55,2410.0,96.74,4324.3,manha,bomba,6,7.9,1,75.9
67.76,3.579,25.08,1899.0,62.38,1597.8,noite,compressor,0,116.3,0,784.6
76.6,2.328,30.63,2638.0,67.51,2690.3,tarde,CNC,3,11.8,0,583.8
82.18,3.875,35.59,1931.0,70.78,6280.4,noite,compressor,1,37.5,0,458.8
75.21,3.2,27.21,1505.0,54.4,4724.3,noite,esteira,2,164.0,0,288.8
74.99,1.507,28.96,2054.0,49.63,1285.4,noite,compressor,1,78.3,0,510.1
80.01,2.548,27.47,2212.0,44.05,2375.3,tarde,compressor,6,70.8,0,652.9
77.59,3.698,31.95,1360.0,77.1,2852.2,noite,esteira,2,77.3,0,240.0
74.92,2.398,28.9,2393.0,51.55,5051.8,noite,bomba,1,28.5,0,522.3
85.3,3.364,32.82,1532.0,77.94,4635.4,noite,esteira,0,6.0,0,575.0
80.45,2.795,33.76,2021.0,80.8,3284.7,noite,compressor,2,80.1,0,488.2
88.84,2.558,32.8,1352.0,74.97,3106.8,tarde,prensa,3,73.4,0,240.0
81.05,3.185,29.72,2386.0,66.73,2349.1,tarde,bomba,6,51.9,0,636.9
83.19,3.869,32.65,2445.0,81.1,2803.7,noite,CNC,3,135.7,0,361.0
73.67,3.317,33.41,1254.0,81.0,2027.3,tarde,prensa,3,96.4,0,452.6
81.02,2.934,30.39,2631.0,61.03,3736.5,noite,bomba,2,22.8,0,628.0
87.08,2.642,32.73,2547.0,74.7,3201.2,manha,CNC,7,43.2,0,402.6
77.78,2.434,32.65,2627.0,76.94,4236.5,manha,CNC,2,37.1,0,443.3
85.65,2.906,37.84,2425.0,71.69,4169.5,tarde,bomba,1,29.2,0,292.5
78.29,3.279,37.26,2726.0,87.64,1593.0,manha,CNC,1,125.4,0,331.5
77.09,2.792,26.46,2187.0,57.79,446.6,noite,compressor,2,43.1,0,678.5
75.11,2.755,29.96,2645.0,58.05,1515.3,manha,CNC,4,97.6,0,338.3
78.11,3.154,34.79,1997.0,78.75,2791.1,tarde,compressor,2,81.3,0,387.4
71.14,3.159,33.88,2036.0,45.25,2029.3,manha,compressor,3,22.3,0,543.5
83.64,2.887,35.61,2411.0,82.72,1978.1,noite,bomba,2,125.4,0,309.2
72.94,2.757,35.77,2556.0,68.52,1456.7,tarde,CNC,3,55.5,0,722.4
69.46,1.924,22.04,2468.0,27.77,3022.1,manha,CNC,3,43.1,0,670.8
72.44,2.462,29.58,2408.0,67.02,694.7,manha,bomba,1,17.4,0,766.9
82.22,3.248,32.9,2002.0,82.65,3269.7,tarde,compressor,3,30.5,0,665.7
70.75,2.319,23.49,2351.0,22.56,3304.6,noite,bomba,2,25.4,0,737.5
73.71,2.794,28.28,2708.0,61.47,4183.9,noite,CNC,6,13.7,0,452.1
66.16,2.629,25.06,2584.0,45.17,10449.7,manha,CNC,4,77.5,0,383.4
79.0,2.291,35.33,2636.0,80.26,402.6,tarde,CNC,1,26.3,0,743.8
87.0,3.166,36.37,1898.0,90.21,3220.0,manha,compressor,3,61.7,0,244.6
82.35,3.029,33.85,1980.0,74.65,3589.7,tarde,compressor,1,117.3,0,325.8
80.06,2.901,29.14,1296.0,69.16,1517.8,tarde,esteira,2,90.4,0,445.2
81.21,2.896,27.43,1974.0,68.49,2117.7,manha,compressor,3,68.2,0,665.2
79.7,3.1,38.42,2307.0,87.92,1753.4,tarde,bomba,3,8.8,0,627.2
71.95,1.48,27.46,2405.0,38.58,3339.4,noite,bomba,4,13.7,0,715.0
84.34,2.959,34.62,2639.0,82.98,4443.8,manha,CNC,2,35.7,0,387.5
80.66,2.979,33.26,2369.0,74.37,1087.3,manha,bomba,2,71.9,0,566.2
83.41,3.682,33.98,1929.0,85.46,3044.6,manha,compressor,2,25.9,0,240.0
77.21,2.013,28.87,1854.0,55.98,4965.8,manha,compressor,1,25.3,0,697.7
74.19,3.267,32.38,2799.0,49.07,1590.5,manha,CNC,3,113.6,0,369.9
80.22,3.503,39.44,1409.0,89.1,325.4,tarde,esteira,4,47.4,0,572.2
73.46,2.662,27.68,1225.0,46.39,1347.2,manha,prensa,4,14.4,0,871.1
88.54,4.011,33.83,2552.0,94.08,1246.3,noite,CNC,3,73.1,0,489.5
79.01,2.368,32.94,2530.0,69.25,1395.4,noite,bomba,3,19.6,0,748.6
77.59,2.309,28.57,1512.0,57.52,6219.1,noite,esteira,2,71.9,0,580.3
70.74,3.112,30.02,1956.0,64.32,7029.3,tarde,compressor,1,42.0,0,497.9
77.16,2.561,28.86,1567.0,56.52,5327.8,manha,esteira,1,57.9,0,512.1
76.18,2.493,38.01,2238.0,80.61,2003.1,manha,bomba,2,24.7,0,282.3
88.99,3.619,36.08,1194.0,84.31,5443.5,manha,prensa,3,40.2,0,482.4
73.69,3.409,34.54,860.0,72.19,453.3,noite,prensa,1,35.9,0,330.1
87.12,3.3,35.45,2690.0,79.91,1198.1,noite,CNC,4,27.4,0,641.8
66.24,2.655,28.65,2018.0,51.03,3788.2,tarde,compressor,2,41.2,0,327.2
70.93,0.866,28.04,2407.0,46.26,1680.7,manha,bomba,0,8.9,0,725.4
85.09,2.766,36.85,2773.0,95.04,1093.3,tarde,CNC,3,86.7,0,280.1
78.93,2.773,27.04,1968.0,57.31,2990.2,manha,compressor,0,83.5,0,805.2
90.54,3.539,38.71,1124.0,82.7,3033.2,noite,prensa,2,43.1,0,275.1
77.74,1.997,27.97,2455.0,64.86,3207.8,manha,CNC,2,44.0,0,602.3
79.92,2.724,30.21,2085.0,56.53,3421.2,manha,compressor,3,40.1,0,591.9
84.42,3.072,36.45,1489.0,73.71,2903.3,tarde,esteira,0,86.6,0,555.2
70.48,2.369,27.93,2187.0,47.14,2242.0,manha,compressor,2,34.5,0,637.2
88.78,3.357,38.37,2034.0,90.5,2497.2,tarde,compressor,0,100.0,0,240.0
90.93,2.699,38.19,1261.0,89.6,3818.6,noite,prensa,2,17.9,0,389.9
85.16,3.715,36.77,2112.0,78.28,2840.1,manha,compressor,4,100.4,0,291.9
72.52,2.08,32.99,2721.0,62.42,1799.8,tarde,CNC,2,6.3,0,845.9
74.93,3.065,25.35,2641.0,52.13,1501.2,tarde,CNC,3,38.9,0,435.0
75.46,2.721,30.99,1293.0,51.87,2484.4,manha,prensa,0,87.7,0,717.4
87.66,3.67,36.13,2678.0,87.71,4952.8,manha,CNC,1,96.8,0,240.0
79.28,3.301,33.38,2533.0,83.46,3451.6,manha,bomba,3,18.6,0,502.5
81.56,2.895,30.74,2912.0,72.99,5102.0,manha,CNC,2,74.4,0,240.0
74.86,2.863,29.19,1946.0,53.07,1982.1,manha,compressor,3,69.2,0,499.3
82.07,3.06,33.79,1270.0,81.64,2716.8,noite,prensa,2,77.3,1,121.6
86.41,3.0,31.87,2314.0,66.79,2959.3,tarde,bomba,1,216.1,0,240.0
85.02,3.577,34.16,1144.0,77.47,3919.3,noite,prensa,2,230.8,0,240.0
73.46,2.553,29.99,2716.0,58.15,1984.0,tarde,CNC,1,116.6,0,429.7
68.39,3.301,29.59,2431.0,52.93,3446.3,tarde,bomba,5,26.4,0,650.8
77.61,2.291,34.73,1365.0,73.11,4795.2,tarde,esteira,4,37.3,0,774.6
85.77,3.731,39.47,1994.0,91.12,2316.8,manha,compressor,2,59.5,0,336.0
77.18,2.29,32.65,2738.0,58.32,1379.8,manha,CNC,3,39.1,0,388.7
68.31,1.831,28.18,1412.0,57.58,4886.9,tarde,esteira,3,26.5,0,594.0
68.95,3.2,25.86,1898.0,47.92,3628.4,noite,compressor,0,97.9,0,542.5
73.64,2.59,34.86,2380.0,85.3,923.3,tarde,bomba,1,18.2,0,641.9
85.24,2.889,35.2,1056.0,86.99,2350.0,manha,prensa,4,6.9,0,571.5
79.98,3.358,25.53,2492.0,50.79,6430.5,noite,CNC,3,83.8,0,240.0
73.58,2.218,23.25,2316.0,29.98,3288.7,manha,compressor,0,81.9,0,617.7
68.31,2.264,27.23,2585.0,42.36,2481.7,noite,CNC,3,14.3,0,829.5
83.9,3.103,38.2,2138.0,84.95,1266.3,noite,compressor,1,14.0,0,491.7
76.01,3.248,36.33,2520.0,91.46,1263.9,noite,CNC,4,50.2,0,481.2
90.0,2.653,37.88,2450.0,85.08,3782.4,noite,bomba,1,62.7,0,484.6
79.42,2.805,30.17,2630.0,60.43,1341.1,manha,CNC,2,40.1,0,594.4
76.49,2.458,23.38,2505.0,51.91,2971.8,tarde,bomba,5,34.0,0,749.5
77.52,3.361,31.12,2593.0,78.41,2312.7,noite,CNC,2,48.1,0,683.7
74.53,2.861,29.03,1991.0,50.97,2868.8,noite,compressor,3,79.5,0,365.6
79.27,3.318,29.7,2078.0,74.27,2194.3,manha,compressor,3,14.9,0,757.4
88.9,3.063,33.39,1501.0,88.24,3201.9,manha,esteira,2,56.0,0,376.7
83.29,3.517,29.1,2107.0,67.8,4169.2,manha,compressor,5,26.5,0,276.8
89.99,3.72,37.48,1897.0,93.76,2216.5,tarde,compressor,0,199.0,0,240.0
82.01,2.508,34.12,1378.0,78.2,3964.8,tarde,esteira,4,58.4,0,268.3
79.99,4.265,30.4,2144.0,78.19,5227.2,noite,bomba,1,131.0,0,240.0
71.97,3.182,31.88,2548.0,63.06,2957.6,noite,CNC,1,76.6,0,662.3
79.06,4.069,29.68,945.0,57.32,3727.8,tarde,prensa,4,162.1,0,477.0
77.1,3.289,31.37,1919.0,78.05,1095.5,manha,compressor,3,48.7,0,651.8
57.46,1.667,20.45,2618.0,18.57,2244.6,tarde,CNC,0,53.6,0,1113.6
78.06,3.455,31.23,2494.0,73.49,847.9,manha,bomba,3,43.8,0,537.3
83.04,2.32,35.28,2601.0,91.41,1774.8,manha,CNC,4,29.4,0,655.9
69.11,2.649,26.01,2927.0,55.01,2262.2,manha,CNC,3,15.8,0,784.4
77.52,1.742,32.54,1523.0,74.08,6740.6,manha,esteira,1,63.0,0,640.8
73.89,3.113,26.2,2657.0,45.21,1514.9,manha,CNC,5,95.6,0,240.0
76.06,2.102,31.62,1370.0,72.33,2413.7,tarde,esteira,4,46.7,0,373.6
77.56,2.454,31.11,1334.0,65.74,1343.4,manha,prensa,0,35.5,0,559.4
69.66,1.917,25.13,2446.0,36.8,2148.1,manha,bomba,1,128.1,0,609.9
80.54,2.526,29.95,1410.0,62.85,3232.1,manha,esteira,2,21.6,0,675.8
83.28,2.585,28.99,1515.0,74.73,3533.7,tarde,esteira,0,51.9,0,282.2
67.04,2.727,21.14,1417.0,19.79,1977.5,tarde,prensa,4,84.4,0,433.2
82.3,2.994,35.25,2117.0,92.04,1656.1,manha,compressor,2,26.0,0,542.7
77.24,2.228,35.74,2770.0,76.81,260.9,manha,CNC,3,52.4,0,536.9
66.78,2.377,25.66,2302.0,38.13,5608.8,noite,bomba,3,97.9,0,446.5
77.82,3.6,36.78,2181.0,83.36,1888.1,tarde,bomba,1,25.7,0,426.5
76.93,2.927,27.98,2713.0,55.85,521.7,tarde,CNC,0,77.9,0,469.1
73.13,3.045,31.89,2384.0,62.0,4809.7,tarde,bomba,2,11.8,0,685.4
74.36,2.234,27.56,2687.0,59.86,624.1,noite,CNC,2,46.1,0,777.6
89.63,2.977,34.66,1177.0,79.07,4813.8,noite,prensa,3,108.7,0,240.0
83.84,3.709,32.39,2525.0,78.83,860.8,tarde,CNC,8,80.1,0,378.7
72.38,1.829,27.38,2632.0,43.08,988.7,tarde,CNC,3,113.1,0,683.2
76.04,2.46,35.33,2597.0,69.43,1175.4,manha,CNC,5,4.9,0,652.0
78.09,2.458,33.49,2518.0,73.26,1794.9,tarde,CNC,1,47.3,0,759.4
83.09,2.89,29.9,2741.0,72.7,4840.2,tarde,CNC,1,27.7,0,509.2
77.46,1.774,29.66,2550.0,64.96,1200.5,manha,CNC,3,49.1,0,585.7
78.99,3.451,38.08,2587.0,69.14,3226.6,noite,CNC,3,101.0,0,328.5
73.74,3.698,31.76,2473.0,61.51,2828.5,noite,CNC,4,138.8,0,240.0
91.53,4.469,35.93,2186.0,91.4,2547.2,manha,compressor,2,180.3,0,240.0
75.74,2.129,29.38,2130.0,47.51,4341.6,noite,compressor,1,36.3,0,863.1
70.54,2.792,30.99,1975.0,63.83,2673.8,manha,compressor,0,10.3,0,853.7
75.48,2.535,35.11,2093.0,58.6,2796.0,tarde,compressor,6,7.6,0,570.7
70.68,2.155,24.92,2648.0,36.69,3709.0,noite,CNC,3,17.8,0,636.9
77.07,3.542,30.97,2649.0,67.23,1833.6,manha,CNC,1,94.4,0,461.5
80.15,2.258,27.36,2553.0,47.68,2428.0,tarde,CNC,4,70.7,0,267.0
72.31,2.236,22.21,1414.0,29.55,2954.7,tarde,esteira,4,73.9,0,672.4
67.67,1.681,24.97,1420.0,44.24,4106.3,manha,prensa,2,48.4,0,670.2
72.65,2.484,25.66,1125.0,50.35,2243.0,tarde,prensa,3,36.2,0,701.6
80.14,3.165,28.79,2236.0,58.78,2402.6,manha,bomba,0,126.9,0,339.8
72.84,2.234,30.32,2180.0,55.72,3183.5,tarde,bomba,4,4.8,0,795.6
83.77,3.21,33.36,2058.0,75.91,2269.1,manha,compressor,5,19.1,0,783.8
78.34,2.533,33.68,1337.0,84.64,1539.1,manha,esteira,1,82.4,0,514.5
62.79,1.842,22.66,1801.0,42.64,3705.2,tarde,esteira,3,39.2,0,632.1
84.83,2.989,36.83,1312.0,86.08,2682.7,manha,esteira,1,92.0,0,269.1
77.75,2.696,34.65,1118.0,66.03,1922.3,tarde,prensa,4,85.8,0,493.7
81.38,2.783,23.76,2355.0,36.35,1173.9,tarde,compressor,3,79.5,0,834.3
78.62,2.95,29.1,1651.0,63.35,634.6,noite,esteira,4,76.7,0,343.3
75.08,3.161,30.99,1251.0,75.85,3278.6,manha,esteira,2,98.1,0,438.4
89.09,2.427,38.13,2041.0,87.26,1515.8,noite,compressor,2,98.1,0,275.6
84.93,3.187,38.75,1252.0,89.38,822.4,noite,prensa,3,52.8,0,588.9
81.69,3.172,33.89,2526.0,76.27,1399.1,manha,CNC,4,43.3,0,374.7
82.33,3.35,33.5,1283.0,86.19,2946.6,noite,prensa,1,67.0,0,463.4
78.04,2.609,31.72,1302.0,66.17,1506.2,noite,esteira,2,116.0,0,596.9
89.81,3.742,38.11,2406.0,93.86,2981.5,tarde,CNC,5,28.0,0,240.0
74.8,2.685,27.87,2530.0,47.78,1717.1,tarde,bomba,4,45.9,0,446.8
85.51,3.245,32.27,2712.0,79.15,2418.8,noite,CNC,3,34.9,0,492.7
93.0,2.153,33.32,1752.0,84.88,2546.6,noite,esteira,2,23.9,0,594.0
76.35,2.155,29.82,1501.0,76.66,3592.0,tarde,esteira,0,37.5,0,624.5
81.31,2.602,31.72,2607.0,56.91,3656.8,noite,bomba,1,16.9,0,758.0
72.62,1.187,30.6,1458.0,54.44,2467.0,noite,esteira,2,14.8,0,943.9
85.2,4.39,33.24,2728.0,89.31,1307.3,noite,CNC,3,148.8,0,240.0
69.17,2.238,22.78,2881.0,35.11,4607.5,noite,CNC,1,21.8,0,764.2
79.34,2.37,27.42,1952.0,53.7,1897.4,manha,compressor,2,79.1,0,351.0
86.28,3.47,39.2,2348.0,93.37,370.8,manha,CNC,1,180.1,0,240.0
76.6,3.994,34.47,2065.0,79.47,2882.6,tarde,compressor,2,109.7,0,583.5
82.52,2.313,35.51,2656.0,70.59,2951.1,tarde,CNC,0,77.0,0,342.0
78.09,1.969,29.12,2041.0,57.28,1945.4,tarde,compressor,3,86.2,0,500.9
72.96,2.103,26.18,2215.0,54.37,864.5,noite,compressor,3,35.4,0,629.8
75.29,3.07,32.16,1342.0,79.6,734.4,noite,esteira,1,111.4,0,442.1
87.88,4.34,34.38,2563.0,87.43,2036.9,tarde,CNC,2,157.7,0,240.0
82.43,3.205,33.55,1147.0,65.09,1222.1,tarde,prensa,2,40.7,0,477.2
80.98,3.07,39.88,2285.0,86.8,4098.4,manha,compressor,2,14.3,0,240.0
82.9,3.307,34.19,2155.0,72.93,1987.4,tarde,compressor,3,95.5,0,434.9
93.97,3.76,33.87,2226.0,82.08,1838.3,manha,bomba,1,213.6,0,240.0
79.85,2.852,29.47,2069.0,53.34,6349.2,tarde,compressor,1,23.7,0,520.3
73.49,1.336,26.4,2662.0,59.37,423.3,tarde,CNC,2,4.2,0,913.3
79.5,2.747,32.86,2218.0,75.66,2406.1,noite,bomba,4,46.4,0,473.5
66.94,2.369,21.65,2871.0,38.53,651.3,tarde,CNC,4,33.4,0,780.6
70.13,3.209,24.37,2001.0,28.99,4878.4,manha,compressor,3,60.9,0,745.7
77.82,2.861,33.82,2825.0,80.25,810.5,manha,bomba,0,29.4,0,540.9
76.01,3.213,31.91,2087.0,60.44,3020.8,manha,compressor,1,45.2,0,746.7
72.46,2.64,30.65,1689.0,58.94,2772.9,noite,esteira,1,22.3,0,740.7
72.28,2.462,32.05,2676.0,76.29,640.9,noite,CNC,0,7.9,0,666.6
77.65,2.195,33.36,1273.0,65.57,3034.1,manha,prensa,3,49.0,0,485.0
92.1,3.44,33.14,1446.0,84.9,1712.4,manha,esteira,2,82.9,0,240.0
74.95,3.742,38.44,1006.0,74.89,3378.6,tarde,prensa,2,17.5,0,675.4
89.54,3.166,32.18,1662.0,82.37,1640.3,tarde,esteira,1,192.1,0,253.8
80.02,3.158,31.23,2556.0,58.31,3041.0,manha,CNC,1,73.4,0,511.0
69.5,1.945,26.04,2606.0,31.55,2262.3,manha,bomba,2,35.4,0,590.2
78.91,2.501,32.93,2878.0,72.05,3035.6,tarde,CNC,0,123.1,0,516.5
77.09,2.48,26.07,1403.0,53.02,3342.6,manha,esteira,5,98.1,0,399.7
86.91,2.595,31.57,2280.0,73.36,2113.4,manha,bomba,3,80.2,0,543.1
80.55,2.781,28.36,2572.0,61.4,1902.6,manha,CNC,4,59.1,0,646.1
78.65,2.909,30.78,987.0,62.75,3291.1,tarde,prensa,2,36.2,0,655.8
85.67,3.019,38.7,2672.0,92.24,1729.0,tarde,CNC,0,68.5,0,372.3
76.02,2.115,33.33,2573.0,72.09,2141.0,manha,bomba,1,59.0,0,693.9
79.5,2.75,31.72,1341.0,69.06,5411.7,tarde,esteira,1,118.9,0,468.3
84.13,3.759,31.43,2689.0,78.78,2421.5,tarde,CNC,1,76.2,0,437.2
82.48,2.543,38.04,2351.0,81.53,3658.2,noite,bomba,2,41.8,0,405.9
75.04,2.709,30.53,1498.0,66.52,1562.8,noite,esteira,1,41.3,0,277.7
84.71,3.472,36.24,2636.0,91.92,3015.4,manha,CNC,2,28.6,0,546.9
94.65,3.213,39.1,2413.0,97.98,2175.5,noite,bomba,1,61.3,0,240.0
77.49,2.184,27.69,2574.0,64.89,1934.7,tarde,CNC,2,37.6,0,529.7
85.62,3.349,37.69,2412.0,95.95,601.8,tarde,bomba,2,19.2,0,503.1
64.69,2.479,27.36,2560.0,52.27,1232.9,manha,CNC,2,92.4,0,594.2
76.22,2.019,27.1,1276.0,47.36,538.1,manha,prensa,3,34.9,0,665.5
83.94,3.323,35.56,1092.0,72.7,6580.7,manha,prensa,0,43.6,0,343.5
88.47,4.316,33.55,2700.0,86.54,2245.4,noite,CNC,3,135.2,0,240.0
90.21,4.212,37.05,1990.0,90.04,2431.5,tarde,compressor,2,101.8,1,1.0
82.28,3.491,35.47,2197.0,91.44,4035.7,tarde,bomba,2,75.4,0,420.3
70.27,0.667,26.67,1485.0,49.58,2849.7,tarde,esteira,1,60.8,0,841.2
96.47,3.756,39.6,2006.0,92.56,1926.5,manha,compressor,1,154.6,0,240.0
77.27,2.595,34.9,2578.0,84.7,1938.7,manha,CNC,4,44.6,0,608.2
66.59,2.113,26.48,2454.0,48.28,1166.5,tarde,CNC,4,29.3,0,669.3
77.64,3.21,28.68,1170.0,75.33,3162.7,tarde,prensa,4,118.6,0,394.2
74.47,2.591,28.83,2073.0,46.43,3228.5,noite,compressor,3,75.5,0,408.8
75.91,2.459,23.29,1585.0,45.67,2449.5,tarde,esteira,4,24.5,0,796.5
81.85,2.844,32.56,2516.0,76.27,2209.9,tarde,bomba,3,75.6,0,332.4
83.91,2.746,30.63,1297.0,69.03,3245.6,noite,prensa,7,14.5,0,497.6
65.53,2.69,22.42,2675.0,48.29,1147.6,manha,CNC,3,103.6,0,670.2
71.49,2.057,28.79,2712.0,54.29,2940.5,tarde,CNC,1,62.6,0,301.3
74.05,2.708,27.56,1124.0,52.41,5580.7,tarde,prensa,4,69.2,0,335.9
85.3,2.189,33.05,1357.0,67.19,1593.0,manha,prensa,1,72.2,0,492.9
80.35,3.221,32.88,2060.0,66.74,2080.5,manha,compressor,4,74.9,0,475.0
84.95,3.511,36.62,2025.0,82.87,4760.0,manha,compressor,5,50.8,0,398.8
84.46,4.135,36.01,1908.0,81.12,2451.9,manha,compressor,3,54.7,0,495.2
72.71,1.79,27.74,2129.0,44.38,3824.1,tarde,compressor,4,37.3,0,715.5
88.35,3.358,35.33,2678.0,74.09,3041.7,manha,CNC,4,61.0,0,272.4
94.05,2.639,37.87,1307.0,89.75,3190.3,tarde,prensa,3,50.9,0,456.3
84.28,2.351,33.83,2470.0,74.84,1535.4,manha,CNC,2,57.0,0,343.0
79.41,1.307,31.58,1641.0,70.52,1504.0,manha,esteira,2,17.7,0,669.5
83.96,3.357,37.88,2605.0,93.78,3536.8,manha,CNC,4,32.6,0,466.8
76.49,2.38,31.5,2571.0,62.52,920.7,manha,CNC,0,6.3,0,837.9
72.69,2.755,34.37,2333.0,77.69,2139.2,noite,bomba,2,47.2,0,505.9
78.63,1.897,32.53,1983.0,72.34,3247.7,manha,compressor,2,21.9,0,649.7
66.65,1.949,32.67,2473.0,55.36,2074.0,manha,bomba,2,11.0,0,944.8
84.9,3.14,38.33,2579.0,83.6,2223.3,manha,CNC,2,61.0,0,399.2
72.99,2.081,25.14,1215.0,44.87,5599.4,manha,prensa,4,23.7,0,656.4
78.82,2.433,31.07,1459.0,66.71,3932.6,tarde,esteira,1,32.6,0,480.1
78.12,3.105,32.66,1466.0,59.03,5086.3,noite,esteira,3,68.0,0,379.4
84.28,2.856,29.26,2441.0,63.59,8056.8,manha,CNC,1,90.0,0,386.2
82.75,2.95,33.41,1791.0,85.72,4839.9,tarde,compressor,3,38.2,0,481.4
79.34,3.506,41.22,2387.0,86.38,1814.0,tarde,compressor,3,103.5,1,1.0
85.38,3.641,29.62,2373.0,61.67,1367.9,noite,bomba,2,120.7,0,272.3
80.11,3.289,30.03,2463.0,77.65,1829.9,tarde,compressor,1,49.1,0,663.1
77.07,1.977,29.25,2635.0,64.45,3279.4,manha,CNC,2,49.0,0,702.1
81.05,3.228,29.53,2090.0,59.89,1948.2,tarde,compressor,1,31.2,0,686.1
74.66,2.387,31.19,2604.0,58.69,1574.2,noite,CNC,2,58.0,0,734.1
71.43,2.756,27.24,2110.0,46.67,5436.6,tarde,compressor,1,90.3,0,322.4
78.13,1.755,20.83,2622.0,29.75,1909.3,noite,CNC,3,115.3,0,330.1
78.37,2.978,27.39,2463.0,75.49,3131.8,noite,CNC,5,24.6,0,519.9
83.15,1.64,31.36,2265.0,61.14,3084.2,manha,bomba,1,51.5,0,342.3
88.91,3.029,37.6,1895.0,92.03,614.2,noite,compressor,1,79.9,0,240.0
89.32,3.615,38.62,2077.0,85.87,5250.8,tarde,compressor,2,11.5,0,382.7
73.62,1.974,25.38,2460.0,45.43,1099.5,tarde,bomba,0,1.9,0,835.4
73.1,1.969,29.98,1546.0,65.27,855.2,tarde,esteira,2,50.0,0,560.0
75.83,2.311,26.41,1998.0,47.26,1775.3,noite,compressor,0,25.3,0,920.4
87.99,3.041,33.3,2259.0,79.88,1380.8,tarde,bomba,1,22.3,0,661.6
91.93,3.621,38.12,1357.0,91.21,4785.7,tarde,prensa,2,26.4,0,451.6
83.63,2.977,32.37,2438.0,74.94,2822.5,manha,bomba,1,26.6,0,767.9
89.65,2.927,34.09,1285.0,92.22,1672.0,tarde,prensa,3,67.1,0,559.6
78.69,2.244,37.01,1662.0,82.53,831.1,noite,esteira,1,6.1,0,622.8
76.28,3.75,32.68,2365.0,71.1,3017.9,tarde,CNC,3,63.8,0,288.7
86.56,2.69,34.36,2095.0,71.43,2019.3,manha,compressor,3,40.1,0,346.0
69.93,2.051,29.76,2550.0,48.57,3260.7,noite,bomba,2,15.8,0,721.5
73.9,2.777,27.75,1049.0,51.34,2833.2,noite,prensa,2,75.5,0,498.6
84.95,3.398,35.34,1917.0,84.66,1411.1,tarde,compressor,2,66.3,0,366.9
72.34,2.244,29.36,2497.0,68.49,3503.4,manha,CNC,5,28.4,0,690.2
77.54,1.621,34.28,2200.0,72.8,1010.8,tarde,bomba,1,72.4,0,564.1
80.98,3.145,31.76,2681.0,82.59,1965.6,manha,CNC,5,109.8,0,240.0
68.61,2.203,30.9,1568.0,66.17,2133.8,manha,esteira,4,7.1,0,582.5
67.05,1.39,28.41,2254.0,50.28,2314.9,tarde,bomba,1,22.7,0,594.1
69.86,2.056,24.42,1301.0,49.5,967.1,noite,esteira,5,5.6,0,730.0
82.76,2.948,34.78,1374.0,71.77,4651.2,manha,esteira,2,84.5,0,257.0
70.63,2.612,22.33,2544.0,44.38,1408.8,noite,bomba,1,44.9,0,913.9
67.64,1.708,24.6,2258.0,49.6,694.4,noite,bomba,2,37.2,0,762.8
71.15,2.55,28.6,1273.0,56.84,2886.3,manha,esteira,2,80.7,0,450.0
79.97,2.993,33.93,1471.0,73.23,6528.5,manha,esteira,3,32.9,0,358.8
81.1,3.15,29.1,1354.0,69.8,611.8,tarde,esteira,0,81.7,0,444.5
71.44,2.291,25.33,2874.0,32.29,1224.8,noite,CNC,2,19.0,0,575.9
75.07,2.945,29.9,2398.0,52.81,3961.9,tarde,bomba,2,50.0,0,528.2
87.83,3.159,33.07,2557.0,76.3,2415.0,tarde,CNC,3,91.5,0,240.0
78.1,2.443,35.48,1478.0,86.52,993.8,tarde,esteira,1,13.0,0,733.9
76.88,3.494,36.84,2309.0,82.14,2123.1,noite,bomba,2,26.8,0,672.7
72.75,2.016,29.61,1985.0,43.44,5649.9,tarde,compressor,1,37.1,0,690.8
89.0,4.145,32.94,2876.0,76.55,4935.7,manha,CNC,3,145.6,0,240.0
89.86,4.054,34.17,2128.0,83.96,8915.0,manha,compressor,1,61.6,0,240.0
72.02,1.674,24.73,1492.0,39.41,3596.6,manha,esteira,1,16.3,0,270.5
84.86,2.812,32.71,2593.0,81.74,1740.7,noite,CNC,2,160.6,0,240.0
70.03,2.425,24.58,2471.0,23.98,3921.2,noite,CNC,3,137.3,0,444.8
82.67,2.915,35.78,1335.0,80.99,1509.8,noite,prensa,4,58.4,0,698.0
70.14,1.911,26.55,1003.0,47.0,2234.2,manha,esteira,1,189.7,0,251.8
74.54,2.118,31.41,2568.0,56.8,1517.4,tarde,CNC,3,31.1,0,492.2
75.93,3.102,31.14,1920.0,57.22,3587.9,manha,compressor,2,41.0,0,627.0
77.83,2.826,34.48,1337.0,71.21,3405.5,manha,prensa,4,22.9,0,240.0
78.44,2.388,32.06,1488.0,66.13,1604.5,manha,esteira,4,81.1,0,616.9
88.64,3.158,39.16,2050.0,88.29,4440.8,noite,bomba,3,171.0,0,240.0
85.9,3.063,28.63,1999.0,63.55,5244.4,manha,compressor,0,99.9,1,1.0
69.78,3.062,28.33,2070.0,47.54,1751.5,tarde,compressor,1,24.6,0,818.3
75.66,2.668,33.97,2810.0,64.46,3051.7,noite,CNC,1,32.8,0,775.4
70.65,2.627,29.98,1486.0,66.2,5427.3,tarde,esteira,1,92.0,0,484.6
72.38,2.838,29.45,2628.0,64.02,2895.2,manha,CNC,1,23.9,0,660.2
80.02,3.237,30.45,2623.0,65.21,1968.2,noite,CNC,1,49.6,0,240.0
78.55,2.913,31.56,1215.0,69.02,2289.9,tarde,esteira,1,12.0,0,605.9
73.04,2.318,27.34,1111.0,37.26,1737.8,tarde,prensa,0,40.6,0,821.4
90.35,2.534,37.37,1193.0,94.09,4519.3,tarde,esteira,2,58.3,0,327.1
90.97,4.173,40.1,2266.0,93.22,4206.9,noite,compressor,2,60.2,0,405.4
87.71,3.471,37.99,2242.0,91.78,7240.8,tarde,bomba,2,74.9,1,1.0
84.39,2.96,34.32,2099.0,68.99,1485.4,tarde,compressor,2,131.3,0,306.3
69.68,2.101,25.3,1892.0,37.64,1670.4,tarde,compressor,3,104.0,0,586.0
76.84,3.38,34.68,2300.0,85.26,865.1,manha,bomba,2,98.4,0,335.7
78.91,3.555,28.48,1968.0,63.96,3293.5,noite,compressor,4,89.1,0,372.5
76.9,2.349,27.02,2442.0,69.62,1119.7,manha,bomba,6,60.7,0,580.3
87.25,3.883,35.4,1133.0,86.62,7034.0,tarde,prensa,3,50.1,0,240.0
72.9,3.222,23.29,1097.0,52.36,1381.2,tarde,prensa,2,107.7,0,527.1
80.98,3.297,35.02,2331.0,84.16,579.0,manha,CNC,3,91.2,0,262.2
84.95,2.958,35.64,2349.0,77.78,1089.9,tarde,compressor,3,29.3,0,743.3
80.83,3.326,36.24,2509.0,88.88,2842.7,tarde,CNC,4,79.1,0,425.4
80.46,2.687,27.06,1991.0,71.12,2269.8,manha,compressor,4,61.5,0,785.7
78.31,3.304,31.84,1969.0,71.47,1361.8,manha,compressor,3,71.2,0,452.1
77.56,3.871,35.58,2748.0,81.72,2201.0,noite,CNC,1,117.6,0,240.0
79.18,2.838,37.4,1399.0,84.82,1627.2,noite,esteira,1,31.0,0,371.1
70.45,2.173,29.57,2311.0,55.19,3246.8,tarde,bomba,2,28.5,0,550.3
84.95,3.621,37.22,1213.0,92.29,1149.8,manha,prensa,4,65.5,0,268.5
73.27,1.894,28.61,2782.0,50.15,2606.2,manha,CNC,3,33.5,0,578.0
68.19,3.074,34.61,2632.0,66.72,2672.3,manha,CNC,2,14.6,0,629.5
78.87,3.0,28.54,2065.0,51.54,2313.1,tarde,compressor,4,21.1,0,638.8
96.06,3.76,30.67,2513.0,73.68,3023.6,noite,CNC,2,190.4,0,240.0
77.17,2.762,32.23,2539.0,75.48,2186.0,noite,CNC,2,57.8,0,852.6
85.51,3.537,35.67,1399.0,91.87,3565.6,manha,prensa,5,80.5,0,275.2
73.57,1.858,27.8,2503.0,61.77,2311.9,noite,CNC,3,46.6,0,519.1
78.56,2.947,31.78,2612.0,75.34,4632.2,tarde,CNC,3,110.4,0,309.0
77.96,2.32,32.07,2324.0,44.21,2598.0,manha,bomba,1,6.6,0,804.4
84.41,3.228,32.96,2370.0,83.08,4467.5,tarde,bomba,4,144.7,0,240.0
76.96,3.455,27.92,2368.0,55.8,1647.8,manha,bomba,3,57.0,0,337.1
87.67,2.892,40.25,2075.0,79.13,1241.6,noite,compressor,6,33.3,0,420.3
70.01,1.582,22.3,1455.0,21.58,3550.3,manha,esteira,1,131.5,0,527.2
88.69,3.396,36.37,2443.0,85.05,2337.7,tarde,CNC,3,77.1,0,495.9
63.15,2.217,24.05,2055.0,28.76,433.3,tarde,compressor,1,51.1,0,838.7
77.44,2.911,29.43,2150.0,56.38,1465.6,noite,bomba,3,16.2,0,901.1
79.6,2.751,33.69,1502.0,83.74,2850.9,tarde,esteira,1,52.5,0,684.4
88.47,2.664,34.36,1974.0,74.5,2216.1,tarde,compressor,1,62.0,0,240.0
68.11,1.968,27.49,2342.0,45.7,1423.5,manha,bomba,3,67.7,0,583.8
80.35,3.789,33.05,2601.0,90.5,2325.8,noite,CNC,4,29.8,0,240.0
74.18,3.14,27.86,2642.0,55.35,2559.0,tarde,CNC,2,30.6,0,735.7
74.29,1.84,24.44,2348.0,50.87,696.9,manha,CNC,1,20.5,0,763.8
76.39,3.044,34.22,1411.0,91.09,4397.9,noite,esteira,0,32.7,0,610.5
77.02,3.615,30.92,2048.0,58.7,4964.3,manha,compressor,1,86.2,0,240.0
69.18,2.885,26.27,1644.0,50.33,1460.5,manha,esteira,3,165.4,0,378.2
90.66,3.282,36.84,2903.0,92.5,6404.0,tarde,CNC,2,45.6,0,438.9
66.99,1.493,20.01,1744.0,42.82,2228.7,manha,esteira,1,69.1,0,528.9
72.01,1.486,22.5,1414.0,40.55,1570.1,tarde,esteira,3,19.5,0,735.2
70.12,2.596,26.08,2714.0,54.49,1539.6,manha,CNC,1,20.0,0,674.8
86.94,2.881,32.0,2695.0,84.37,6164.9,manha,CNC,3,106.2,0,266.6
73.6,2.702,33.81,2734.0,77.67,1165.7,manha,CNC,2,5.3,0,784.8
81.88,2.833,35.62,1463.0,87.22,2591.7,manha,esteira,1,77.6,0,240.0
84.07,3.31,39.82,2609.0,97.83,2781.0,noite,CNC,2,79.9,0,264.3
87.96,2.935,36.24,2384.0,75.91,3564.1,tarde,bomba,3,108.3,0,240.0
84.65,3.398,35.05,1961.0,68.28,2468.7,tarde,compressor,4,71.8,0,819.3
72.98,2.478,28.48,1523.0,52.2,5914.9,tarde,esteira,2,15.3,0,774.6
89.89,4.071,35.85,2139.0,83.92,6545.0,tarde,bomba,2,124.3,0,240.0
83.55,2.947,37.6,2663.0,92.75,5163.6,manha,bomba,1,37.0,0,544.4
92.14,3.067,36.54,1111.0,96.92,2944.4,manha,prensa,2,118.3,0,303.8
83.66,3.436,35.17,2651.0,80.84,3990.8,tarde,CNC,4,102.0,0,377.3
79.63,2.588,31.35,1528.0,72.72,1949.6,tarde,esteira,1,70.0,0,570.2
82.99,3.035,30.98,2598.0,75.33,4490.4,noite,CNC,0,102.7,0,240.0
79.21,2.237,26.38,2094.0,58.33,1629.9,noite,compressor,6,135.1,0,371.8
71.33,3.242,25.82,1354.0,63.73,1301.4,noite,prensa,3,77.4,0,495.3
82.22,1.958,35.72,2371.0,89.19,1276.7,manha,bomba,6,95.0,0,364.1
73.93,2.205,21.81,2501.0,28.82,3294.6,manha,bomba,5,26.9,0,771.6
74.7,2.993,26.4,2660.0,50.72,5510.2,manha,CNC,0,90.3,0,454.6
81.12,3.594,32.08,1871.0,78.96,5758.5,noite,compressor,3,26.4,0,383.2
75.18,2.522,27.27,2075.0,51.68,460.5,noite,compressor,0,65.1,0,674.9
68.69,1.485,26.42,2352.0,55.84,4131.2,noite,bomba,2,33.5,0,729.5
78.59,2.136,33.44,2163.0,74.09,1243.0,manha,compressor,2,40.0,0,591.4
85.04,3.316,33.68,2063.0,67.71,7987.9,noite,compressor,1,146.4,0,240.0
80.25,3.587,30.31,2092.0,64.36,980.7,tarde,compressor,3,56.0,0,275.3
78.59,3.081,33.15,2685.0,64.5,707.9,noite,CNC,3,64.7,0,294.2
86.76,3.06,30.25,2053.0,65.43,4179.4,tarde,compressor,3,93.0,0,304.8
76.35,2.486,28.52,2563.0,71.71,1875.8,manha,CNC,3,61.6,0,480.1
71.38,2.663,34.41,1662.0,71.14,1806.7,manha,esteira,2,89.2,0,699.3
76.65,3.156,27.1,2451.0,66.37,1445.5,noite,bomba,1,94.9,0,401.7
78.14,2.948,32.69,2895.0,78.1,1609.7,tarde,CNC,1,37.7,0,375.0
79.21,2.057,34.05,2375.0,72.0,4284.4,manha,bomba,2,22.7,0,475.9
73.42,2.977,32.7,1444.0,63.74,1274.0,manha,esteira,4,61.0,0,693.2
77.4,2.762,30.89,2379.0,65.9,2176.2,manha,CNC,1,40.1,0,503.4
88.98,3.425,37.32,2892.0,97.98,1184.3,noite,CNC,4,100.2,0,240.0
87.84,3.3,40.97,2705.0,90.14,2532.8,manha,CNC,0,41.1,0,462.2
83.44,3.832,36.33,2701.0,80.23,1787.6,manha,CNC,3,134.5,0,463.6
82.87,3.374,35.86,1673.0,78.35,3131.8,noite,esteira,4,137.8,0,240.0
86.92,3.303,32.0,1205.0,62.22,3374.6,tarde,prensa,2,127.0,0,240.0
74.17,3.752,33.41,2516.0,71.29,5562.9,manha,CNC,1,84.2,0,240.0
63.04,1.418,19.36,1605.0,11.82,7694.6,manha,esteira,4,34.4,0,697.9
69.48,1.637,25.39,2632.0,41.14,1544.4,manha,CNC,0,45.1,0,714.9
68.28,1.909,19.36,2144.0,29.49,3602.9,manha,bomba,1,83.2,0,670.8
79.82,2.927,30.06,1719.0,74.38,1767.6,manha,esteira,3,51.8,0,663.4
84.39,3.975,39.12,1913.0,94.31,3317.0,manha,compressor,1,49.6,0,327.8
79.9,3.35,35.22,2492.0,73.04,3234.8,noite,CNC,2,131.1,0,316.4
88.84,2.913,38.32,2485.0,96.02,3175.9,noite,bomba,1,18.9,0,661.0
88.51,4.596,35.79,915.0,94.95,3764.8,noite,prensa,2,86.6,1,1.0
68.14,1.859,26.36,2642.0,42.88,2630.7,tarde,CNC,1,79.7,0,671.0
84.29,2.725,35.03,2674.0,79.03,1880.6,manha,CNC,0,63.9,0,278.5
86.03,2.816,32.04,2772.0,86.13,2550.4,noite,CNC,4,25.6,0,664.3
77.12,3.274,32.15,2437.0,56.57,7370.2,noite,bomba,2,45.7,0,703.5
77.56,2.472,31.99,2493.0,61.8,1659.1,tarde,bomba,3,63.1,0,517.6
80.57,3.283,31.74,1650.0,79.59,1975.6,manha,esteira,1,23.2,0,604.0
65.18,2.232,21.74,1689.0,25.94,1467.5,manha,esteira,1,115.0,0,824.9
83.15,2.592,33.75,1175.0,79.08,607.5,tarde,prensa,2,58.4,0,621.7
68.9,2.161,31.8,1390.0,59.98,2298.3,tarde,esteira,0,55.3,0,534.9
77.5,2.596,29.99,2501.0,65.5,3449.0,manha,CNC,0,90.0,0,365.9
80.51,3.456,26.87,2435.0,56.41,1312.1,noite,bomba,1,148.7,0,428.0
91.61,3.6,34.06,2018.0,76.26,5080.3,tarde,compressor,1,44.8,0,513.7
82.6,2.332,32.18,2001.0,78.08,3076.1,tarde,compressor,2,21.2,0,544.9
81.67,3.846,36.13,1302.0,78.38,4307.2,manha,prensa,0,160.1,0,390.2
71.26,2.413,26.51,2452.0,46.16,2906.6,noite,bomba,4,67.8,0,773.9
69.67,2.437,23.24,1356.0,40.07,2169.7,noite,prensa,2,199.4,0,404.4
85.56,2.966,31.73,2069.0,72.36,1908.3,manha,compressor,6,136.1,1,1.0
74.56,2.316,28.28,2477.0,57.47,2834.6,tarde,bomba,3,31.5,0,590.7
75.69,1.833,32.07,2339.0,73.88,2987.4,tarde,bomba,3,50.6,0,773.3
81.42,3.034,32.17,2380.0,85.37,1736.8,noite,CNC,1,5.3,0,394.4
66.11,1.696,17.86,2589.0,15.96,2136.2,manha,CNC,3,34.3,0,914.9
78.31,2.704,31.64,2280.0,65.75,6572.1,noite,bomba,4,18.4,0,699.4
69.88,2.336,29.91,2476.0,49.27,2578.8,tarde,CNC,2,36.6,0,834.7
81.87,2.56,30.63,1273.0,66.41,2738.1,manha,prensa,5,12.8,0,465.4
77.7,2.125,30.26,2758.0,60.6,5682.4,manha,CNC,0,29.2,0,541.7
77.26,2.553,38.24,2589.0,77.38,3010.6,manha,CNC,0,35.7,0,478.3
80.87,2.494,35.24,1560.0,83.94,2386.0,manha,esteira,3,55.3,0,703.1
63.11,2.534,22.29,2577.0,45.22,4237.1,tarde,CNC,1,15.7,0,773.8
84.96,2.967,34.91,1158.0,75.87,3701.6,noite,prensa,2,118.3,0,525.2
84.29,1.984,30.13,1450.0,59.13,2779.3,manha,esteira,3,34.6,0,822.5
68.54,1.905,18.8,2665.0,13.04,2921.9,noite,CNC,2,70.4,0,741.0
83.33,2.402,34.58,2477.0,92.06,2012.8,manha,bomba,1,33.5,0,766.6
71.57,1.957,27.74,2630.0,43.41,1126.4,tarde,bomba,3,57.7,0,574.3
79.6,2.665,26.43,1428.0,70.41,3397.2,noite,esteira,3,53.7,0,696.0
72.68,2.314,24.6,1461.0,41.41,835.2,noite,esteira,2,121.8,0,373.5
75.19,2.548,30.63,1676.0,68.89,1160.7,tarde,esteira,3,47.6,0,848.2
62.32,1.84,24.67,2364.0,45.35,2118.7,tarde,bomba,0,49.6,0,691.2
86.25,2.949,38.29,2142.0,97.64,1988.5,manha,compressor,2,24.3,1,107.8
77.13,2.525,30.96,2345.0,77.23,3610.3,manha,bomba,2,12.6,0,607.4
74.81,2.765,29.05,1266.0,50.23,4155.4,tarde,prensa,1,67.6,0,347.1
75.9,2.81,36.93,2441.0,66.24,7097.9,manha,bomba,1,68.6,0,583.9
83.42,2.376,32.74,2572.0,81.1,742.8,manha,bomba,3,63.2,0,241.2
92.64,4.433,35.7,1938.0,78.92,3166.3,manha,compressor,6,102.7,0,240.0
76.92,1.99,28.74,1568.0,54.57,3091.3,noite,esteira,3,54.7,0,745.7
75.24,2.031,29.15,1209.0,53.84,2868.1,noite,prensa,3,41.1,0,490.1
85.69,2.622,31.49,2410.0,69.95,3396.3,noite,CNC,4,62.2,0,320.4
73.72,2.611,24.89,2556.0,36.58,3814.5,tarde,CNC,2,48.6,0,457.5
84.38,3.225,35.01,2295.0,80.95,5171.0,manha,bomba,3,17.4,0,471.1
81.8,4.111,36.91,2416.0,84.92,2919.2,manha,bomba,2,109.5,0,339.0
84.4,2.892,37.72,2250.0,88.92,6061.3,tarde,bomba,4,33.7,0,428.0
76.35,2.329,30.94,2654.0,52.66,2931.8,tarde,CNC,2,50.9,0,684.4
95.11,3.816,36.63,2080.0,93.67,1821.1,manha,compressor,0,36.2,0,441.5
74.6,1.801,23.64,2448.0,29.13,2777.5,tarde,bomba,2,121.0,0,824.9
78.58,3.001,30.97,2357.0,66.44,1389.7,tarde,bomba,1,37.2,0,519.0
76.02,2.673,30.5,2181.0,55.13,1437.4,manha,bomba,1,133.2,0,304.9
85.71,2.573,33.67,1637.0,92.48,2229.7,manha,esteira,2,31.3,0,575.9
80.5,1.999,34.13,2317.0,69.15,2038.6,tarde,bomba,0,86.8,0,526.9
82.07,2.811,31.36,1642.0,64.33,5089.7,tarde,esteira,3,49.5,0,434.9
70.1,3.037,31.9,2415.0,59.73,2212.6,noite,bomba,1,14.8,0,885.8
73.0,2.651,26.74,2381.0,45.55,1260.0,tarde,bomba,1,130.3,0,240.0
79.71,2.763,30.79,2484.0,65.55,2477.0,noite,bomba,3,29.4,0,418.8
83.98,2.88,30.64,2724.0,68.05,2914.6,noite,CNC,2,42.2,0,526.8
74.24,2.398,21.4,2628.0,23.74,2637.3,manha,CNC,4,66.5,0,924.3
73.67,3.241,29.63,2364.0,78.91,1218.2,tarde,bomba,1,21.6,0,784.9
64.04,0.629,22.91,1502.0,32.51,5402.9,tarde,esteira,1,33.0,0,871.9
81.27,2.757,34.01,2171.0,83.86,681.7,tarde,bomba,2,46.7,0,600.7
65.75,1.818,26.61,2799.0,45.64,2613.3,manha,CNC,0,13.9,0,943.6
79.36,2.439,26.36,2286.0,49.5,1191.0,noite,bomba,3,62.3,0,724.5
70.75,2.061,25.71,2571.0,37.8,4377.4,noite,CNC,4,19.6,0,866.8
79.25,2.673,29.32,1449.0,59.51,3174.4,manha,esteira,2,85.6,0,330.5
70.27,2.44,22.33,1539.0,44.3,2914.5,manha,esteira,2,110.7,0,602.2
83.56,2.182,34.66,2366.0,81.02,2110.0,manha,bomba,0,89.2,0,592.7
82.97,2.788,39.09,2414.0,94.85,5137.1,noite,bomba,4,97.1,0,320.4
76.67,3.312,34.83,2148.0,73.53,2106.8,tarde,compressor,2,45.1,0,428.7
68.7,2.104,24.32,1967.0,42.17,6364.8,manha,compressor,0,17.9,0,718.2
73.96,3.749,30.55,1379.0,79.58,1410.2,noite,esteira,2,107.4,0,445.3
75.48,2.472,30.41,1499.0,53.84,2487.2,manha,esteira,1,33.6,0,819.2
82.84,2.31,36.08,2475.0,84.43,3754.9,tarde,bomba,0,52.6,0,642.5
84.51,2.56,31.04,2153.0,71.56,3302.4,tarde,compressor,2,26.4,0,613.4
79.89,2.936,32.22,2736.0,78.16,2370.5,tarde,CNC,2,23.6,0,654.2
88.9,3.001,36.73,2600.0,89.45,751.9,tarde,CNC,3,65.4,0,592.9
79.92,2.504,32.04,2777.0,61.14,2720.1,manha,CNC,1,57.1,0,488.9
69.47,1.664,24.12,2142.0,35.78,1952.3,tarde,compressor,5,14.2,0,710.8
78.34,2.852,28.02,1165.0,63.89,1669.0,noite,prensa,2,34.8,0,674.9
86.02,3.544,30.64,2289.0,79.95,3882.8,tarde,bomba,4,162.4,1,1.0
80.36,2.941,28.3,2746.0,59.22,637.4,noite,CNC,1,79.0,0,706.8
79.84,2.817,31.65,2842.0,75.46,2423.5,tarde,CNC,5,32.0,0,756.2
80.16,2.474,29.8,1870.0,67.99,296.3,noite,compressor,1,41.1,0,620.1
72.81,2.768,35.68,1544.0,76.45,3317.2,manha,esteira,2,56.3,0,493.0
69.46,2.696,22.76,1855.0,41.06,3906.2,noite,compressor,3,41.3,0,507.1
81.53,3.314,34.58,1369.0,89.85,2697.3,manha,esteira,3,125.0,0,240.0
83.48,3.465,39.54,1565.0,85.57,1837.7,manha,esteira,1,75.9,0,255.5
85.46,3.204,36.2,2604.0,95.62,5094.4,manha,CNC,2,89.3,0,240.0
83.05,3.644,33.96,2249.0,78.36,5289.7,manha,bomba,2,95.4,0,353.8
84.32,2.877,38.14,1139.0,83.13,3004.1,noite,prensa,4,75.5,0,489.5
79.31,3.437,29.61,2148.0,57.75,5740.5,noite,compressor,4,82.7,0,275.7
80.44,1.891,30.49,2623.0,58.17,1408.3,noite,CNC,1,121.6,0,396.9
81.92,2.94,31.76,1216.0,73.09,2281.2,manha,prensa,4,85.3,0,287.5
76.13,3.007,29.52,1392.0,65.57,419.8,noite,prensa,1,22.1,0,652.9
78.46,2.665,26.1,2456.0,57.13,1133.9,noite,bomba,2,149.6,0,264.7
78.55,2.078,28.23,2384.0,53.96,1065.6,manha,bomba,4,11.2,0,399.0
68.94,2.298,24.19,2709.0,30.71,3305.3,tarde,CNC,1,73.7,0,445.8
71.42,1.436,35.55,1491.0,71.14,1188.6,tarde,esteira,2,60.2,0,527.0
74.57,2.862,33.03,2432.0,80.78,605.9,manha,bomba,1,38.7,0,728.9
75.62,2.283,32.62,2408.0,61.61,1586.2,tarde,CNC,1,95.7,0,652.5
70.96,2.937,31.92,2331.0,62.2,1718.1,noite,bomba,0,49.3,0,458.1
69.57,2.796,30.31,1255.0,69.49,983.9,manha,prensa,3,76.5,0,654.8
81.02,3.034,36.41,1369.0,91.3,2574.6,tarde,esteira,3,19.9,0,575.3
74.77,2.048,26.73,2567.0,44.72,2860.8,tarde,CNC,5,106.8,0,386.8
92.51,3.873,35.23,2398.0,94.98,817.1,noite,CNC,1,100.8,0,240.0
71.71,2.42,25.0,1309.0,39.1,3604.0,noite,prensa,1,55.3,0,864.3
82.76,2.301,32.65,1419.0,78.76,1343.8,noite,prensa,4,27.3,0,516.9
79.47,2.525,30.49,2249.0,64.64,1700.8,tarde,bomba,0,111.6,0,531.5
75.96,2.763,30.36,2208.0,64.14,3189.2,tarde,bomba,4,11.9,0,672.6
69.52,2.462,25.91,2148.0,41.57,1710.6,tarde,compressor,4,57.3,0,847.7
92.25,3.461,34.8,2113.0,84.29,1146.1,tarde,compressor,1,44.5,0,521.4
79.21,2.997,32.99,2683.0,84.08,2484.5,manha,CNC,4,72.2,0,357.5
75.58,3.043,24.56,2724.0,51.46,4406.9,tarde,CNC,3,43.9,0,552.7
82.53,4.114,37.91,2613.0,87.85,4102.5,tarde,CNC,2,97.4,1,1.0
73.97,1.398,30.32,1719.0,63.93,1608.0,tarde,esteira,2,22.0,0,752.2
84.71,3.504,36.7,2800.0,80.75,1279.3,noite,CNC,2,112.2,0,284.8
75.12,3.19,30.25,2906.0,63.3,1459.4,tarde,CNC,0,50.4,0,581.4
64.92,2.368,24.98,2665.0,39.55,4127.7,manha,bomba,4,37.4,0,626.2
62.57,1.748,19.72,2554.0,17.0,1443.5,manha,CNC,3,71.0,0,873.5
87.93,2.749,33.74,2731.0,79.21,5580.6,manha,CNC,5,93.9,0,467.9
61.76,1.835,24.11,2431.0,33.65,3165.4,manha,bomba,0,47.3,0,836.0
86.31,2.683,32.02,1828.0,69.51,2314.4,tarde,compressor,4,50.4,0,674.9
75.9,2.781,33.03,2494.0,66.2,1591.0,manha,bomba,0,30.1,0,908.2
80.65,3.059,34.96,1167.0,69.04,2505.1,manha,prensa,1,11.2,0,467.3
72.64,2.439,34.19,2668.0,68.75,1141.1,manha,CNC,2,35.9,0,636.0
75.41,2.18,32.78,1089.0,58.28,836.5,noite,prensa,2,55.8,0,575.7
77.52,1.986,30.33,1396.0,71.75,3183.2,noite,prensa,1,42.2,0,799.7
71.12,2.287,29.23,1411.0,48.09,2308.2,tarde,esteira,1,42.4,0,538.2
80.17,3.377,37.27,2299.0,93.75,3680.3,manha,bomba,0,21.8,0,240.0
78.68,1.936,34.98,2553.0,83.02,2805.8,manha,bomba,3,24.8,0,632.1
75.97,2.081,23.71,2466.0,37.78,1574.2,manha,bomba,1,21.4,0,667.0
73.67,2.713,25.09,2615.0,41.58,4099.8,tarde,bomba,5,56.8,0,428.4
80.64,1.57,28.23,2756.0,72.01,1696.0,manha,CNC,4,73.0,0,663.8
82.02,2.569,33.83,1359.0,71.25,4764.2,manha,prensa,2,58.4,0,443.5
80.11,3.617,28.48,2253.0,54.67,1662.2,noite,bomba,2,75.6,0,481.1
78.58,2.645,33.4,1577.0,82.73,938.0,tarde,esteira,4,24.5,0,546.6
91.03,4.662,39.75,2273.0,89.65,5254.5,noite,compressor,0,53.7,0,240.0
72.27,3.033,34.75,2510.0,83.74,1625.9,manha,CNC,2,37.9,0,581.9
75.67,3.017,29.13,2412.0,65.59,1700.3,manha,bomba,4,48.0,0,450.3
72.24,2.124,29.32,2414.0,58.6,967.5,noite,bomba,1,15.0,0,883.5
75.71,2.41,34.66,2128.0,65.09,2193.4,tarde,compressor,4,20.9,0,842.1
89.12,2.682,37.09,2166.0,91.34,1055.4,tarde,compressor,3,55.6,0,584.3
81.99,3.423,36.01,2633.0,80.08,5080.6,noite,CNC,6,30.0,0,424.4
68.68,1.656,24.14,2680.0,41.38,1864.9,tarde,bomba,2,31.4,0,848.3
77.56,2.482,34.5,1785.0,75.55,1295.8,manha,compressor,1,45.2,0,566.1
79.96,2.397,33.83,868.0,75.02,2430.5,tarde,prensa,3,73.8,0,487.6
66.8,2.808,26.81,2559.0,47.18,7595.1,manha,CNC,1,92.5,0,382.6
84.05,3.597,36.19,2251.0,91.56,2497.7,manha,compressor,1,12.0,1,1.0
76.58,2.953,33.8,2063.0,79.81,2028.6,manha,compressor,3,36.5,0,473.8
85.84,2.738,29.5,2333.0,74.31,2395.7,noite,bomba,2,60.6,0,274.6
78.43,3.318,26.3,2136.0,58.09,3787.9,tarde,bomba,1,71.7,0,565.9
82.24,2.129,28.84,2339.0,68.85,3591.0,manha,bomba,2,87.3,0,240.0
69.66,3.445,25.03,1155.0,51.8,2756.2,manha,prensa,5,66.9,0,609.2
88.1,2.735,35.43,2040.0,85.14,4196.7,tarde,compressor,2,32.3,0,240.0
77.95,2.911,32.54,2366.0,77.33,2477.6,noite,bomba,2,59.6,0,409.7
83.91,3.248,33.5,2729.0,85.49,2134.3,manha,CNC,1,54.7,0,363.9
75.9,2.965,33.96,2611.0,67.89,2445.0,manha,CNC,1,20.1,0,436.3
77.2,2.39,34.11,1970.0,81.05,1668.8,noite,compressor,1,29.6,0,555.2
77.57,3.212,35.31,2617.0,76.95,3834.3,noite,CNC,3,64.2,0,253.6
82.43,2.649,30.03,2379.0,73.72,1617.7,noite,bomba,1,87.5,0,419.0
80.28,2.997,33.94,2269.0,74.77,545.6,manha,bomba,0,35.0,0,710.7
71.11,2.452,32.15,1529.0,64.1,832.7,manha,esteira,2,162.4,0,449.2
75.42,1.256,28.04,2256.0,47.88,2922.1,tarde,bomba,3,4.4,0,1006.9
70.91,2.442,27.04,2497.0,52.13,1449.1,manha,bomba,3,51.5,0,440.9
80.11,3.44,34.86,1978.0,84.16,3640.0,noite,compressor,3,55.6,0,261.8
69.65,3.23,26.54,2476.0,42.15,2321.3,manha,CNC,4,98.4,0,494.4
67.63,2.825,27.7,3008.0,50.79,3817.9,tarde,CNC,1,31.6,0,800.2
70.55,1.915,31.14,2433.0,57.09,587.0,noite,bomba,1,35.8,0,717.1
84.56,3.866,35.63,1356.0,93.58,1609.6,noite,prensa,4,36.3,0,416.8
80.72,2.869,34.02,2626.0,69.47,1267.7,tarde,CNC,0,95.3,0,424.4
81.25,3.432,29.87,2493.0,56.34,8441.5,noite,bomba,1,106.5,1,1.0
71.96,1.524,25.75,1629.0,40.93,1785.6,manha,esteira,3,40.4,0,704.5
85.12,2.658,36.59,1495.0,93.36,823.7,manha,esteira,1,26.4,0,620.2
67.42,2.736,31.97,2540.0,62.0,2889.8,manha,bomba,3,27.1,0,580.5
62.5,2.278,22.92,2577.0,38.53,1194.8,noite,bomba,2,17.4,0,943.0
83.86,2.106,29.39,2299.0,67.25,4046.9,noite,bomba,1,113.7,0,291.1
78.46,3.139,34.24,1498.0,81.63,4436.4,manha,esteira,1,52.2,0,525.2
73.02,2.101,26.47,2909.0,50.88,1276.0,manha,CNC,3,92.2,0,691.4
84.09,3.107,35.0,1263.0,78.89,1477.0,manha,prensa,5,43.6,0,440.6
83.21,2.294,33.65,2731.0,58.26,2732.4,manha,CNC,0,177.7,0,408.4
72.73,2.719,26.17,1593.0,43.92,4115.5,noite,esteira,1,82.8,0,441.4
74.87,3.077,32.18,2783.0,69.2,2920.7,manha,CNC,1,64.8,0,661.2
81.35,3.077,40.32,2743.0,93.39,1787.5,noite,CNC,2,73.6,0,448.2
71.92,2.668,31.85,2315.0,66.53,942.1,tarde,CNC,3,25.2,0,647.4
80.75,2.724,30.94,1995.0,52.56,5866.3,manha,compressor,2,36.8,0,486.3
82.22,3.237,30.4,2019.0,62.36,2962.3,manha,compressor,2,91.3,0,240.0
78.48,2.313,30.6,2648.0,63.36,6574.0,noite,CNC,0,53.3,0,275.3
75.53,2.582,31.21,1944.0,71.46,3213.6,tarde,compressor,2,76.6,0,456.9
84.03,2.781,33.0,2038.0,67.44,6089.3,tarde,compressor,4,42.6,0,523.7
77.77,2.481,33.68,1366.0,74.78,1389.5,manha,esteira,2,48.2,0,537.5
80.2,4.049,35.5,937.0,78.14,1458.3,noite,prensa,2,108.3,0,240.0
75.9,2.696,31.17,2743.0,62.41,2083.7,noite,bomba,2,59.4,0,470.7
77.06,2.996,28.93,2583.0,56.52,1316.7,noite,CNC,5,61.2,0,493.6
77.5,2.445,33.41,2255.0,69.88,729.9,tarde,compressor,4,50.1,0,590.2
82.34,3.164,40.43,1337.0,93.9,1559.6,noite,prensa,2,39.4,0,317.9
79.07,2.443,32.43,2592.0,70.18,3187.1,manha,CNC,3,44.5,0,371.5
78.1,2.617,27.88,2285.0,61.3,1023.8,tarde,compressor,3,53.6,0,452.3
74.75,3.505,31.49,1092.0,76.36,1105.4,tarde,prensa,2,111.8,0,604.4
71.54,2.202,26.77,1228.0,42.86,1624.8,tarde,prensa,3,54.0,0,895.6
70.83,2.539,25.03,2134.0,44.84,1219.7,noite,compressor,3,98.9,0,526.4
79.83,2.923,31.46,2413.0,71.81,1684.8,noite,bomba,4,27.1,0,588.4
73.31,2.763,31.01,2050.0,69.59,2180.3,tarde,compressor,2,70.7,0,395.2
64.79,1.562,28.27,1299.0,52.56,1073.5,tarde,esteira,1,10.7,0,795.8
70.37,2.67,36.23,2751.0,76.21,1649.2,noite,CNC,2,30.6,0,613.1
79.87,3.543,29.29,2769.0,70.43,2302.1,noite,CNC,2,31.6,0,504.1
70.72,2.975,33.18,2347.0,67.41,1352.1,noite,bomba,3,37.2,0,706.1
76.03,3.886,35.74,2752.0,78.45,941.9,manha,CNC,2,98.7,0,242.0
74.63,1.756,31.41,2465.0,65.34,1419.0,manha,bomba,3,11.8,0,660.3
80.38,3.351,31.74,2190.0,68.5,1851.9,noite,compressor,3,106.6,0,240.0
70.54,1.798,25.76,1365.0,33.32,701.1,noite,prensa,1,10.5,0,864.4
78.95,2.378,31.51,1475.0,68.14,3215.5,noite,esteira,1,41.1,0,328.6
84.97,2.171,34.08,2675.0,79.92,1915.0,tarde,bomba,2,42.6,0,437.1
83.21,3.287,27.56,1373.0,66.24,1424.1,tarde,esteira,2,128.5,0,386.4
80.0,1.889,30.94,2246.0,59.69,786.7,tarde,CNC,5,80.3,0,703.2
82.37,3.63,35.12,1998.0,70.59,2978.8,noite,bomba,1,155.3,0,240.0
85.72,3.422,31.69,2624.0,79.69,4461.8,manha,CNC,2,170.0,0,449.4
85.63,2.731,34.41,1191.0,89.51,1601.6,tarde,esteira,2,98.3,0,417.4
73.26,2.599,33.21,1402.0,82.5,6249.2,noite,esteira,2,29.9,0,496.0
81.03,3.149,32.9,1360.0,75.0,2236.7,noite,prensa,3,68.4,0,240.0
61.6,1.819,24.12,1199.0,44.07,2287.0,manha,esteira,0,56.3,0,917.6
76.24,2.898,34.36,1196.0,68.21,3739.4,noite,prensa,1,34.9,0,657.0
66.98,1.651,30.23,2606.0,44.46,3070.4,manha,CNC,7,94.7,0,548.3
84.37,2.084,36.38,1051.0,86.09,1019.0,manha,prensa,3,17.3,0,244.9
72.2,1.228,25.02,2456.0,44.28,1563.2,tarde,bomba,1,26.9,0,635.6
79.3,2.863,29.05,2066.0,52.4,4108.3,manha,compressor,1,11.6,0,589.1
68.09,2.965,24.69,2479.0,47.99,3106.7,noite,bomba,5,24.4,0,574.7
82.24,3.336,34.64,2035.0,81.97,6281.6,noite,compressor,3,28.7,0,546.4
72.51,2.455,24.38,2021.0,27.98,2831.5,manha,compressor,0,47.0,0,594.8
77.98,3.211,33.33,2656.0,69.69,3168.6,noite,CNC,2,99.5,0,445.5
80.06,3.579,36.94,2812.0,87.34,1415.9,tarde,CNC,2,36.4,0,635.4
82.13,3.546,30.82,2540.0,67.93,4422.6,tarde,bomba,3,100.9,0,245.1
80.01,2.469,29.72,1264.0,56.14,415.3,noite,prensa,0,168.0,0,426.2
89.98,3.599,36.36,2457.0,91.55,2529.7,tarde,bomba,4,109.7,0,240.0
74.13,2.634,29.75,2330.0,51.75,3224.0,manha,bomba,1,25.6,0,593.3
77.83,3.237,33.24,2054.0,70.25,2721.6,manha,compressor,3,32.1,0,240.0
85.34,3.409,35.03,2114.0,65.34,2248.0,tarde,compressor,3,101.2,0,458.6
79.89,2.573,31.56,2684.0,63.93,2096.4,noite,CNC,2,31.6,0,554.4
76.67,2.86,30.23,1596.0,71.27,2304.7,tarde,esteira,3,55.5,0,508.2
80.42,1.993,28.83,2838.0,65.48,1131.6,manha,CNC,2,71.6,0,691.0
73.91,1.81,29.56,1490.0,59.01,2713.4,manha,esteira,2,84.0,0,593.5
67.82,2.889,22.82,1324.0,51.95,1426.4,noite,esteira,2,60.9,0,776.5
77.4,2.986,31.54,2312.0,71.79,1602.5,manha,bomba,1,20.8,0,875.4
84.47,3.19,31.73,1559.0,74.16,1044.8,tarde,esteira,3,39.5,0,512.6
88.74,3.612,31.69,1946.0,72.16,9493.6,tarde,compressor,1,109.6,0,240.0
79.43,2.314,31.5,1077.0,64.67,2601.6,manha,prensa,2,52.6,0,734.4
80.54,3.207,33.99,1464.0,90.05,897.3,manha,esteira,3,145.6,0,404.9
75.97,3.757,31.35,1408.0,83.68,2442.4,tarde,esteira,1,63.2,0,313.2
72.71,2.015,29.73,2482.0,55.67,4394.5,manha,bomba,0,28.0,0,483.6
69.03,2.185,26.32,1702.0,49.66,2695.6,tarde,esteira,2,77.1,0,614.5
81.57,3.764,33.29,1347.0,70.93,2212.0,noite,prensa,3,113.2,1,1.0
80.88,2.961,33.43,1965.0,72.85,1350.3,manha,compressor,2,57.8,0,565.1
70.95,2.401,32.47,1430.0,70.01,2698.2,tarde,esteira,4,58.5,1,226.6
77.61,3.296,34.82,1293.0,82.78,3517.5,manha,esteira,4,68.1,0,264.9
75.76,2.618,30.76,2209.0,57.31,3539.5,manha,compressor,2,73.2,0,752.2
87.17,3.556,40.34,1240.0,90.32,2549.4,noite,prensa,0,32.8,0,258.5
89.25,2.389,39.05,2278.0,96.3,2544.7,noite,compressor,1,12.0,0,385.5
71.13,1.951,29.23,2439.0,52.96,4808.9,noite,bomba,4,79.7,0,388.0
78.05,3.075,35.04,2565.0,82.97,4524.6,manha,CNC,2,53.0,0,333.3
75.26,3.427,28.55,2410.0,71.76,2023.9,tarde,CNC,1,68.8,0,596.2
83.63,2.88,33.74,1527.0,79.67,5977.7,tarde,esteira,2,46.6,0,503.6
77.29,2.887,34.34,2348.0,66.76,908.9,noite,compressor,2,69.5,0,526.5
76.17,2.703,30.56,2202.0,57.21,2617.6,tarde,compressor,1,26.1,0,738.4
83.92,2.9,33.93,2615.0,82.11,2775.1,noite,CNC,2,40.6,0,372.6
83.2,1.906,34.05,2529.0,75.1,1298.4,manha,bomba,5,25.2,0,773.0
71.37,2.735,29.83,1630.0,72.97,774.7,tarde,esteira,2,41.2,0,788.2
86.76,3.115,36.41,1408.0,81.25,1317.8,noite,prensa,2,18.2,0,464.0
78.75,2.903,28.79,2511.0,58.72,3925.6,manha,CNC,2,84.8,0,503.3
82.74,2.32,29.39,2410.0,54.88,3991.7,tarde,bomba,1,125.5,0,357.7
82.8,3.394,28.82,1894.0,61.79,3407.5,tarde,compressor,2,19.1,0,586.3
81.47,2.75,34.83,2151.0,80.67,1442.9,noite,bomba,1,53.4,1,218.9
83.21,4.099,32.0,2150.0,90.0,4020.2,manha,compressor,0,46.6,0,348.6
85.14,2.365,32.36,2201.0,72.56,1509.1,noite,compressor,1,128.7,0,611.5
71.93,2.533,27.72,2074.0,56.45,2712.7,tarde,compressor,2,55.9,0,530.6
80.08,3.639,30.5,2358.0,69.32,2296.1,tarde,bomba,6,106.3,0,637.2
72.41,2.533,22.5,2434.0,58.73,1804.3,tarde,bomba,4,81.3,0,520.6
85.35,2.389,35.37,2203.0,89.32,3310.7,manha,compressor,2,64.0,0,610.4
65.37,1.964,29.78,1630.0,60.92,3695.2,noite,esteira,1,35.5,0,605.1
78.56,2.868,31.6,1551.0,77.75,1386.7,noite,esteira,2,64.2,0,306.1
81.44,3.643,34.38,2170.0,74.48,2378.9,noite,compressor,3,24.9,0,563.7
80.86,2.951,37.99,1602.0,90.63,3585.0,noite,esteira,0,40.3,0,378.9
81.99,3.314,37.91,1397.0,95.77,269.1,tarde,esteira,1,10.6,0,454.7
71.61,2.986,29.13,2674.0,53.64,2927.6,tarde,CNC,5,117.4,0,534.5
85.2,2.931,35.15,2207.0,80.92,3628.1,noite,bomba,1,59.1,0,375.2
83.58,3.726,35.06,2180.0,76.48,3005.0,manha,compressor,2,115.3,0,450.3
88.64,3.281,32.7,1608.0,78.78,3089.5,noite,esteira,2,57.4,0,751.8
85.48,3.117,34.67,2635.0,88.88,2195.9,tarde,CNC,2,60.4,0,385.1
86.74,3.081,34.86,2335.0,89.69,3485.9,tarde,bomba,5,78.2,0,295.6
71.62,1.604,30.14,2814.0,55.71,998.8,manha,CNC,0,50.6,0,409.3
74.66,2.253,24.73,2456.0,44.21,1322.7,manha,bomba,0,46.3,0,921.9
83.35,3.069,35.82,1253.0,88.61,3058.6,manha,prensa,4,41.9,0,513.4
86.28,3.126,31.55,2123.0,68.52,3492.4,tarde,compressor,4,26.3,0,453.6
88.14,3.094,35.63,1550.0,84.79,4410.7,tarde,esteira,2,42.1,0,368.3
75.8,3.165,30.51,1341.0,56.23,5481.6,manha,prensa,3,100.0,0,240.0
79.95,2.725,37.01,1316.0,88.84,1455.9,manha,esteira,0,39.4,0,340.3
76.57,2.505,27.48,2582.0,65.47,1117.6,tarde,CNC,3,163.9,0,298.6
69.59,2.544,31.67,1273.0,68.31,3874.2,manha,esteira,0,11.7,0,734.9
84.04,3.619,34.41,2662.0,80.28,1754.8,noite,CNC,2,102.8,0,371.7
72.53,3.435,27.15,2005.0,44.78,2250.1,manha,compressor,1,45.0,0,690.4
77.04,2.225,28.75,1517.0,59.32,3651.9,tarde,esteira,3,72.4,0,594.9
70.2,1.662,24.76,2314.0,44.91,2614.5,manha,bomba,4,27.7,0,591.3
69.08,1.289,24.48,2307.0,26.97,3422.9,tarde,bomba,2,14.2,0,943.3
79.31,2.931,31.4,2013.0,67.17,1366.6,tarde,compressor,0,90.4,0,322.9
81.65,3.51,37.43,1486.0,84.84,2795.2,tarde,esteira,0,115.3,0,240.0
83.42,3.467,36.43,1588.0,91.6,2761.0,tarde,esteira,1,54.1,0,498.1
82.86,3.665,32.31,1977.0,68.89,4366.8,tarde,compressor,0,39.4,0,488.8
72.76,2.773,26.17,1239.0,48.74,4921.5,manha,prensa,1,51.4,0,464.9
88.25,2.701,36.89,2685.0,90.91,1730.3,tarde,CNC,3,51.3,0,363.3
73.97,2.675,33.34,2600.0,68.08,1208.6,manha,CNC,2,44.4,0,652.0
61.84,0.825,19.14,2440.0,13.5,3539.6,tarde,bomba,2,58.1,0,978.5
65.67,2.295,27.35,1067.0,47.26,721.2,tarde,prensa,2,74.9,0,733.5
83.62,3.201,39.32,2490.0,87.79,3682.7,noite,CNC,0,70.8,0,247.2
75.43,3.116,30.45,2774.0,74.2,3847.1,tarde,CNC,5,34.1,0,418.4
76.4,2.601,27.48,2369.0,57.29,1643.8,manha,CNC,2,45.0,0,527.5
71.97,1.564,28.57,1512.0,53.36,325.5,manha,esteira,1,23.7,0,877.6
74.09,1.899,20.89,2641.0,33.78,4080.9,manha,CNC,0,69.5,0,581.3
85.12,2.814,33.52,2424.0,70.8,5116.6,tarde,bomba,2,29.4,0,465.6
76.9,2.966,29.25,1271.0,63.46,4920.7,noite,prensa,0,6.6,0,542.7
83.56,3.841,36.24,2576.0,92.86,5011.4,noite,CNC,4,36.7,0,381.4
82.66,2.699,36.02,2347.0,80.07,946.3,tarde,bomba,1,71.7,0,461.9
70.66,2.323,24.62,2286.0,48.36,2421.8,manha,bomba,1,74.3,0,585.7
73.35,2.184,25.86,1686.0,62.01,2750.6,noite,esteira,2,101.5,0,593.1
79.65,2.783,25.71,2116.0,58.14,2509.6,manha,compressor,2,180.9,0,473.6
83.59,2.605,36.91,2090.0,87.73,3443.4,tarde,compressor,4,52.7,0,425.9
84.03,2.291,32.15,2638.0,60.95,1157.0,noite,CNC,5,46.4,0,671.9
71.08,2.745,26.56,1454.0,57.06,705.9,tarde,esteira,1,57.4,0,562.0
77.4,3.136,35.52,1531.0,78.05,544.7,manha,esteira,2,40.4,0,485.4
87.25,3.429,36.49,2512.0,89.61,4130.4,manha,CNC,1,21.7,0,469.4
86.54,3.113,32.21,2282.0,67.08,938.5,tarde,compressor,3,20.3,0,459.3
80.38,3.377,35.66,1118.0,76.84,2499.8,manha,prensa,3,48.8,0,437.1
67.51,2.743,24.47,2457.0,52.99,1594.9,tarde,CNC,0,121.8,0,514.4
76.97,1.606,32.02,2476.0,62.52,1642.3,tarde,compressor,3,38.5,0,697.3
75.58,4.113,31.07,2365.0,83.72,2064.2,manha,bomba,1,82.6,0,240.0
75.42,2.772,26.46,1948.0,58.07,1688.7,manha,compressor,1,108.3,0,586.5
72.62,1.945,19.3,2732.0,24.32,707.2,noite,CNC,5,81.9,0,573.5
75.56,3.598,31.94,1889.0,63.15,2065.2,tarde,compressor,2,87.7,0,600.0
68.69,2.397,29.16,2568.0,52.1,1386.3,noite,CNC,5,21.7,0,783.3
85.69,4.141,37.34,2502.0,85.82,1340.6,tarde,bomba,4,44.1,0,448.7
75.94,2.196,31.72,1793.0,71.25,5943.9,manha,esteira,2,15.7,0,574.0
78.17,2.762,28.4,2553.0,56.9,834.9,tarde,bomba,4,33.6,0,612.7
70.21,2.081,27.9,2758.0,47.48,2004.5,tarde,CNC,3,20.1,0,572.3
71.83,2.145,25.16,1689.0,42.01,2630.4,tarde,esteira,2,72.1,0,666.1
77.38,2.862,35.26,2578.0,83.82,5947.6,noite,CNC,3,20.0,0,575.4
74.52,2.296,33.32,1341.0,79.63,1073.7,noite,esteira,2,20.3,0,749.0
85.23,4.129,35.66,1947.0,85.3,4776.0,noite,compressor,4,50.4,0,541.1
81.36,3.183,41.1,1699.0,95.16,2055.8,tarde,esteira,3,11.0,0,364.9
93.93,3.663,36.3,2425.0,78.64,2103.0,tarde,CNC,3,170.8,0,263.4
86.82,2.372,36.33,2616.0,84.36,3327.0,tarde,CNC,0,43.4,0,240.0
84.7,2.42,31.81,2358.0,71.91,5202.1,manha,bomba,4,106.7,0,461.0
79.74,2.426,34.18,2711.0,79.61,1680.3,noite,CNC,0,21.2,0,533.0
78.3,3.092,37.17,2696.0,85.37,2748.0,noite,CNC,2,64.8,0,430.4
76.36,2.044,26.62,1600.0,44.89,2527.7,manha,esteira,0,73.9,0,637.4
65.88,2.346,27.57,1913.0,57.22,2455.0,noite,esteira,1,25.0,0,764.5
67.32,2.796,20.04,2713.0,31.39,3661.5,noite,CNC,2,85.4,0,353.7
88.67,4.046,37.05,1414.0,94.57,1451.2,tarde,prensa,5,33.0,0,481.9
84.27,2.408,31.58,1533.0,62.03,1830.9,noite,esteira,2,38.3,0,486.4
81.21,1.838,28.83,1810.0,68.1,722.2,manha,esteira,3,24.8,0,656.5
82.95,3.315,36.22,2278.0,75.66,3175.6,manha,bomba,1,88.2,0,486.7
93.51,3.354,37.82,2514.0,92.64,2386.9,manha,bomba,2,64.0,0,318.6
74.25,2.918,32.39,2365.0,59.89,5128.6,tarde,bomba,1,61.3,0,419.2
84.11,3.555,35.34,2527.0,85.94,1057.1,manha,bomba,3,60.1,0,645.8
90.76,3.332,30.72,1256.0,81.44,6369.0,noite,prensa,1,62.7,0,339.5
64.71,2.839,24.61,2820.0,41.63,3487.9,manha,CNC,2,31.8,0,536.0
83.26,2.429,32.53,2143.0,76.69,331.9,manha,compressor,3,81.3,0,287.1
78.77,2.959,29.5,2647.0,66.35,3400.5,tarde,CNC,1,28.2,0,498.2
84.11,2.81,35.62,1362.0,80.79,1569.8,manha,prensa,3,60.8,0,639.7
70.48,2.684,26.04,1973.0,50.87,1948.8,noite,compressor,1,47.5,0,775.2
81.0,2.878,30.66,2184.0,77.45,1748.6,manha,bomba,2,36.8,0,323.7
78.9,2.557,30.69,1214.0,71.63,4610.0,noite,esteira,1,48.4,0,552.3
76.29,2.488,33.32,1479.0,68.22,638.0,tarde,prensa,3,61.2,0,690.5
74.7,1.986,25.52,2668.0,42.78,2128.7,manha,CNC,5,81.1,0,505.9
88.19,3.144,34.77,1569.0,91.74,2240.2,manha,esteira,2,54.6,0,623.3
77.36,3.286,31.36,1175.0,70.55,1709.3,manha,prensa,3,94.7,0,344.7
73.39,3.064,28.86,2697.0,46.09,1245.4,noite,CNC,4,33.2,0,768.4
80.03,2.171,32.04,1449.0,67.3,394.8,tarde,esteira,2,43.3,0,673.9
90.29,2.686,36.65,2053.0,83.65,2150.4,tarde,compressor,4,73.2,0,458.7
68.07,2.229,25.72,2182.0,38.65,3170.8,manha,bomba,3,21.3,0,607.9
84.57,2.504,27.53,2075.0,63.98,2388.6,noite,bomba,4,197.1,0,240.0
82.51,3.91,35.18,2459.0,85.85,1246.3,manha,CNC,2,87.4,0,289.1
72.83,2.407,27.62,2556.0,41.18,2254.5,tarde,CNC,0,22.6,0,832.2
83.22,3.297,30.33,2733.0,82.31,5163.7,noite,CNC,6,145.7,1,1.0
74.89,2.145,30.45,2990.0,82.36,1493.5,manha,CNC,0,33.5,0,490.5
79.79,2.518,27.94,2508.0,61.55,2600.8,tarde,bomba,1,137.9,0,332.5
77.75,2.89,25.59,1648.0,45.94,2821.9,manha,compressor,4,83.2,0,254.3
85.78,2.623,36.61,2894.0,90.48,881.4,manha,CNC,1,17.9,0,588.8
66.78,2.456,23.06,2363.0,43.2,1891.7,noite,bomba,2,27.3,0,818.4
68.16,3.048,33.16,2215.0,73.87,1905.9,tarde,bomba,3,19.8,0,672.8
78.31,2.232,33.97,2650.0,59.07,2331.7,noite,bomba,1,42.8,0,679.5
86.78,3.571,31.13,1145.0,69.11,4522.2,tarde,prensa,2,94.1,0,481.4
73.08,3.644,28.89,1932.0,68.98,1030.2,manha,compressor,1,127.2,0,240.0
81.19,3.273,34.86,1431.0,89.32,4683.0,tarde,esteira,2,24.6,0,496.3
81.0,3.464,37.83,2597.0,92.51,3310.4,tarde,CNC,0,22.0,0,391.2
81.84,2.799,33.82,1553.0,78.67,6468.8,manha,esteira,5,67.2,0,240.0
86.36,3.799,35.95,1281.0,79.7,500.2,tarde,prensa,5,18.4,0,652.3
78.9,2.382,33.23,1421.0,80.59,300.7,tarde,esteira,3,93.1,0,644.6
85.5,3.573,37.13,2065.0,90.69,8465.9,noite,bomba,2,78.5,0,240.0
78.85,3.005,37.11,2315.0,70.73,853.7,manha,bomba,2,55.2,0,461.6
78.34,3.395,35.57,2079.0,90.01,1307.5,noite,compressor,0,90.8,0,425.1
82.6,2.698,32.76,2298.0,73.73,1315.7,manha,bomba,2,89.0,0,432.9
76.52,1.572,29.72,1550.0,57.43,3218.9,manha,esteira,2,27.0,0,575.3
77.36,2.4,36.43,1260.0,67.12,1994.7,manha,prensa,1,21.5,0,693.0
65.9,3.109,25.02,2549.0,32.2,1446.4,noite,bomba,4,50.8,0,451.4
74.76,2.668,28.28,2637.0,52.53,5808.2,manha,CNC,5,92.2,0,491.3
81.76,3.54,35.47,2528.0,91.09,433.6,tarde,bomba,1,25.9,0,422.2
71.05,2.021,29.08,2624.0,45.29,4038.0,manha,CNC,2,22.6,0,779.9
71.4,2.137,31.56,2877.0,70.71,2208.3,tarde,CNC,1,23.5,0,776.7
89.8,3.212,41.61,2005.0,97.99,1429.4,noite,compressor,1,39.0,0,383.7
75.87,2.749,32.93,1441.0,79.64,1546.2,manha,esteira,0,4.4,0,524.0
73.4,1.379,27.02,2831.0,53.52,1869.8,noite,CNC,1,28.9,0,853.5
66.18,2.854,20.87,2566.0,33.97,1327.5,manha,CNC,3,70.7,0,612.9
89.83,3.887,39.32,2455.0,98.01,3675.8,manha,CNC,2,91.8,0,240.0
83.54,2.766,27.5,1317.0,66.9,1771.4,tarde,esteira,3,171.5,0,240.0
75.65,2.164,31.66,2331.0,57.95,3374.5,tarde,bomba,2,49.5,0,934.7
66.43,2.042,25.22,2634.0,54.42,1562.4,manha,CNC,0,34.9,0,682.1
86.17,4.15,32.05,2631.0,86.39,2573.6,tarde,CNC,5,149.7,0,341.0
79.29,2.042,32.14,2499.0,71.82,2573.0,manha,bomba,5,53.5,0,604.5
78.47,2.833,33.16,2082.0,65.61,2317.6,tarde,compressor,2,54.5,0,677.0
80.14,3.845,33.74,2470.0,79.92,4767.4,tarde,bomba,1,112.3,0,397.9
73.34,1.639,28.25,2177.0,45.13,5040.4,noite,compressor,2,14.5,0,383.7
88.87,3.136,36.98,1088.0,88.04,3564.3,tarde,prensa,2,56.3,0,502.3
68.62,1.585,25.27,1951.0,32.7,4230.8,tarde,compressor,4,19.9,0,722.0
88.79,2.493,39.56,2340.0,89.65,3452.3,tarde,bomba,2,11.2,0,345.4
75.03,2.685,30.69,2389.0,71.67,1691.0,manha,CNC,1,27.2,0,754.3
84.97,4.1,38.15,1189.0,96.03,2098.3,manha,prensa,1,133.1,0,240.0
70.85,2.06,22.88,1229.0,46.37,503.1,noite,prensa,4,14.6,0,1069.4
61.39,1.26,29.2,1755.0,49.47,1185.8,manha,esteira,0,38.9,0,749.8
88.28,3.276,37.27,2189.0,95.38,858.1,noite,compressor,1,86.6,0,539.7
72.32,2.478,29.16,2634.0,57.73,1420.9,manha,CNC,0,28.5,0,715.4
77.34,2.736,26.93,1578.0,51.32,2697.1,noite,esteira,2,169.8,0,240.0
63.19,1.499,25.14,1510.0,49.21,1651.2,manha,esteira,1,52.1,0,604.3
80.03,2.42,32.61,2711.0,65.82,3778.2,noite,CNC,1,13.3,0,649.1
83.85,3.451,36.61,1838.0,84.56,1218.1,tarde,compressor,1,26.8,0,510.9
85.09,2.854,31.22,2024.0,69.29,3283.0,manha,compressor,1,14.2,0,556.3
77.13,2.073,36.68,1554.0,78.24,1144.7,tarde,esteira,3,29.5,0,772.5
72.61,2.436,27.67,2354.0,43.37,4576.0,tarde,bomba,3,42.7,0,605.1
79.75,2.437,34.35,2563.0,66.46,1216.3,manha,bomba,4,87.8,0,549.1
77.13,3.314,30.74,2368.0,82.95,3004.8,manha,bomba,1,191.4,0,240.0
70.93,1.977,21.46,2734.0,27.82,1448.2,tarde,CNC,4,43.9,0,613.4
82.27,2.859,34.91,2063.0,72.92,5473.3,noite,compressor,0,79.0,0,240.0
66.79,2.199,23.38,2634.0,43.55,5344.3,manha,CNC,1,48.2,0,254.9
84.58,3.655,36.97,1620.0,98.42,2944.9,noite,esteira,1,25.7,0,403.5
83.14,3.897,29.65,2321.0,66.74,2910.6,manha,compressor,2,32.4,0,303.6
88.13,3.138,38.45,1742.0,93.97,3617.8,manha,compressor,3,125.6,0,351.3
83.48,2.727,34.76,2504.0,85.71,3250.7,tarde,CNC,1,37.3,0,546.3
76.99,4.025,32.66,2592.0,83.48,3901.1,manha,CNC,1,140.2,0,436.9
74.98,2.126,35.91,2585.0,73.65,1197.3,manha,bomba,3,55.2,0,669.5
80.46,2.692,32.47,2740.0,65.95,2318.0,tarde,CNC,6,58.5,0,320.0
72.59,2.989,24.48,2522.0,29.81,1520.0,manha,CNC,2,109.8,0,408.4
80.16,2.52,33.43,1442.0,76.61,5297.6,manha,esteira,1,61.4,0,240.0
84.24,2.819,36.8,2203.0,82.49,962.3,tarde,compressor,1,3.7,0,610.3
79.01,2.489,33.3,1984.0,69.82,5830.7,tarde,compressor,3,29.9,0,693.2
84.94,3.681,31.97,2095.0,84.81,2343.5,noite,compressor,1,58.1,1,84.4
74.21,1.962,36.18,1409.0,74.2,3935.9,tarde,esteira,3,62.7,0,653.3
81.19,2.897,38.07,2131.0,80.24,1641.8,tarde,compressor,4,61.7,0,404.2
77.33,1.941,32.09,1614.0,76.64,904.1,manha,esteira,2,49.5,0,598.4
78.99,3.333,31.92,843.0,84.39,5178.4,noite,prensa,1,56.8,0,452.2
84.63,3.572,26.21,2591.0,51.74,3102.1,manha,bomba,9,116.6,0,240.0
73.82,2.776,28.34,2349.0,62.22,1026.2,manha,compressor,1,40.0,0,660.7
76.84,2.646,31.65,1246.0,67.4,2156.4,noite,esteira,6,49.6,0,777.9
76.09,3.274,31.41,2024.0,70.13,2055.9,noite,compressor,1,94.6,0,616.5
68.01,3.083,29.76,1838.0,65.88,3038.6,tarde,compressor,2,97.0,0,500.8
79.36,2.778,30.16,2151.0,55.3,1193.6,manha,bomba,4,21.1,0,702.4
72.91,2.613,27.69,2220.0,50.19,1009.6,manha,compressor,2,9.4,0,686.7
73.93,2.597,36.06,2854.0,80.93,2512.0,tarde,CNC,3,84.3,0,260.3
71.97,3.169,28.63,2066.0,54.26,1242.5,noite,compressor,4,69.1,0,748.7
91.35,3.347,38.46,2815.0,81.55,5271.1,tarde,CNC,3,52.8,0,240.0
79.97,3.161,34.42,1964.0,58.21,3719.7,manha,compressor,4,89.3,0,594.1
72.86,2.221,35.84,2198.0,87.3,3656.4,manha,bomba,1,45.3,0,358.7
81.09,3.141,34.58,1180.0,83.54,493.6,tarde,prensa,1,67.1,0,421.9
83.26,3.081,36.48,2541.0,90.58,1685.3,tarde,CNC,1,37.4,0,642.3
87.11,2.899,39.81,2450.0,95.33,1915.2,manha,bomba,6,29.4,0,358.2
79.44,3.291,34.59,2239.0,72.16,1109.3,manha,compressor,0,44.4,0,429.7
70.73,1.887,28.05,2512.0,70.62,3257.7,manha,CNC,2,15.0,0,572.4
74.21,3.944,32.26,2482.0,66.5,3004.3,manha,CNC,2,27.5,0,500.9
61.49,1.419,19.9,2750.0,19.35,3570.7,tarde,CNC,3,51.5,0,813.2
79.63,2.949,30.65,2581.0,60.34,4182.5,manha,CNC,3,68.6,0,498.4
79.23,3.288,32.77,2702.0,73.17,4061.2,tarde,CNC,3,108.4,0,330.2
77.79,3.745,29.59,1918.0,60.82,8874.1,noite,compressor,1,49.4,0,284.5
75.85,3.348,28.09,2323.0,67.87,2271.9,noite,bomba,2,28.7,0,714.1
79.35,2.847,32.49,2780.0,86.89,2036.3,noite,CNC,0,20.0,0,519.7
92.11,3.582,36.43,2707.0,90.48,3232.8,manha,CNC,2,103.3,0,394.5
82.97,2.69,31.25,2803.0,66.39,4613.1,manha,CNC,7,58.5,0,240.0
87.15,2.531,36.16,2381.0,88.61,711.4,manha,bomba,0,47.8,0,305.1
69.43,2.553,28.42,2252.0,50.72,1362.5,tarde,compressor,1,59.7,0,480.0
78.3,2.669,29.26,2450.0,64.86,1580.2,manha,bomba,3,90.0,0,873.3
88.63,3.483,33.46,2650.0,87.72,2414.9,manha,CNC,1,128.9,0,245.9
72.94,2.348,33.93,2563.0,70.59,1691.6,manha,CNC,1,17.5,0,862.3
73.72,3.01,32.1,1311.0,64.95,4220.5,manha,prensa,4,45.1,0,695.8
74.13,3.183,29.62,2595.0,65.9,2623.8,tarde,CNC,2,85.0,0,397.0
70.96,2.008,33.06,2907.0,67.97,2140.7,tarde,CNC,2,18.7,0,877.3
79.53,3.135,25.55,2587.0,48.26,3020.4,tarde,CNC,2,158.6,0,438.0
70.99,2.69,23.47,1225.0,27.57,556.8,noite,prensa,0,44.7,0,748.2
79.22,2.613,32.28,2507.0,68.95,2933.8,manha,bomba,2,172.6,0,320.6
71.03,2.162,26.54,2444.0,51.66,1267.4,manha,bomba,2,16.4,0,742.0
80.59,3.57,34.75,1079.0,76.67,3790.8,tarde,prensa,4,100.9,0,463.6
91.17,3.308,33.13,2454.0,84.61,634.4,tarde,CNC,5,32.3,0,442.8
84.95,3.891,37.3,1093.0,92.81,3139.7,tarde,prensa,1,53.7,0,302.9
81.85,3.76,35.93,2391.0,87.8,1291.2,manha,CNC,3,79.1,0,299.0
76.27,2.914,27.2,2345.0,58.13,4666.5,noite,bomba,1,95.7,0,480.0
71.03,2.233,30.63,2192.0,57.3,757.2,manha,compressor,5,71.0,0,679.8
74.15,2.295,29.33,2009.0,45.77,2361.1,manha,compressor,2,51.9,0,669.4
84.01,3.513,31.16,1552.0,64.08,3474.1,tarde,prensa,2,58.9,0,443.3
78.47,2.934,29.05,2361.0,54.71,2833.5,noite,CNC,1,233.7,0,271.7
89.56,3.816,35.88,1256.0,87.43,2822.5,tarde,prensa,3,105.8,0,250.5
76.18,3.583,35.38,2136.0,85.74,956.7,noite,compressor,4,25.3,0,421.7
77.58,3.191,33.84,2349.0,83.83,911.7,manha,bomba,1,58.1,0,359.7
71.31,2.832,24.66,1194.0,35.23,2757.8,tarde,prensa,6,73.7,0,578.7
66.03,2.319,27.89,2880.0,55.15,2508.3,noite,CNC,1,6.0,0,681.3
84.89,3.28,37.85,1340.0,79.66,1146.6,tarde,prensa,4,113.9,0,311.2
78.08,3.501,33.5,2544.0,79.42,1101.2,manha,bomba,1,27.4,0,569.5
71.37,2.991,24.78,1398.0,47.58,2161.5,noite,esteira,5,34.4,0,609.3
71.23,2.863,24.45,2735.0,51.76,1805.4,manha,CNC,2,21.4,0,454.2
79.01,3.362,33.24,2450.0,66.34,6340.4,tarde,bomba,4,101.5,0,324.7
61.3,2.241,27.76,2473.0,39.91,4826.0,noite,bomba,3,81.6,1,179.6
75.81,3.242,28.44,1853.0,63.2,3710.6,noite,compressor,2,105.0,0,240.0
78.16,2.902,28.94,2621.0,49.39,5167.2,noite,CNC,1,135.3,0,334.2
76.74,3.601,35.62,2673.0,82.29,1505.0,noite,CNC,2,63.4,0,582.8
72.37,2.595,32.18,1683.0,73.46,1655.7,manha,esteira,0,38.2,0,723.1
74.83,3.044,27.23,2583.0,58.44,4428.9,noite,CNC,2,64.1,0,675.2
71.61,2.215,30.31,1381.0,60.05,2356.7,tarde,esteira,1,34.2,0,904.9
88.15,2.297,38.81,1082.0,86.7,2445.6,tarde,prensa,3,78.1,0,346.2
73.49,3.073,29.33,2671.0,44.7,1049.5,tarde,CNC,2,116.4,0,497.3
66.41,2.145,25.06,2789.0,34.32,4312.7,noite,CNC,1,28.8,0,865.2
70.04,3.138,32.11,2340.0,64.17,3228.7,tarde,bomba,3,64.5,0,513.7
81.2,1.981,21.26,2683.0,35.28,1939.7,noite,CNC,1,51.0,0,601.7
70.61,2.881,27.5,2145.0,44.58,1663.8,manha,bomba,2,53.5,0,539.9
85.22,2.93,34.76,2080.0,75.91,4713.3,manha,bomba,3,100.3,0,240.0
60.86,2.187,24.62,2459.0,41.83,1517.2,tarde,bomba,2,74.6,0,841.7
76.3,2.692,31.64,2159.0,66.27,825.2,manha,compressor,1,45.3,0,695.6
66.25,1.439,22.02,2478.0,30.19,4865.9,tarde,bomba,2,49.3,0,831.3
70.07,2.601,23.08,2107.0,44.16,4922.0,manha,bomba,5,58.6,0,511.0
82.59,3.208,34.34,2833.0,74.06,1513.3,tarde,CNC,4,56.1,0,598.4
79.59,3.276,36.5,2289.0,73.25,7040.6,manha,bomba,4,58.6,0,525.2
78.72,4.056,30.88,1142.0,71.69,2194.5,manha,prensa,1,89.7,0,309.1
78.85,2.27,33.73,2506.0,77.45,1524.5,tarde,bomba,1,21.1,0,567.2
84.11,2.566,32.2,2063.0,80.72,3167.2,manha,compressor,4,75.2,0,442.2
73.57,2.335,31.22,2292.0,63.45,939.2,manha,compressor,7,80.6,0,687.5
83.27,3.103,29.96,2691.0,64.93,1236.7,manha,CNC,4,166.5,0,387.1
72.07,3.019,28.54,2848.0,55.83,2768.3,manha,CNC,2,51.7,0,529.3
83.47,3.325,37.72,2568.0,86.27,2479.3,tarde,CNC,1,74.4,0,675.7
85.75,2.842,32.31,1362.0,65.8,3926.4,manha,prensa,2,99.8,0,240.0
84.45,3.03,28.08,2363.0,50.75,1041.2,manha,CNC,1,73.4,0,683.7
82.48,2.838,32.77,1491.0,82.91,6365.5,tarde,esteira,1,10.1,0,308.0
78.38,2.571,39.18,2477.0,97.13,1783.2,tarde,CNC,0,11.3,0,419.2
83.16,3.72,33.51,2087.0,85.02,2425.2,tarde,compressor,0,48.5,0,580.0
82.88,2.92,32.6,2111.0,57.5,1731.3,manha,compressor,1,55.5,0,776.3
66.8,2.251,22.49,2199.0,24.36,933.6,noite,compressor,2,68.5,0,817.4
76.18,2.925,27.58,1569.0,60.47,2267.2,tarde,esteira,3,19.8,0,640.6
77.27,2.584,24.22,1117.0,46.2,3446.7,manha,prensa,4,82.3,0,347.5
71.69,2.483,29.69,1467.0,64.77,2061.5,noite,esteira,6,20.0,0,871.3
80.94,1.985,27.65,2672.0,51.61,1331.4,tarde,CNC,1,72.7,0,515.7
82.98,2.602,36.21,1421.0,85.9,4002.0,tarde,esteira,4,25.6,0,764.5
75.89,2.556,26.87,2768.0,55.34,4089.7,noite,CNC,2,79.5,0,721.3
80.47,3.398,34.66,1168.0,73.3,1994.9,manha,prensa,1,100.1,0,496.8
78.21,2.801,30.37,2521.0,86.26,2871.2,noite,bomba,3,30.7,0,580.8
79.04,3.178,33.42,1965.0,74.01,3985.1,tarde,compressor,2,71.9,0,420.0
72.72,2.593,28.93,2719.0,62.95,3424.1,manha,CNC,2,61.9,0,683.5
93.45,3.165,37.43,2612.0,91.17,2823.3,manha,CNC,3,29.6,0,550.0
87.98,2.803,39.05,2792.0,89.49,3342.4,manha,CNC,4,19.1,0,703.2
73.46,2.805,31.36,1454.0,57.97,2988.5,noite,prensa,3,83.4,0,536.3
80.22,1.984,28.22,1504.0,49.58,2347.1,manha,esteira,0,152.4,0,528.6
77.66,2.291,30.02,1498.0,46.65,1026.3,manha,prensa,3,45.2,0,841.6
72.68,2.367,33.47,2658.0,64.61,1202.1,tarde,CNC,1,10.3,0,697.8
78.45,2.527,34.69,2447.0,68.03,3064.8,tarde,bomba,2,6.0,0,645.4
75.34,2.946,30.87,2640.0,70.51,1720.2,manha,CNC,1,58.3,0,404.5
75.7,3.035,29.0,2282.0,49.05,3000.1,noite,bomba,0,15.2,0,660.9
83.51,2.198,36.22,2288.0,79.84,1007.3,tarde,compressor,4,12.5,0,756.7
71.69,2.27,27.56,2111.0,48.35,1414.7,noite,compressor,2,29.0,0,770.9
59.96,1.462,22.94,2339.0,20.84,2061.4,manha,bomba,2,81.9,0,462.5
80.31,3.043,34.02,2553.0,78.32,416.3,manha,CNC,2,77.6,0,543.9
80.08,3.171,27.87,2318.0,62.3,1294.2,tarde,compressor,1,85.2,0,618.5
78.6,1.762,31.82,2400.0,56.87,1537.3,manha,bomba,3,37.4,0,557.1
77.7,2.674,28.53,2628.0,58.87,2587.9,tarde,CNC,4,39.4,0,528.0
90.76,3.971,33.91,1330.0,91.73,1984.1,manha,prensa,2,104.4,1,1.0
78.43,3.214,40.57,2585.0,80.31,2670.7,noite,bomba,5,43.4,0,422.7
55.31,1.431,18.84,1463.0,23.75,2397.9,noite,esteira,2,18.7,0,749.3
76.62,3.409,37.27,2475.0,89.26,1933.8,noite,bomba,2,30.2,0,416.2
77.72,2.675,30.87,1580.0,76.01,1544.0,noite,esteira,1,86.1,0,400.7
77.23,3.31,33.11,1473.0,80.74,2446.9,noite,esteira,1,71.0,0,598.6
79.12,3.009,32.13,1447.0,78.29,4617.6,tarde,esteira,3,48.0,0,521.2
85.77,2.895,34.64,2332.0,90.34,1538.0,tarde,bomba,2,14.2,0,640.2
88.18,2.989,37.7,2720.0,86.22,6219.4,noite,CNC,3,70.6,0,397.4
76.28,3.353,41.5,2658.0,93.52,2474.8,noite,CNC,1,41.8,0,659.8
78.36,1.574,24.33,2409.0,33.3,3813.0,noite,bomba,4,18.5,0,864.8
86.14,2.902,32.13,2510.0,85.34,2890.2,noite,CNC,4,84.8,0,280.0
82.84,2.852,32.61,2775.0,81.35,3141.1,manha,CNC,2,43.5,0,491.8
86.39,3.432,36.54,2661.0,97.32,1287.5,noite,CNC,4,56.4,0,714.2
73.88,2.129,28.65,2257.0,53.93,1710.8,noite,bomba,1,114.4,0,643.0
87.3,3.041,34.83,2589.0,84.97,699.0,tarde,CNC,5,66.3,0,332.9
76.87,2.898,37.64,2478.0,76.89,2032.7,noite,bomba,1,80.8,0,427.8
75.8,2.156,29.93,1285.0,62.76,3312.9,tarde,esteira,1,53.8,0,824.5
76.93,2.147,28.28,1493.0,46.05,2041.9,noite,esteira,1,91.4,0,536.7
82.53,3.356,33.68,2186.0,76.91,3933.6,manha,compressor,4,22.2,0,755.2
77.08,2.241,30.41,2451.0,62.95,1817.2,noite,bomba,2,14.2,0,837.1
73.77,2.975,32.95,2514.0,78.81,1476.1,manha,bomba,5,20.2,0,743.6
86.71,3.097,35.78,1814.0,84.44,1664.6,manha,compressor,0,39.6,0,625.7
80.97,3.389,31.54,2208.0,71.83,3498.5,manha,bomba,5,80.7,0,336.9
80.23,3.391,33.19,2739.0,74.35,5466.5,tarde,CNC,5,36.1,0,453.0
77.11,2.642,25.62,1247.0,43.77,6576.5,manha,prensa,1,79.2,0,381.8
64.55,1.909,28.31,2596.0,33.24,3290.0,noite,CNC,1,58.4,0,720.0
81.1,2.931,28.15,1485.0,48.52,3830.2,tarde,esteira,2,168.8,0,240.0
97.85,3.158,39.63,2453.0,96.53,822.7,noite,bomba,6,59.5,0,240.0
60.57,0.894,20.01,2608.0,17.77,992.4,manha,CNC,2,33.3,0,667.1
79.48,2.755,27.61,1427.0,64.07,1324.8,manha,esteira,5,74.0,0,675.6
79.24,2.716,29.6,2445.0,70.66,4775.8,noite,CNC,2,55.6,0,310.3
63.48,1.064,24.56,1706.0,40.59,4737.3,tarde,esteira,2,22.2,0,794.2
90.39,3.413,35.96,2360.0,88.12,7408.7,tarde,bomba,2,47.5,0,306.8
76.98,3.129,32.91,2849.0,70.37,1304.9,noite,CNC,1,46.8,0,678.9
77.25,2.276,29.54,2467.0,56.19,2182.8,noite,CNC,3,48.7,0,316.1
77.86,1.803,27.2,1564.0,52.87,695.5,tarde,esteira,2,23.4,0,838.2
77.78,3.146,32.43,1872.0,45.09,885.1,noite,compressor,5,153.8,0,590.7
71.41,1.983,26.61,1482.0,41.1,1929.1,tarde,prensa,4,15.5,0,775.2
60.89,1.816,20.21,1850.0,22.99,1343.4,tarde,esteira,2,115.7,0,586.8
67.92,2.64,26.47,2574.0,49.35,1354.1,manha,bomba,4,52.2,0,700.3
80.65,3.168,36.49,2516.0,83.49,1583.4,manha,CNC,0,26.8,0,538.6
74.71,2.918,28.82,1309.0,58.96,5083.8,manha,esteira,2,138.9,0,240.0
78.84,1.895,31.81,1224.0,58.49,4246.6,noite,prensa,3,3.9,0,746.7
72.2,2.764,31.29,2690.0,68.22,1192.4,tarde,CNC,0,26.5,0,861.6
76.02,2.737,30.72,2140.0,66.25,4179.8,manha,compressor,2,45.3,0,802.4
72.88,2.534,26.11,2730.0,56.26,1415.5,tarde,CNC,0,29.5,0,509.3
67.88,1.349,24.95,2095.0,26.94,814.6,manha,compressor,4,49.2,0,879.9
82.36,3.396,33.78,1475.0,89.15,1547.4,manha,esteira,0,76.8,0,452.7
63.68,1.489,21.54,1979.0,14.37,2736.3,noite,compressor,2,19.0,0,535.9
72.09,2.684,28.77,2495.0,61.53,1284.1,tarde,bomba,1,61.7,0,520.5
84.39,3.616,35.25,1747.0,74.14,3255.3,manha,compressor,3,81.6,0,360.2
80.26,2.618,33.52,2682.0,64.06,1617.8,tarde,CNC,1,20.8,0,890.6
80.99,3.069,31.49,2666.0,73.61,2853.3,tarde,CNC,2,58.4,0,494.3
68.9,2.174,26.03,1498.0,52.77,1182.8,noite,esteira,1,46.5,0,787.5
74.83,2.469,39.85,2505.0,86.89,2313.8,noite,bomba,0,24.3,0,531.3
79.89,2.977,29.07,2228.0,49.52,1310.6,tarde,compressor,2,26.1,0,767.1
72.73,2.709,31.53,1566.0,63.27,1964.2,tarde,esteira,0,26.4,0,492.6
79.82,2.417,25.88,2929.0,52.86,6271.9,manha,CNC,2,37.1,0,410.1
89.74,1.544,34.29,2553.0,87.6,1755.7,tarde,CNC,2,37.4,0,356.8
83.65,3.451,33.65,2565.0,74.17,977.2,manha,CNC,1,118.4,0,240.0
92.28,2.819,38.08,1149.0,98.19,2402.2,manha,prensa,5,64.7,0,330.7
75.55,2.56,25.66,1648.0,51.15,2426.8,noite,esteira,5,65.9,0,562.8
69.95,1.916,26.66,2445.0,43.6,2417.4,tarde,bomba,3,56.4,0,294.8
80.47,3.547,33.09,2371.0,90.43,3146.9,tarde,CNC,1,59.6,0,601.2
84.18,2.508,34.83,2597.0,78.8,1703.7,manha,CNC,2,68.9,0,507.3
65.95,2.316,25.17,2323.0,48.6,3326.6,noite,bomba,4,21.8,0,762.1
78.7,2.165,34.35,2304.0,72.55,2257.1,manha,compressor,2,48.0,0,434.1
63.57,1.858,22.61,1156.0,26.06,938.5,tarde,prensa,0,27.0,0,929.0
82.08,2.965,34.08,1474.0,75.25,3597.3,noite,esteira,3,94.7,0,240.0
76.99,2.962,32.36,1881.0,57.39,2540.2,tarde,compressor,2,34.7,0,635.1
77.9,2.756,32.33,1504.0,79.17,3226.7,noite,esteira,6,69.5,0,381.6
80.76,3.242,32.6,1472.0,80.28,1016.6,manha,prensa,2,77.7,0,280.7
79.39,2.272,27.86,1956.0,36.79,3719.5,tarde,compressor,1,62.1,0,584.0
75.87,3.222,34.42,2475.0,65.82,7200.8,noite,bomba,3,57.8,0,293.1
83.68,3.401,38.94,1204.0,88.3,964.0,tarde,prensa,1,52.0,0,549.8
73.58,2.805,20.81,2618.0,39.36,4018.5,tarde,CNC,1,80.1,0,554.4
75.82,2.042,30.79,1324.0,57.66,2546.6,tarde,prensa,3,28.6,0,828.2
78.86,2.679,28.1,2464.0,59.66,2271.5,noite,CNC,6,65.3,1,192.7
86.34,3.143,37.05,2293.0,83.7,3744.0,noite,bomba,3,11.8,0,393.1
86.14,3.667,34.34,1389.0,83.05,3513.7,tarde,esteira,4,33.5,0,478.0
80.41,3.833,32.68,2604.0,75.87,4588.9,noite,bomba,0,36.6,0,240.0
84.59,2.367,35.96,2549.0,91.14,1044.1,tarde,bomba,2,16.8,0,754.7
84.9,3.002,34.72,2497.0,87.15,4689.4,tarde,bomba,1,57.9,0,411.0
67.89,1.09,24.36,2793.0,47.51,2836.7,manha,CNC,0,30.1,0,443.7
82.89,4.105,33.68,2729.0,80.1,710.9,tarde,CNC,1,106.8,0,240.0
69.5,2.732,30.35,2437.0,62.26,1765.9,noite,CNC,2,43.8,0,364.7
84.52,3.434,38.37,2298.0,84.64,2581.3,tarde,bomba,2,76.5,0,240.0
70.95,2.825,32.34,2038.0,66.51,1741.7,manha,compressor,1,96.0,0,495.4
70.73,2.551,28.06,2655.0,55.09,2104.1,tarde,CNC,3,70.6,0,240.0
85.37,3.557,33.89,1101.0,79.55,1590.1,noite,prensa,1,39.5,0,661.1
81.41,2.734,24.15,1842.0,58.57,9317.7,noite,compressor,0,51.8,0,331.2
72.8,1.89,26.44,1955.0,46.6,3357.7,manha,compressor,3,16.9,0,737.8
81.36,3.137,34.69,1962.0,79.03,2394.8,manha,compressor,3,77.3,0,367.0
79.47,3.354,32.38,2542.0,76.86,1164.8,tarde,CNC,1,172.9,0,240.0
79.64,3.386,33.32,1526.0,82.18,4595.8,manha,esteira,6,91.1,0,456.7
91.15,3.669,33.49,2028.0,96.15,3108.3,noite,compressor,4,38.3,0,240.0
70.91,1.868,24.61,2819.0,49.08,1246.8,tarde,CNC,2,40.9,0,959.9
72.5,2.87,30.49,1301.0,73.12,1252.7,tarde,prensa,1,93.6,0,402.6
75.54,2.815,33.86,1489.0,87.51,2135.6,manha,esteira,1,19.3,0,570.5
65.0,2.198,19.4,1592.0,43.0,2409.4,tarde,esteira,0,31.2,0,670.0
72.29,2.822,28.42,1495.0,57.21,3312.0,noite,esteira,7,33.2,0,722.2
73.8,2.357,29.26,1177.0,57.4,2222.5,tarde,prensa,4,11.1,0,556.8
77.34,2.813,33.87,2070.0,73.38,3475.2,manha,compressor,3,67.6,0,580.8
73.23,1.74,26.05,2471.0,46.74,1742.8,manha,bomba,3,38.7,0,984.2
69.14,3.197,32.46,2526.0,66.19,2226.1,noite,bomba,7,38.9,0,419.6
80.03,3.051,38.06,2897.0,80.95,4692.3,noite,CNC,2,56.2,0,240.0
79.94,2.222,28.82,2827.0,67.39,3565.8,manha,CNC,1,14.7,0,603.1
85.67,3.226,33.6,2506.0,87.36,2307.1,tarde,CNC,1,48.6,0,530.3
73.11,3.06,30.52,2217.0,60.78,2777.5,manha,bomba,1,14.5,0,592.9
73.78,1.692,27.77,1685.0,46.44,2232.1,tarde,esteira,0,67.5,0,595.3
78.46,2.921,29.72,1490.0,71.9,891.4,manha,esteira,4,101.4,0,535.6
83.7,3.024,38.34,1975.0,81.14,290.3,noite,compressor,1,77.1,0,352.7
73.94,2.453,23.99,2838.0,41.25,5601.9,noite,CNC,1,33.6,0,379.3
81.82,3.3,32.48,2058.0,72.02,1302.1,manha,compressor,0,71.8,1,195.5
87.84,3.576,37.28,2383.0,86.64,1827.4,tarde,bomba,2,42.8,0,578.1
77.84,2.837,33.14,1107.0,60.46,8419.2,manha,prensa,3,54.2,0,340.5
69.9,2.464,25.37,1259.0,50.88,1134.1,manha,esteira,3,69.2,0,616.0
86.57,3.353,39.58,1125.0,95.85,2154.4,manha,prensa,1,3.3,0,303.4
79.12,2.892,33.61,1433.0,79.71,4867.5,manha,esteira,3,12.0,0,617.3
89.41,3.782,30.6,987.0,73.55,6289.5,noite,prensa,1,45.0,0,340.8
77.68,2.286,28.12,2097.0,55.69,3082.9,manha,compressor,4,28.2,0,618.7
74.94,3.198,28.21,2655.0,63.62,4619.9,noite,CNC,4,49.6,0,663.6
74.97,3.008,35.29,2762.0,79.35,2022.0,manha,CNC,2,55.4,0,294.4
91.04,3.754,34.21,1987.0,89.51,289.1,tarde,compressor,3,33.8,0,617.9
71.04,2.604,27.78,2392.0,46.77,4387.6,tarde,CNC,3,40.1,0,700.6
83.4,2.953,35.1,2599.0,83.28,2275.1,noite,CNC,3,23.5,0,641.7
80.9,3.391,34.22,1068.0,75.47,1878.7,manha,prensa,4,59.9,0,470.9
90.29,3.218,38.42,2616.0,97.53,1775.6,manha,CNC,0,83.1,0,458.3
75.11,2.527,29.04,1353.0,63.59,3435.9,noite,prensa,1,15.2,0,240.0
79.4,2.54,33.21,1413.0,73.12,3412.7,noite,esteira,6,80.4,0,240.0
76.09,2.478,32.26,2385.0,70.4,2315.7,tarde,bomba,3,65.1,0,374.2
89.21,1.535,31.28,2124.0,69.07,2996.5,manha,bomba,1,76.7,0,365.2
81.96,3.169,40.72,2003.0,84.55,1118.7,manha,compressor,2,102.9,0,621.7
72.83,2.163,23.9,2613.0,43.79,2040.6,noite,bomba,4,33.9,0,470.9
79.38,2.448,24.83,2710.0,30.34,1153.9,tarde,CNC,0,93.5,0,632.5
84.74,2.62,33.84,1114.0,70.37,1127.3,tarde,prensa,3,103.9,0,441.6
71.9,2.085,26.12,1951.0,44.35,2830.3,manha,compressor,2,16.8,0,560.0
81.04,2.832,34.16,2638.0,76.82,2391.2,manha,CNC,3,55.5,0,757.1
72.2,2.803,31.72,1585.0,66.95,1745.1,noite,esteira,1,54.0,0,504.4
89.18,3.29,34.45,2262.0,79.95,1978.5,noite,bomba,2,107.9,0,421.0
79.76,3.558,28.96,1975.0,58.75,2971.1,manha,compressor,3,201.6,0,240.0
81.36,3.528,33.63,2115.0,77.78,3476.8,noite,bomba,3,77.2,0,240.0
72.06,3.113,26.13,2690.0,48.64,3157.4,tarde,CNC,4,156.0,1,1.0
68.48,1.737,29.12,2318.0,45.23,686.8,manha,bomba,3,29.4,0,1037.8
73.67,3.167,30.04,2733.0,52.8,395.7,tarde,CNC,2,72.7,0,608.1
90.14,2.492,37.87,2672.0,94.2,1384.4,noite,CNC,3,48.8,0,508.9
66.78,2.247,20.81,2719.0,25.75,400.2,manha,CNC,1,68.4,0,828.7
81.86,3.137,28.84,2013.0,55.4,5234.0,tarde,compressor,0,78.0,0,478.9
78.08,4.143,35.73,2261.0,91.63,1937.7,tarde,compressor,1,86.6,0,240.0
86.66,2.823,34.13,2010.0,77.52,933.8,manha,compressor,1,40.5,0,577.6
77.94,2.916,32.36,2851.0,86.57,1923.7,noite,CNC,0,45.9,0,568.9
83.45,2.408,32.72,2676.0,77.14,568.6,manha,CNC,2,82.3,0,422.7
72.54,2.763,34.6,2404.0,94.02,949.3,tarde,bomba,2,62.3,0,395.1
76.06,2.43,29.23,2631.0,63.47,1834.6,tarde,CNC,2,31.6,0,471.5
79.5,2.134,34.39,2424.0,63.63,1646.7,tarde,bomba,3,46.8,0,573.4
72.89,2.443,28.28,1217.0,55.16,1825.1,tarde,prensa,2,97.7,0,724.4
74.35,2.033,28.54,2314.0,50.74,3027.0,tarde,compressor,2,25.3,0,795.5
81.94,3.348,30.52,1060.0,62.95,3976.8,noite,prensa,1,50.2,0,257.9
82.84,2.517,34.92,2623.0,76.43,2483.7,noite,CNC,3,18.7,0,535.5
68.89,2.955,26.68,2477.0,49.9,4098.3,noite,CNC,2,103.1,0,405.7
86.28,3.261,32.67,1366.0,77.94,1671.0,manha,esteira,4,207.9,0,240.0
88.21,3.286,32.72,1467.0,79.06,4417.8,tarde,esteira,0,120.3,0,242.5
77.34,2.087,27.66,1725.0,57.83,2507.5,tarde,esteira,1,35.5,0,452.6
74.46,3.189,35.65,2705.0,73.36,3781.2,manha,CNC,4,35.4,0,414.1
65.48,2.469,26.1,1373.0,42.19,1692.8,noite,esteira,0,99.7,0,513.9
84.1,3.89,33.37,2011.0,79.33,2439.4,manha,compressor,5,92.1,0,240.0
92.35,3.78,39.12,2138.0,91.08,6763.6,manha,compressor,4,131.1,0,272.0
78.16,2.105,31.75,2574.0,57.37,2428.4,manha,CNC,2,51.9,0,598.4
73.07,2.459,28.45,1258.0,59.62,3956.9,manha,prensa,3,22.5,0,576.5
74.09,2.583,27.97,2691.0,53.97,4238.7,manha,CNC,1,52.8,0,708.9
76.93,3.082,34.24,1477.0,82.07,3300.0,tarde,esteira,2,47.5,0,668.9
71.07,2.617,25.17,2208.0,46.27,3641.7,tarde,bomba,2,181.6,0,333.8
80.56,2.83,32.56,1542.0,78.09,1696.1,manha,esteira,2,78.7,0,739.1
65.8,1.56,23.7,1855.0,39.04,1354.6,manha,esteira,0,12.1,0,718.8
84.56,2.97,35.69,1430.0,88.79,1165.2,noite,esteira,3,80.7,0,547.6
73.66,2.747,35.01,2546.0,55.67,2944.0,manha,CNC,5,103.7,0,439.1
78.88,3.394,27.9,2721.0,58.4,2386.4,tarde,CNC,2,93.9,0,510.5
70.48,2.983,25.63,2688.0,55.26,2825.0,tarde,bomba,3,90.4,0,599.4
83.14,3.813,38.04,1955.0,86.56,1034.2,tarde,compressor,5,61.5,0,475.3
74.94,2.997,33.06,2490.0,73.49,1497.3,noite,CNC,4,46.0,0,583.3
78.31,3.444,30.79,2754.0,66.63,3894.3,tarde,CNC,2,21.4,0,646.2
88.64,3.702,33.8,2133.0,66.29,2612.1,noite,compressor,2,136.6,0,240.0
79.72,2.194,29.03,2502.0,66.65,2518.6,noite,CNC,1,74.2,0,358.4
81.15,3.264,35.63,2613.0,83.13,2031.4,manha,CNC,1,36.1,0,565.3
82.69,3.317,35.21,1080.0,84.76,1409.9,manha,prensa,2,57.2,0,258.1
71.31,2.778,27.44,2034.0,47.65,4501.2,manha,compressor,2,21.6,0,517.4
87.73,2.601,34.88,1170.0,79.81,4927.7,tarde,prensa,0,56.8,0,669.3
77.66,2.154,33.24,1326.0,51.96,2446.8,tarde,prensa,2,113.1,0,472.8
76.96,3.124,34.77,2793.0,87.73,603.1,manha,CNC,2,80.9,0,476.1
79.98,1.772,28.95,1488.0,64.32,2161.4,manha,esteira,2,101.5,0,736.5
72.86,3.126,30.12,2555.0,56.98,5131.3,tarde,bomba,1,96.8,0,461.0
77.25,2.921,35.45,2521.0,76.83,1525.9,tarde,bomba,0,70.2,0,328.2
78.42,3.49,28.53,2481.0,65.78,1764.9,tarde,CNC,2,48.1,0,401.3
82.09,3.47,36.84,2766.0,87.98,3790.2,noite,CNC,2,41.1,0,716.0
83.74,2.985,26.1,2720.0,51.32,1746.3,manha,CNC,2,130.7,0,240.0
77.63,3.073,29.39,2638.0,70.49,2363.4,tarde,bomba,3,75.9,0,396.8
86.78,3.314,35.46,1253.0,85.37,478.3,noite,prensa,2,72.3,0,257.7
81.82,3.715,36.63,2576.0,97.49,4994.2,tarde,bomba,3,75.6,0,380.7
81.73,3.151,34.48,1267.0,94.51,3608.7,tarde,esteira,3,44.1,0,241.3
79.33,1.977,29.96,1148.0,66.77,4325.1,tarde,prensa,5,69.5,0,711.4
75.99,2.692,27.25,2167.0,52.73,1274.5,manha,bomba,2,33.6,0,820.8
77.55,3.662,34.86,2574.0,77.32,5606.3,noite,CNC,3,38.6,0,376.0
85.74,3.338,32.83,1516.0,82.87,2232.9,tarde,esteira,2,83.1,0,346.1
83.48,3.355,33.9,2041.0,75.4,4538.6,tarde,compressor,3,74.2,0,537.0
83.56,3.106,30.6,2737.0,79.22,2897.3,tarde,CNC,3,84.7,0,240.0
67.01,1.816,23.85,2694.0,35.61,3704.6,tarde,bomba,2,92.5,0,593.5
80.66,2.712,37.47,1176.0,87.17,3028.5,manha,prensa,2,44.4,0,451.7
64.21,2.137,26.24,2809.0,49.61,1737.9,noite,CNC,2,54.1,0,475.9
74.99,2.515,29.83,2494.0,55.15,762.7,tarde,bomba,1,80.7,0,462.1
73.01,2.419,21.82,2690.0,40.39,4737.6,manha,CNC,3,30.7,0,761.4
68.75,1.767,24.72,2798.0,47.47,313.6,tarde,CNC,2,3.9,0,822.8
65.83,1.759,27.86,2601.0,47.08,3940.7,noite,CNC,3,14.9,0,740.5
81.84,2.885,38.11,1627.0,93.47,4734.2,manha,esteira,5,37.5,0,533.2
84.84,2.964,41.04,1325.0,95.01,907.3,tarde,esteira,3,44.9,0,430.7
86.47,2.662,38.79,2643.0,93.34,1799.8,tarde,CNC,2,67.8,0,571.4
84.9,3.303,35.87,2013.0,74.16,834.4,noite,compressor,2,104.8,0,289.4
74.56,3.64,32.27,2973.0,80.69,1575.9,tarde,CNC,0,46.8,0,429.9
80.8,2.77,34.62,2485.0,81.47,4285.0,noite,CNC,1,35.4,0,842.9
70.58,3.143,23.96,2475.0,46.42,3680.4,manha,bomba,3,21.5,0,545.7
65.36,1.428,21.58,2556.0,12.7,3399.8,noite,bomba,6,32.5,0,769.5
78.49,2.797,33.87,2329.0,81.53,1807.9,noite,bomba,1,32.2,0,635.9
74.46,2.593,27.74,2094.0,44.09,345.9,tarde,compressor,3,59.1,0,863.2
78.58,2.959,31.13,2339.0,87.59,1002.4,tarde,bomba,4,32.3,0,622.5
79.69,1.997,27.73,2594.0,72.8,2031.2,manha,CNC,5,43.3,0,376.1
73.95,2.561,33.64,2883.0,61.4,1159.8,tarde,CNC,1,40.3,0,663.2
67.76,2.3,30.3,975.0,29.85,3964.8,manha,prensa,5,55.1,0,645.9
87.19,2.658,32.51,1520.0,68.35,5706.1,manha,esteira,3,78.0,0,348.1
72.5,2.645,30.06,942.0,45.84,2884.0,noite,prensa,3,69.4,0,489.5
78.24,3.007,32.06,1378.0,75.89,899.3,manha,prensa,4,28.0,0,623.4
65.08,1.869,22.48,2343.0,42.4,4836.3,tarde,bomba,1,36.8,0,695.6
68.4,2.187,23.06,997.0,12.43,2519.8,manha,prensa,1,87.5,0,856.2
71.78,2.384,26.36,2036.0,43.98,2317.5,manha,compressor,4,100.8,0,674.1
72.68,3.051,27.34,2494.0,50.49,3236.0,tarde,CNC,6,19.1,0,449.6
71.5,2.82,33.74,2808.0,63.34,1032.8,manha,CNC,2,17.0,0,626.6
83.38,2.742,32.73,2740.0,75.13,1827.0,tarde,CNC,2,133.3,0,431.5
79.98,3.121,28.57,2507.0,64.0,2221.0,noite,CNC,3,21.7,0,621.0
81.72,2.847,27.47,2158.0,59.09,2738.3,tarde,compressor,2,30.4,0,484.7
79.96,3.111,34.44,1419.0,82.45,2905.0,noite,esteira,2,44.1,0,435.7
63.13,1.688,24.62,1486.0,30.99,3232.7,tarde,esteira,3,29.5,0,604.4
67.87,1.944,26.1,2682.0,46.75,1603.8,tarde,bomba,0,30.8,0,712.8
79.91,2.617,34.0,2620.0,79.72,652.8,manha,CNC,1,30.9,0,700.0
75.45,1.928,28.89,1716.0,64.36,2018.5,manha,esteira,1,59.0,0,516.4
76.85,1.672,27.81,2323.0,53.44,2177.5,noite,compressor,2,14.3,0,790.2
84.09,3.23,41.5,2576.0,98.47,630.3,tarde,CNC,3,87.6,0,468.9
81.93,2.665,34.07,2132.0,78.56,1547.3,tarde,compressor,3,17.1,0,538.3
80.08,2.977,32.42,1970.0,77.16,2590.9,noite,compressor,0,124.1,0,284.1
76.81,2.874,35.11,2664.0,68.95,1706.9,manha,CNC,4,37.9,0,706.0
76.25,2.239,26.81,1608.0,49.6,2528.2,noite,esteira,2,35.5,0,873.5
71.7,1.837,29.47,1541.0,62.25,1659.4,manha,esteira,2,11.7,0,716.0
60.0,1.553,19.93,2463.0,18.81,3372.5,noite,bomba,1,10.6,0,923.1
79.95,2.814,29.51,2568.0,72.78,1223.3,manha,CNC,3,50.8,0,475.9
79.41,2.051,31.39,1424.0,72.09,2335.3,manha,esteira,5,11.5,0,805.7
82.03,2.079,37.9,2346.0,95.29,2404.9,tarde,bomba,2,30.0,0,627.4
78.57,3.825,34.51,2636.0,85.52,3877.0,manha,CNC,1,75.4,0,240.0
77.54,2.912,35.72,2558.0,78.5,1888.4,noite,bomba,3,57.9,0,512.5
79.49,3.176,31.74,2354.0,78.06,5660.7,tarde,bomba,2,41.4,0,412.8
90.61,3.502,35.79,2099.0,81.01,5538.8,manha,compressor,5,54.1,0,365.9
69.53,1.895,28.17,2525.0,58.15,1278.4,manha,CNC,3,76.6,0,692.6
75.88,2.764,37.1,2504.0,85.91,2293.8,noite,bomba,2,37.1,0,541.7
86.08,3.304,39.84,2575.0,90.71,966.2,tarde,CNC,1,86.0,0,418.4
78.43,2.958,36.12,2600.0,77.54,3086.8,noite,CNC,3,50.8,0,652.0
69.36,1.978,27.44,2642.0,49.08,1691.7,manha,CNC,2,98.2,0,491.7
87.83,3.526,36.42,1145.0,88.07,2499.0,noite,prensa,0,53.8,0,241.8
78.6,2.956,31.84,1960.0,68.44,1985.6,tarde,compressor,0,17.2,0,639.4
87.65,3.252,31.79,2094.0,75.56,9121.9,tarde,compressor,3,29.5,0,365.9
82.43,3.306,34.46,2209.0,70.58,2130.6,manha,compressor,0,49.3,0,327.5
78.22,3.742,28.06,989.0,70.25,2015.8,manha,prensa,5,201.9,0,240.0
68.93,2.738,28.98,2433.0,61.44,4023.6,noite,bomba,0,27.8,0,725.9
82.25,2.982,31.2,1182.0,48.72,4356.5,noite,prensa,3,172.8,0,240.0
72.02,2.454,22.46,2017.0,39.81,2719.7,manha,compressor,1,91.4,0,366.5
86.04,3.077,28.24,2554.0,45.47,4426.1,noite,CNC,4,94.1,0,240.0
86.69,2.674,35.57,2485.0,78.02,8262.2,manha,bomba,1,76.8,0,384.0
82.16,2.343,27.09,2315.0,49.56,1920.3,manha,compressor,1,163.6,0,386.9
62.71,1.556,22.21,1713.0,38.02,1048.1,manha,esteira,4,31.4,0,942.6
71.8,2.334,24.05,1571.0,50.89,2947.5,tarde,esteira,1,89.5,0,359.1
85.25,3.025,33.46,2235.0,78.29,4190.6,manha,compressor,1,19.9,0,396.8
83.1,3.507,33.14,1273.0,80.69,5401.2,tarde,prensa,4,31.6,0,240.0
87.04,3.587,35.11,2278.0,96.8,3264.0,manha,bomba,0,80.5,0,310.0
80.94,3.028,34.3,2664.0,70.59,2370.6,noite,CNC,3,95.4,0,417.8
72.68,2.425,28.14,2225.0,61.15,1407.1,noite,bomba,0,67.4,0,468.0
66.88,2.572,26.48,2555.0,41.5,4748.8,tarde,CNC,2,9.8,0,717.0
81.19,3.442,34.41,1640.0,90.5,2804.5,manha,esteira,2,27.2,0,348.2
71.31,2.142,29.56,2645.0,54.46,665.6,noite,CNC,3,17.2,0,740.3
66.91,2.617,23.89,1945.0,30.23,6754.9,manha,compressor,2,47.3,0,605.9
67.71,1.824,26.96,2346.0,38.48,1093.5,noite,bomba,2,16.9,0,1147.0
81.56,2.894,34.7,2464.0,97.05,4236.0,tarde,CNC,0,32.5,0,383.4
84.99,2.23,33.77,2691.0,83.93,2668.5,manha,CNC,1,31.9,0,561.6
84.89,3.662,36.86,2322.0,83.03,705.2,manha,bomba,3,110.2,0,243.1
77.91,2.873,28.53,2620.0,59.43,2205.0,noite,CNC,1,34.5,0,535.6
73.84,3.247,26.99,2073.0,49.19,1923.7,noite,compressor,0,169.5,0,392.0
80.81,3.678,37.48,2128.0,88.72,834.0,tarde,compressor,1,38.1,0,739.0
76.58,2.032,25.14,2471.0,40.2,3082.1,noite,CNC,1,73.4,0,686.6
71.92,2.91,26.67,2471.0,44.58,3897.3,noite,CNC,4,60.9,0,629.4
80.09,2.779,32.69,1508.0,75.43,2299.8,manha,esteira,3,55.0,0,515.3
74.83,2.793,30.71,1298.0,66.61,1891.3,noite,prensa,1,90.3,0,583.9
76.37,1.672,28.54,2557.0,66.7,3220.9,manha,CNC,3,49.8,0,368.4
84.0,2.101,32.39,1189.0,73.87,244.4,tarde,prensa,2,32.5,0,535.3
69.21,2.899,25.24,2412.0,34.71,1758.2,manha,bomba,4,81.1,0,824.1
69.67,2.902,25.95,2432.0,46.19,1842.5,noite,bomba,1,23.6,0,622.0
74.92,1.619,29.84,1515.0,57.13,2345.6,noite,esteira,1,39.4,0,699.7
68.81,1.049,23.72,1565.0,37.08,795.7,manha,esteira,3,90.2,0,747.9
80.45,2.704,30.41,1424.0,58.75,529.4,manha,esteira,2,46.3,0,698.8
72.28,2.261,26.16,2601.0,49.46,1167.9,tarde,bomba,1,69.2,0,806.1
78.38,2.333,27.35,2343.0,59.04,3053.9,noite,bomba,4,61.9,0,542.5
69.09,1.692,25.74,2297.0,32.27,1822.7,noite,compressor,6,34.1,0,511.0
74.15,2.116,29.99,2375.0,71.45,1162.5,manha,CNC,4,47.6,0,783.6
75.3,3.076,26.63,2166.0,51.79,6164.5,tarde,bomba,3,22.7,0,649.1
69.31,2.766,28.41,2613.0,54.43,1890.3,tarde,CNC,3,99.8,0,323.1
83.68,2.057,29.69,2772.0,74.67,2354.3,tarde,CNC,6,40.4,0,617.8
70.54,2.512,26.82,2629.0,52.12,4707.9,tarde,CNC,4,104.6,0,603.2
69.09,3.072,26.02,2634.0,49.46,2564.9,manha,CNC,5,44.7,0,822.3
71.84,2.757,29.01,2425.0,59.84,3202.2,manha,bomba,3,72.6,0,482.8
78.03,1.791,30.63,2422.0,65.93,1360.9,tarde,bomba,2,22.9,0,609.1
73.8,2.709,28.69,2300.0,58.08,2432.5,noite,compressor,5,94.9,0,608.1
89.35,3.515,37.64,2538.0,95.81,5723.4,manha,CNC,3,46.1,0,305.1
80.33,3.587,37.71,2241.0,81.23,2966.5,manha,compressor,3,36.0,0,611.1
72.69,2.391,31.95,1992.0,47.0,2717.3,noite,compressor,0,20.8,0,560.9
85.5,4.464,37.62,1370.0,91.83,2010.0,noite,esteira,2,227.8,0,240.0
88.01,2.759,33.29,2297.0,77.28,956.2,tarde,bomba,3,17.7,0,565.2
79.26,2.618,33.43,2432.0,85.33,4421.0,manha,bomba,1,166.5,0,240.0
90.04,3.951,36.55,2495.0,96.28,2241.6,tarde,bomba,3,135.1,0,240.0
76.18,2.436,30.34,1240.0,63.63,1493.1,tarde,prensa,0,16.7,0,639.8
65.4,1.702,27.85,1602.0,43.6,882.8,tarde,esteira,3,49.2,0,872.4
76.05,2.614,27.47,2424.0,58.82,2801.3,manha,bomba,1,46.1,0,590.1
74.45,2.629,32.32,2172.0,67.33,1068.0,manha,compressor,1,50.3,0,261.7
68.57,2.561,25.73,2783.0,46.92,4443.3,manha,CNC,2,61.8,0,523.8
81.34,3.268,38.0,1048.0,87.6,1551.9,tarde,prensa,3,105.7,0,445.6
82.58,2.809,33.87,1947.0,79.98,2465.0,tarde,compressor,3,20.1,0,436.4
73.94,3.1,28.95,2578.0,63.34,2932.0,manha,CNC,2,46.4,0,436.5
75.45,2.866,30.62,1182.0,69.48,2734.5,tarde,prensa,2,36.3,0,439.6
80.29,2.937,36.84,1534.0,77.51,3904.8,noite,esteira,1,33.4,0,548.0
81.43,2.373,31.46,2655.0,66.95,1647.2,manha,CNC,4,51.8,0,468.3
74.87,3.374,35.86,2621.0,78.48,2364.3,tarde,CNC,0,43.1,0,370.6
85.0,3.2,37.23,2636.0,89.92,3304.9,tarde,CNC,2,5.6,0,451.1
78.78,2.586,31.42,2407.0,61.56,5412.4,manha,bomba,2,62.4,0,673.3
80.98,3.158,29.55,2546.0,61.07,3745.3,noite,CNC,5,9.8,0,799.6
86.85,3.609,36.82,899.0,91.13,4153.4,noite,prensa,1,98.4,0,266.7
87.01,3.046,31.71,1118.0,75.77,1921.0,manha,prensa,2,55.7,0,457.9
68.94,1.371,21.06,2552.0,29.72,2965.5,manha,bomba,2,40.6,0,897.6
60.74,1.771,23.29,2065.0,34.74,4970.6,manha,bomba,4,16.2,0,891.1
75.76,2.934,27.38,2225.0,50.27,2292.6,manha,compressor,2,63.7,0,766.6
81.81,3.042,34.13,2557.0,80.55,2975.9,tarde,CNC,4,49.3,0,410.7
82.9,2.745,35.43,1627.0,79.53,736.8,noite,esteira,3,51.7,1,104.0
76.4,2.374,29.73,2493.0,41.76,3492.5,noite,CNC,4,56.8,0,517.3
67.81,2.333,24.11,2311.0,43.92,2700.0,manha,CNC,1,76.6,0,701.2
80.31,2.535,30.27,1956.0,56.27,3358.9,tarde,compressor,1,62.3,0,552.7
73.63,2.423,26.21,2597.0,48.88,1950.0,manha,CNC,2,129.0,0,358.9
72.67,2.496,25.47,2131.0,54.42,607.7,tarde,compressor,1,76.5,0,481.0
87.54,2.847,40.32,1315.0,86.7,3588.7,manha,esteira,0,61.2,0,470.0
63.25,1.983,22.18,1567.0,28.68,1484.2,noite,esteira,3,53.2,0,724.3
74.76,2.594,29.15,2420.0,61.06,799.7,noite,bomba,5,25.0,0,483.2
72.51,2.769,31.28,1459.0,60.86,2589.9,manha,esteira,4,14.2,0,705.0
73.7,2.698,30.52,2093.0,39.57,5810.0,tarde,compressor,1,4.5,0,580.7
81.48,2.126,32.25,1527.0,69.15,1339.2,tarde,esteira,3,73.7,0,529.9
81.33,2.172,35.07,2475.0,60.08,1524.4,noite,bomba,0,49.9,0,666.6
82.98,3.365,32.1,2648.0,69.46,3693.1,tarde,CNC,3,77.9,0,345.0
73.29,3.377,33.39,1217.0,66.96,2065.6,manha,prensa,3,123.6,0,481.1
79.69,2.945,26.87,2898.0,52.75,3581.4,tarde,CNC,1,46.6,0,748.3
81.08,2.664,31.67,2414.0,75.22,1996.8,manha,CNC,2,17.1,0,722.1
88.26,3.155,36.33,2447.0,85.31,1800.6,tarde,CNC,2,93.0,0,277.3
68.12,2.292,27.02,2238.0,34.31,1383.6,manha,compressor,1,43.6,0,845.9
85.76,2.779,35.8,1874.0,89.7,2843.0,tarde,compressor,4,32.4,0,321.3
87.31,3.0,38.56,2515.0,90.56,1377.7,noite,bomba,1,30.4,0,530.0
92.68,4.181,37.23,1261.0,87.04,1731.8,manha,prensa,1,73.2,0,517.0
83.09,3.091,32.87,1881.0,74.08,4402.7,tarde,compressor,1,72.5,0,300.9
78.81,3.516,34.92,2447.0,76.96,7221.2,noite,bomba,6,107.4,0,240.0
80.9,2.714,30.13,2240.0,66.38,3057.6,manha,compressor,7,21.5,0,568.9
83.5,3.814,39.52,1504.0,96.17,4500.5,tarde,esteira,0,21.2,0,396.2
67.15,1.739,25.86,2636.0,44.89,1866.1,tarde,CNC,1,57.5,0,767.6
74.85,2.831,31.33,2820.0,60.14,2026.6,manha,CNC,0,62.0,0,710.7
77.02,2.489,29.13,2150.0,54.51,2663.0,noite,bomba,1,98.3,0,282.6
72.63,1.861,24.0,2475.0,32.16,1498.9,tarde,bomba,1,102.9,0,458.7
78.91,2.124,28.11,1320.0,84.79,1784.4,tarde,esteira,4,56.0,0,505.2
82.2,4.109,34.1,2431.0,84.47,3510.8,manha,bomba,3,107.1,0,301.8
67.81,2.295,23.07,1503.0,40.38,2397.8,manha,esteira,6,48.5,0,701.9
80.86,1.879,29.34,2085.0,49.69,2160.8,manha,compressor,0,49.0,0,656.8
77.97,1.792,27.28,2862.0,49.27,2096.4,noite,CNC,1,42.7,0,312.6
75.51,2.008,25.56,2464.0,55.33,1173.9,noite,CNC,0,20.3,0,759.4
79.5,2.854,33.04,2751.0,68.77,2604.1,noite,CNC,2,13.4,0,460.5
83.85,3.267,36.08,2061.0,88.01,1499.6,manha,compressor,3,56.8,0,457.0
70.46,1.635,23.08,2405.0,29.63,731.1,tarde,bomba,3,94.1,0,750.5
74.46,2.737,32.51,2202.0,67.05,1061.6,noite,compressor,3,31.3,0,758.7
80.7,3.437,32.59,2485.0,69.8,2121.0,tarde,bomba,1,101.8,0,337.5
62.87,2.714,28.52,2442.0,37.43,3346.2,manha,bomba,4,120.3,0,677.7
80.2,2.645,39.65,2256.0,97.25,3861.7,noite,bomba,1,39.4,0,314.9
68.56,1.922,32.01,2520.0,71.37,889.7,manha,bomba,1,10.7,0,696.7
89.48,3.035,35.03,2173.0,77.05,3154.6,manha,compressor,3,42.5,0,240.0
73.0,2.679,26.13,2124.0,43.43,6009.2,noite,compressor,2,22.7,0,769.3
73.17,3.504,30.15,2451.0,66.82,3973.4,tarde,bomba,2,94.5,0,562.6
91.2,2.987,36.79,2403.0,81.53,2544.3,manha,bomba,3,58.7,0,484.3
75.99,3.035,35.59,1944.0,70.36,2670.2,tarde,compressor,3,10.6,0,554.1
84.24,2.206,33.32,2005.0,74.75,2500.8,noite,compressor,2,69.3,0,688.7
75.07,2.617,32.7,2326.0,68.72,1702.9,manha,bomba,3,98.6,0,674.0
70.5,2.435,20.77,2381.0,26.72,4083.7,noite,bomba,5,53.8,0,324.7
80.59,3.708,35.7,2604.0,80.42,1244.1,manha,CNC,4,36.5,0,545.4
78.89,2.506,31.83,2305.0,76.03,2624.7,manha,compressor,1,65.9,0,323.6
76.73,3.159,33.41,1258.0,73.72,721.2,tarde,prensa,3,137.3,0,366.2
73.9,2.069,29.99,2597.0,56.59,4297.2,tarde,CNC,1,108.9,0,583.2
71.97,2.294,34.68,1576.0,72.73,2562.0,manha,esteira,1,18.2,0,424.4
66.52,2.88,23.96,2706.0,53.29,842.4,tarde,CNC,5,58.2,0,434.6
88.18,3.734,40.5,2658.0,92.97,5121.9,tarde,bomba,2,23.5,0,373.5
81.67,2.676,33.34,2148.0,62.27,2220.7,tarde,compressor,1,35.9,0,553.3
76.3,2.823,32.6,2566.0,67.66,984.4,noite,CNC,2,114.1,0,390.5
71.08,4.252,29.89,1061.0,63.03,6313.0,noite,prensa,2,58.0,0,293.9
75.91,2.38,30.93,2126.0,53.4,2000.0,tarde,compressor,1,25.2,0,593.4
63.81,1.465,23.48,1517.0,13.14,1399.0,tarde,prensa,0,41.9,0,790.1
77.67,2.912,32.41,2036.0,72.77,2701.9,tarde,compressor,3,82.5,0,539.5
76.41,1.777,35.62,1417.0,74.94,1067.2,tarde,esteira,0,34.3,0,666.7
69.43,3.142,34.77,1364.0,74.26,1702.9,manha,prensa,3,60.1,0,423.0
74.11,2.746,31.35,2415.0,55.77,4784.6,manha,bomba,0,36.3,0,554.7
76.58,3.05,32.02,2415.0,62.4,6536.8,manha,CNC,1,39.1,0,423.6
91.17,3.839,36.96,2378.0,90.5,2030.4,tarde,bomba,3,121.3,0,451.1
76.52,2.34,27.29,2536.0,59.04,3046.8,noite,bomba,2,56.7,0,504.3
83.82,3.251,33.47,926.0,78.95,4906.8,tarde,prensa,0,73.6,0,399.3
78.57,2.819,26.84,2176.0,36.94,1991.1,tarde,compressor,0,56.0,0,749.3
68.39,1.933,27.2,2513.0,50.52,1359.8,tarde,CNC,0,15.4,0,750.6
70.12,2.299,26.61,2629.0,63.64,3382.5,tarde,CNC,1,21.7,0,632.7
80.67,3.208,29.45,2316.0,62.82,956.4,tarde,bomba,2,120.9,0,374.9
82.89,2.578,29.01,1358.0,63.89,1260.8,tarde,prensa,1,112.9,0,527.3
84.31,2.325,34.44,2780.0,77.28,825.6,tarde,CNC,2,54.7,0,470.0
67.52,1.502,27.04,1346.0,41.57,4707.6,manha,esteira,0,28.3,0,550.1
80.54,4.326,36.24,981.0,86.14,2446.4,tarde,prensa,2,12.7,0,499.9
76.55,3.803,28.72,2374.0,68.29,3456.7,tarde,CNC,3,179.9,0,240.0
68.91,2.54,27.14,2720.0,51.88,1317.5,noite,CNC,1,20.7,0,957.8
69.65,2.147,27.76,2101.0,61.4,2976.4,noite,bomba,5,30.1,0,693.7
82.89,3.504,36.32,2292.0,90.68,3037.4,noite,bomba,6,34.0,0,588.5
93.52,4.296,39.45,2726.0,94.3,6294.8,tarde,CNC,4,27.8,0,240.0
66.78,2.208,25.61,1592.0,42.15,3286.3,manha,esteira,4,51.5,0,673.2
87.19,3.22,36.2,2097.0,87.51,3856.5,tarde,bomba,2,167.0,1,1.0
87.28,3.593,39.65,1241.0,87.92,2563.8,noite,prensa,1,46.3,0,240.0
69.4,2.061,25.51,1398.0,50.53,280.3,noite,esteira,3,63.2,0,867.9
70.88,2.408,29.93,1416.0,52.08,2821.7,noite,esteira,0,77.1,0,597.4
89.6,2.841,36.1,2300.0,89.67,2111.8,manha,bomba,1,89.4,0,305.9
80.64,2.515,38.5,2586.0,75.84,2048.4,tarde,CNC,0,54.7,0,747.9
80.35,2.316,31.41,2396.0,63.8,1752.3,noite,bomba,6,25.9,0,540.5
81.54,2.063,23.16,2534.0,43.66,2048.3,tarde,CNC,6,77.7,0,749.6
80.04,3.289,34.03,2264.0,82.61,1544.9,tarde,bomba,2,137.0,0,240.0
74.21,2.138,27.26,2776.0,59.71,3647.4,tarde,CNC,0,12.3,0,857.2
78.08,3.402,37.71,2419.0,76.66,1184.6,tarde,bomba,0,32.7,0,691.9
75.66,3.107,28.75,2469.0,61.2,5829.0,manha,CNC,6,65.6,0,441.7
86.18,4.005,40.09,2054.0,92.98,3470.5,manha,compressor,2,79.7,1,1.0
85.17,2.848,34.75,2438.0,71.89,4208.0,noite,CNC,2,38.3,0,365.0
70.5,1.344,22.88,2403.0,39.1,1244.5,noite,bomba,0,88.9,0,443.5
81.79,2.731,24.41,1565.0,48.7,1674.6,noite,esteira,1,107.0,0,609.4
74.28,2.573,31.83,2744.0,59.99,2503.4,manha,CNC,4,65.6,0,507.7
77.14,2.41,26.63,1563.0,49.0,2359.2,manha,esteira,1,86.8,0,502.1
86.82,2.77,34.49,1367.0,81.04,3475.5,manha,esteira,3,46.4,0,330.8
78.97,1.85,32.66,2013.0,69.54,2365.0,noite,compressor,3,19.8,0,755.7
65.6,1.634,14.23,2536.0,15.77,6005.9,tarde,bomba,2,25.2,0,738.7
89.42,3.271,35.16,1978.0,81.48,1262.5,noite,compressor,2,153.3,0,240.0
83.07,3.471,38.87,2603.0,90.24,1090.6,manha,CNC,2,107.7,0,260.1
81.72,2.623,27.22,2507.0,63.13,1622.9,tarde,bomba,4,23.9,0,775.7
64.83,2.986,25.57,2852.0,33.93,2050.9,noite,CNC,3,22.0,0,629.6
75.17,2.902,31.09,1487.0,69.59,4419.3,manha,esteira,1,78.9,0,240.0
72.0,2.804,21.62,1079.0,31.36,2929.1,noite,prensa,3,231.7,0,268.7
72.89,1.967,29.39,1778.0,56.59,335.0,tarde,esteira,3,56.0,0,526.1
79.77,2.846,33.47,2681.0,76.71,367.0,manha,bomba,4,28.9,0,755.2
84.25,3.86,40.61,2370.0,96.63,2170.2,manha,bomba,2,92.3,0,466.7
70.87,1.953,23.3,1202.0,34.1,1796.2,noite,prensa,1,117.8,0,572.7
78.14,3.032,37.23,2743.0,82.11,2209.6,tarde,CNC,1,78.9,0,520.4
86.7,3.03,34.57,2683.0,80.26,2051.8,noite,CNC,0,71.7,0,335.2
83.5,2.263,34.63,2385.0,77.16,5513.4,noite,bomba,1,23.5,0,728.6
72.87,3.074,25.68,2137.0,42.58,4043.0,tarde,compressor,4,93.4,0,328.9
66.93,2.303,19.91,1979.0,22.17,1678.7,noite,compressor,2,79.9,0,638.6
76.77,2.762,34.62,2786.0,73.26,2338.2,noite,CNC,3,41.3,0,665.2
65.99,2.129,26.07,2513.0,44.73,1948.1,manha,bomba,2,18.1,0,696.3
69.25,2.645,28.0,2721.0,55.47,505.7,noite,CNC,1,38.7,0,736.6
79.53,3.991,37.68,2624.0,86.76,1729.5,manha,CNC,4,53.1,0,527.2
85.26,3.346,37.16,2547.0,78.26,1744.9,manha,CNC,5,83.3,0,441.6
74.32,1.869,22.9,1830.0,30.77,1504.5,tarde,compressor,5,93.1,0,666.5
58.58,2.946,24.81,1294.0,25.52,1696.7,noite,esteira,0,49.5,0,844.6
78.87,2.138,28.19,1868.0,57.38,1972.1,manha,compressor,4,46.6,0,643.4
79.83,3.556,36.2,2516.0,87.52,3069.8,tarde,bomba,1,103.6,0,246.9
81.93,2.623,35.43,1427.0,78.52,1584.1,tarde,esteira,1,67.2,0,286.3
77.6,2.851,22.38,1893.0,55.31,4795.9,manha,compressor,2,79.2,0,444.1
72.92,2.562,28.84,1514.0,66.58,1252.6,noite,esteira,3,41.6,0,578.9
78.68,3.085,28.63,2230.0,57.83,4336.7,noite,bomba,3,102.3,0,471.2
80.61,3.075,31.14,2363.0,62.74,2787.5,manha,bomba,1,34.1,0,700.1
71.99,2.741,31.21,2678.0,67.04,1025.1,manha,CNC,0,166.4,0,280.1
80.05,2.67,25.61,2617.0,62.21,1940.5,noite,CNC,1,21.4,0,590.5
79.04,3.491,32.64,1162.0,75.24,5632.1,manha,prensa,4,55.7,0,274.3
86.97,3.832,33.44,1530.0,91.11,1268.8,manha,esteira,1,19.9,0,393.4
84.15,3.423,30.61,1007.0,66.65,5722.4,noite,prensa,3,75.7,0,492.6
75.16,2.608,29.96,1227.0,62.9,3120.6,noite,prensa,4,110.5,0,430.1
68.15,2.926,25.39,2816.0,38.2,2815.6,tarde,CNC,1,79.5,0,637.1
76.72,2.209,29.66,1472.0,64.73,3015.2,tarde,esteira,3,40.0,0,578.0
87.6,2.818,35.85,2089.0,84.34,1909.7,noite,compressor,4,19.9,0,240.0
78.25,3.051,31.17,1422.0,72.52,1306.5,tarde,esteira,3,39.7,0,694.7
81.5,3.007,33.52,2535.0,72.97,2402.5,tarde,CNC,2,80.9,0,677.4
76.74,2.781,29.44,2211.0,68.84,2876.3,noite,compressor,1,25.3,0,419.1
79.28,3.439,34.04,1544.0,81.46,3204.6,tarde,esteira,2,14.3,0,398.7
72.99,2.08,26.89,1605.0,58.98,3131.5,tarde,esteira,1,45.8,0,518.1
70.32,2.312,30.04,2445.0,66.21,3604.4,tarde,bomba,1,20.4,0,724.2
83.85,3.55,33.48,2016.0,72.2,6965.6,tarde,compressor,1,65.2,0,240.0
75.27,1.723,27.89,2233.0,57.96,2733.5,tarde,compressor,3,49.6,0,723.4
89.7,3.371,35.54,982.0,84.4,4654.5,manha,prensa,1,44.6,0,240.0
90.72,3.781,34.04,1896.0,78.76,3273.2,tarde,compressor,1,179.2,0,240.0
88.46,3.437,40.35,1959.0,86.33,7384.5,noite,compressor,3,71.5,0,240.0
85.16,2.823,35.72,2418.0,82.94,2502.8,tarde,bomba,3,5.3,0,513.9
87.12,3.679,35.18,1980.0,76.86,2339.9,manha,compressor,3,164.2,0,240.0
79.93,2.915,31.32,2410.0,74.82,4489.3,manha,bomba,3,55.4,0,366.4
80.68,3.846,31.64,2234.0,90.03,4492.5,manha,compressor,1,41.6,0,323.2
72.98,2.497,27.89,1361.0,58.74,2009.0,noite,esteira,2,62.2,0,539.0
71.41,2.332,23.74,1437.0,46.44,3204.5,tarde,prensa,5,22.1,0,565.7
73.09,2.809,27.88,1204.0,48.24,3625.6,manha,prensa,1,48.3,0,644.9
76.77,3.008,30.85,2387.0,62.39,3509.0,noite,bomba,2,100.4,0,448.5
70.42,3.355,21.66,2082.0,18.89,3018.0,manha,compressor,4,43.4,0,647.2
71.04,2.186,24.22,1577.0,36.67,680.9,manha,esteira,5,36.3,0,856.0
66.54,1.773,23.2,1672.0,40.53,3538.4,noite,esteira,2,30.9,0,834.0
74.08,2.173,30.43,2223.0,70.53,3633.0,tarde,bomba,2,90.8,0,587.1
78.27,2.842,34.95,2276.0,80.27,3089.2,noite,bomba,5,66.1,0,360.9
88.37,2.426,39.02,1531.0,83.77,1873.8,noite,esteira,1,164.4,0,369.5
86.34,3.713,33.45,2218.0,73.0,5316.0,noite,bomba,1,148.9,1,1.0
76.35,2.672,36.09,1279.0,87.84,1289.7,manha,esteira,1,45.5,0,411.5
64.56,2.082,27.61,2691.0,33.68,4538.9,noite,CNC,4,77.9,0,511.2
67.13,2.344,25.44,2313.0,41.44,1278.5,tarde,bomba,4,40.4,0,1068.5
73.13,1.772,20.37,2509.0,24.81,4224.7,manha,bomba,6,36.1,0,801.0
81.33,2.988,34.22,2593.0,76.04,1318.3,noite,CNC,2,34.4,0,452.2
74.49,2.352,34.09,1664.0,66.38,4085.0,tarde,esteira,3,31.7,0,550.7
82.86,3.444,35.73,2367.0,78.32,5985.9,noite,bomba,3,100.9,0,444.6
74.03,3.692,33.76,2527.0,76.92,5998.9,tarde,CNC,4,35.8,0,385.7
70.02,2.655,23.04,1346.0,48.66,5264.2,tarde,esteira,1,41.2,0,701.6
85.83,3.537,32.02,1474.0,84.4,2493.7,manha,esteira,2,65.4,0,285.4
74.52,2.673,31.98,1523.0,68.74,1678.7,noite,esteira,1,61.6,0,610.0
77.82,1.987,31.29,2007.0,68.25,301.7,tarde,compressor,3,57.7,0,546.3
75.77,2.223,28.99,1324.0,58.31,2258.3,manha,esteira,4,111.9,0,343.6
72.05,1.995,31.4,2047.0,57.4,4345.5,manha,compressor,2,35.1,0,532.1
84.64,3.569,33.36,2582.0,86.98,3506.5,noite,bomba,2,31.6,0,585.1
72.41,2.645,28.15,2666.0,58.34,7762.3,manha,CNC,2,3.1,0,641.1
74.2,3.195,32.67,2309.0,62.51,1786.0,tarde,bomba,2,79.1,0,451.9
62.92,2.394,17.83,1498.0,18.94,6217.1,tarde,esteira,1,77.5,0,505.5
79.48,3.006,35.71,2453.0,76.24,2367.8,manha,bomba,4,105.5,0,630.7
75.75,3.239,31.25,2295.0,63.5,1275.1,tarde,bomba,1,45.2,1,95.1
64.86,2.184,22.38,1489.0,29.47,2958.5,manha,esteira,1,50.4,0,824.9
81.5,3.255,34.18,2338.0,78.21,3455.0,noite,bomba,2,98.2,0,421.0
83.29,3.419,35.29,2560.0,80.53,4990.7,noite,CNC,5,39.4,0,459.3
65.67,2.791,25.6,1083.0,34.55,1781.3,manha,prensa,1,54.8,0,591.2
76.56,3.589,32.46,1550.0,93.13,2957.9,tarde,esteira,3,110.7,0,240.0
80.28,2.709,35.14,946.0,71.09,2520.2,tarde,prensa,2,75.9,0,586.4
78.16,2.461,33.91,1146.0,75.37,2004.7,noite,prensa,1,44.1,0,663.6
85.59,3.332,36.28,1085.0,76.45,5860.3,tarde,prensa,2,96.8,0,382.8
71.95,2.1,30.46,1439.0,60.95,3483.8,tarde,esteira,2,51.4,0,626.2
72.54,3.039,37.2,2572.0,75.11,463.8,noite,bomba,2,98.2,0,496.3
81.64,2.858,33.17,2589.0,81.11,2986.6,manha,CNC,2,66.0,1,1.0
85.31,2.69,38.51,2549.0,83.98,804.4,tarde,bomba,1,38.3,0,414.2
79.7,3.158,32.11,1545.0,79.62,2813.1,manha,esteira,2,23.7,0,489.9
71.39,3.428,31.94,2452.0,65.88,909.8,tarde,bomba,3,87.8,0,518.6
75.84,2.437,34.36,1454.0,72.83,3493.2,manha,esteira,2,93.3,0,452.1
74.44,2.621,29.35,2709.0,57.48,795.3,noite,CNC,3,120.0,0,447.3
76.07,2.651,25.83,1993.0,57.83,1324.3,tarde,compressor,1,80.8,0,763.9
83.72,3.523,37.94,2317.0,95.73,3954.2,manha,bomba,2,47.9,0,513.5
71.4,3.063,29.49,1997.0,62.19,2494.0,noite,compressor,2,64.4,0,346.6
78.24,2.546,34.36,2512.0,72.11,971.6,noite,CNC,1,57.0,0,503.1
84.23,3.098,29.97,2623.0,67.01,5652.9,tarde,CNC,1,46.8,0,257.2
61.25,1.415,20.7,1644.0,26.23,1930.4,noite,esteira,3,21.5,0,948.9
68.68,2.13,27.89,2380.0,58.81,2136.7,manha,bomba,1,24.1,0,538.6
90.55,2.943,35.91,2510.0,88.41,2257.7,tarde,CNC,1,89.7,0,447.6
81.35,2.869,29.1,2907.0,54.19,3660.3,manha,CNC,1,30.5,0,686.8
79.12,3.359,34.58,2036.0,74.83,2024.9,manha,compressor,1,45.1,0,481.1
86.97,3.457,39.22,2734.0,97.3,2312.9,noite,CNC,0,14.8,0,578.3
76.53,2.794,28.45,1514.0,66.81,4717.2,noite,esteira,2,15.9,0,415.4
75.1,2.699,26.18,1658.0,52.41,4387.5,manha,esteira,3,31.0,0,473.3
79.32,3.587,34.27,2613.0,85.64,2226.5,manha,CNC,2,87.7,0,512.4
77.91,3.148,30.64,2373.0,66.82,2274.2,noite,bomba,0,90.9,0,316.3
64.12,1.823,22.69,2654.0,36.43,323.6,manha,CNC,2,62.0,0,955.4
81.94,2.266,31.87,2052.0,73.94,2783.3,manha,compressor,2,34.0,0,544.5
78.76,2.308,28.02,1197.0,37.21,4039.9,manha,prensa,1,127.5,0,677.1
79.77,3.677,33.54,2310.0,73.96,1958.0,manha,bomba,2,44.5,0,409.8
78.17,3.22,29.54,1239.0,67.46,5181.0,manha,prensa,2,134.8,0,240.0
89.15,4.046,37.86,2976.0,91.25,728.3,noite,CNC,3,70.7,0,406.9
84.67,3.821,36.31,1926.0,91.24,1386.6,manha,compressor,2,101.1,0,434.4
85.63,3.426,37.59,2071.0,75.62,4950.8,tarde,compressor,1,101.4,0,240.0
71.93,2.072,28.55,2409.0,60.82,3948.6,noite,bomba,0,11.5,0,685.4
73.06,2.347,31.4,1115.0,71.56,694.0,tarde,prensa,1,23.5,0,612.4
70.51,2.303,28.0,2761.0,54.9,801.9,noite,CNC,0,42.3,0,360.9
66.83,2.533,30.16,1463.0,75.4,3524.8,tarde,esteira,0,30.9,0,562.1
68.19,2.579,28.78,1416.0,53.61,3110.1,tarde,esteira,1,73.5,0,674.4
89.45,2.674,34.41,2563.0,78.52,2114.6,tarde,bomba,1,77.4,0,530.1
72.22,3.025,34.6,2007.0,78.62,5080.7,noite,compressor,1,39.6,0,437.1
77.43,3.517,36.35,2546.0,90.52,1621.8,tarde,bomba,5,36.5,0,504.0
78.13,3.292,25.36,2132.0,34.84,485.8,noite,compressor,3,96.5,0,437.5
65.45,2.067,29.12,1535.0,44.78,3659.3,manha,esteira,2,37.0,0,608.9
72.38,2.849,28.32,2443.0,48.38,4134.5,tarde,bomba,2,107.6,0,413.4
72.53,2.383,22.99,1331.0,44.06,1684.0,noite,prensa,1,63.1,0,760.6
72.21,2.724,33.19,2380.0,73.88,1131.9,manha,bomba,5,63.2,0,458.2
79.87,2.345,33.62,2375.0,66.13,506.5,noite,bomba,2,26.3,0,729.0
81.78,2.89,30.93,1604.0,87.38,2465.0,manha,esteira,2,84.2,0,508.7
80.84,3.325,34.06,2760.0,90.25,3019.4,manha,bomba,2,23.1,0,685.3
85.92,3.544,34.48,983.0,73.04,4307.7,noite,prensa,2,84.1,0,240.0
71.06,2.568,31.82,2490.0,60.9,3128.7,manha,CNC,0,77.2,0,670.4
74.28,2.302,28.15,1102.0,49.46,1770.8,tarde,prensa,1,78.3,0,540.0
75.88,2.639,34.65,1458.0,80.14,2783.6,manha,esteira,2,77.0,0,641.6
75.8,3.362,36.04,1343.0,77.91,4432.1,noite,esteira,1,96.3,0,263.8
91.83,2.879,35.18,2452.0,87.04,2996.0,tarde,bomba,2,72.0,0,424.0
77.92,2.1,30.97,1336.0,75.31,4070.3,tarde,esteira,1,11.9,0,627.5
85.48,3.237,33.22,2012.0,74.84,1170.6,noite,compressor,3,67.2,0,468.7
73.0,2.366,31.2,1461.0,66.85,3578.2,tarde,esteira,0,29.1,0,710.9
73.78,2.642,32.37,2779.0,69.18,3131.9,noite,CNC,3,18.1,0,792.9
67.95,3.31,34.16,2079.0,73.33,2012.1,noite,compressor,2,25.7,0,646.7
75.91,2.751,33.39,1900.0,59.42,4478.9,tarde,compressor,0,34.4,0,392.7
78.49,3.318,34.42,2053.0,77.88,6916.4,noite,compressor,3,79.7,0,392.8
79.2,2.853,29.77,1975.0,69.27,878.9,tarde,compressor,1,44.9,0,1053.2
74.62,2.525,32.25,1350.0,80.51,675.9,manha,esteira,3,95.2,0,346.7
84.07,3.394,35.79,2793.0,84.96,2074.9,manha,CNC,3,32.3,0,461.1
82.52,2.382,33.36,1464.0,62.92,2358.2,tarde,esteira,4,46.0,0,605.6
89.23,2.203,34.06,2721.0,70.69,2466.6,manha,CNC,3,33.4,0,619.2
75.27,2.279,29.17,1486.0,66.84,1647.4,tarde,esteira,2,8.7,0,514.6
80.91,2.467,34.21,1551.0,87.32,779.5,manha,esteira,3,55.5,0,711.0
78.38,3.9,29.76,2180.0,60.25,2142.8,tarde,compressor,2,213.6,0,257.3
71.36,2.247,30.95,1563.0,66.98,2369.5,manha,esteira,4,18.7,0,726.3
77.55,3.399,32.31,1164.0,72.82,2029.1,noite,prensa,2,84.5,0,285.9
85.38,2.555,31.99,1326.0,77.93,2403.5,manha,esteira,0,96.7,0,333.3
79.46,2.935,31.77,2192.0,74.02,2822.8,manha,compressor,0,57.4,0,363.9
85.22,2.702,31.94,2482.0,68.83,2192.7,tarde,bomba,2,20.5,0,505.4
65.67,2.281,24.03,1503.0,33.94,1634.9,tarde,esteira,3,176.1,0,743.0
84.75,3.056,33.79,2037.0,84.59,2412.0,tarde,compressor,6,76.3,0,353.7
78.23,3.599,35.67,1608.0,85.63,2952.1,tarde,esteira,1,134.6,0,525.9
67.24,1.952,24.98,2045.0,19.84,2542.2,manha,compressor,1,13.9,0,744.5
82.93,2.783,36.28,1541.0,88.61,7176.8,noite,esteira,2,35.6,0,511.8
72.25,2.138,28.19,2892.0,50.0,3076.2,tarde,CNC,3,19.0,0,426.1
72.44,2.187,24.66,2634.0,48.83,2474.0,manha,CNC,2,103.1,0,240.0
79.7,2.434,33.08,1209.0,66.45,1483.3,noite,prensa,3,13.9,0,423.0
73.64,1.898,26.67,1458.0,52.32,1506.6,tarde,esteira,1,49.2,0,736.5
86.39,3.052,37.41,1153.0,82.46,2032.0,tarde,prensa,4,45.6,0,397.9
72.59,1.927,34.12,1260.0,62.76,2071.2,tarde,prensa,4,10.6,0,644.8
68.04,1.917,20.05,2285.0,19.92,2022.6,tarde,compressor,0,80.8,0,648.1
78.31,3.477,30.84,2119.0,68.83,3154.3,tarde,compressor,2,71.4,0,384.3
79.23,3.234,29.81,2672.0,53.75,4396.7,manha,CNC,1,34.1,0,501.9
82.69,2.703,30.75,2369.0,75.07,3666.7,manha,bomba,2,134.5,0,263.0
73.54,2.8,27.74,2452.0,49.26,3424.5,noite,CNC,1,12.5,0,795.2
83.46,4.149,36.59,1236.0,92.12,1376.5,tarde,prensa,0,7.4,0,657.5
69.56,2.439,26.23,2498.0,44.63,4768.0,tarde,CNC,6,59.3,0,593.2
79.33,2.92,29.5,2863.0,76.58,1462.3,manha,CNC,1,25.7,0,677.7
86.69,3.532,35.53,2514.0,79.65,2909.6,noite,CNC,2,50.7,0,454.0
78.81,2.985,38.41,2435.0,76.48,3305.0,manha,CNC,1,112.5,0,240.0
85.91,3.358,33.25,2417.0,77.71,4846.8,manha,CNC,3,18.0,0,401.0
78.45,2.785,25.75,2245.0,53.79,6452.7,manha,bomba,4,103.9,0,634.2
64.55,2.816,28.29,1714.0,45.82,1979.4,noite,compressor,2,19.2,0,783.0
67.14,2.868,24.63,2433.0,45.45,2768.5,tarde,bomba,0,39.0,0,545.2
92.37,3.951,34.11,1215.0,75.37,4599.4,manha,prensa,1,118.1,0,240.0
75.32,2.652,27.18,2215.0,54.34,6763.8,manha,bomba,3,81.9,0,626.9
62.83,2.124,20.23,2529.0,30.79,2113.1,tarde,bomba,2,27.3,0,670.0
73.92,2.543,31.03,2059.0,61.53,1423.2,tarde,compressor,0,66.7,0,363.8
80.8,2.391,33.57,2635.0,82.99,970.3,tarde,CNC,1,36.8,0,427.2
86.37,2.973,32.13,2201.0,82.3,701.8,manha,compressor,4,40.6,0,411.6
80.79,3.448,35.02,1377.0,79.68,1582.8,noite,prensa,1,45.9,0,513.7
69.43,2.368,32.16,2240.0,45.19,4094.6,noite,bomba,1,74.3,0,703.4
71.52,3.696,34.59,2432.0,73.56,4230.6,tarde,CNC,7,56.6,0,395.5
83.03,3.517,37.12,2010.0,91.92,3075.9,manha,compressor,3,46.8,0,417.2
61.14,1.193,27.56,1723.0,24.84,2055.5,tarde,esteira,4,47.9,0,816.9
81.83,2.81,30.36,2289.0,78.08,3159.8,manha,bomba,1,62.0,0,541.2
85.68,2.885,37.89,2515.0,90.88,2566.0,manha,bomba,0,54.8,0,371.4
83.91,3.316,35.8,1121.0,68.07,2116.2,manha,prensa,3,35.7,0,565.7
80.09,3.569,34.22,2347.0,89.75,2993.7,noite,bomba,3,63.2,0,473.4
74.79,2.45,29.54,2322.0,56.07,2000.6,tarde,bomba,1,70.8,0,557.4
85.2,3.654,34.9,2670.0,87.8,2985.1,noite,CNC,0,64.4,1,1.0
74.15,2.538,30.04,2637.0,64.26,3262.6,tarde,CNC,2,95.0,0,573.9
89.72,2.9,38.19,1100.0,91.74,3727.2,tarde,prensa,1,33.5,0,487.1
83.95,1.965,29.1,2361.0,71.68,802.9,manha,bomba,4,32.3,0,554.2
82.36,2.572,30.2,1881.0,68.31,4804.5,tarde,compressor,4,124.1,0,423.1
76.06,2.158,32.64,2444.0,73.05,2368.4,manha,bomba,3,28.2,0,758.7
79.88,2.849,24.23,2487.0,48.81,6493.0,tarde,CNC,2,43.6,0,445.0
74.73,2.546,28.86,1546.0,60.48,4110.1,manha,esteira,2,8.5,0,620.4
77.43,2.559,32.63,2710.0,87.11,1450.7,tarde,CNC,0,19.3,0,435.6
68.04,1.129,22.43,1601.0,41.76,3456.7,tarde,esteira,4,39.2,0,738.1
79.84,2.826,36.03,2473.0,79.95,4608.6,manha,bomba,4,37.7,0,376.8
72.99,2.787,31.02,2701.0,64.96,2180.6,manha,CNC,1,44.8,0,644.5
78.93,3.637,32.78,2456.0,75.12,1379.9,noite,CNC,2,143.1,0,553.2
79.05,2.905,35.75,1421.0,93.06,1230.7,manha,esteira,2,11.4,0,478.8
80.69,2.152,32.84,2550.0,69.96,949.7,manha,CNC,1,52.3,0,685.8
78.71,3.112,32.93,2651.0,78.37,530.9,manha,CNC,2,48.1,0,664.4
74.04,2.761,26.25,1614.0,51.86,2396.5,manha,esteira,1,157.8,0,461.8
80.76,3.137,31.77,1974.0,56.58,1273.6,tarde,compressor,4,89.4,0,283.0
71.41,1.967,25.82,2054.0,46.09,1685.4,manha,compressor,3,37.1,0,751.8
70.26,3.115,29.33,2734.0,45.69,6579.4,tarde,CNC,2,122.2,0,354.1
88.51,3.579,36.86,1319.0,97.41,3271.4,tarde,esteira,3,34.8,0,373.3
81.1,2.592,35.55,2260.0,77.33,1421.9,manha,compressor,2,94.3,0,240.0
84.24,2.877,28.38,2633.0,48.49,8281.3,noite,CNC,2,134.3,0,413.6
88.88,2.726,36.8,1959.0,83.4,2971.4,noite,compressor,4,56.8,0,494.4
80.95,2.259,34.43,2633.0,77.69,201.1,manha,CNC,1,23.0,0,578.4
81.74,3.039,34.09,2282.0,70.57,7874.7,manha,compressor,2,10.5,0,416.9
84.41,2.343,35.54,2554.0,71.14,5709.6,manha,CNC,3,58.2,0,676.0
78.77,3.33,29.11,2717.0,63.99,3032.1,manha,CNC,3,91.8,0,361.0
69.13,3.802,29.67,2247.0,44.87,2384.7,tarde,compressor,2,241.1,0,261.4
72.46,2.458,26.53,1469.0,49.23,4063.0,tarde,esteira,3,113.9,0,603.1
81.47,2.552,29.03,2637.0,71.88,2881.4,tarde,CNC,3,53.9,0,301.7
73.74,2.587,33.65,2954.0,71.77,1898.1,manha,CNC,3,22.0,0,451.4
91.67,3.631,36.29,1098.0,78.28,1825.1,manha,prensa,1,47.8,0,279.4
87.47,4.162,37.32,1149.0,87.18,4434.3,noite,prensa,2,141.9,0,240.0
88.25,2.856,35.0,2374.0,85.27,1419.8,noite,bomba,7,176.0,0,441.7
89.56,2.268,35.15,2427.0,91.01,4399.1,manha,CNC,1,34.5,0,306.7
88.22,2.989,35.91,1914.0,89.7,2607.4,tarde,compressor,1,44.6,0,419.1
71.47,2.423,26.27,2549.0,42.04,827.3,tarde,CNC,0,127.4,0,540.2
77.18,2.074,27.38,2646.0,50.3,4599.4,tarde,CNC,2,122.6,0,488.5
76.56,2.591,28.86,2031.0,63.56,1444.6,tarde,compressor,2,35.7,0,492.9
83.11,2.476,34.95,2359.0,85.4,1574.9,noite,bomba,3,84.3,0,503.4
71.77,2.66,28.03,2188.0,58.59,2243.3,manha,compressor,5,37.4,0,732.5
71.12,2.52,25.18,2459.0,45.33,2466.9,manha,bomba,0,106.9,0,480.2
75.0,3.753,33.24,1801.0,67.86,3043.8,noite,compressor,1,53.5,0,406.0
73.54,2.485,24.66,2096.0,45.58,4464.9,manha,compressor,2,41.6,0,711.9
80.7,2.963,35.69,1550.0,85.1,4380.7,manha,esteira,1,89.3,0,240.0
76.3,2.981,29.04,1508.0,62.67,1789.8,noite,esteira,0,56.3,0,513.4
73.42,3.295,31.63,2127.0,64.88,1827.1,noite,compressor,1,87.8,0,538.5
80.35,3.219,34.46,2484.0,90.0,4195.0,tarde,bomba,3,24.2,0,643.6
66.04,1.968,24.99,2702.0,40.79,1279.6,noite,CNC,2,28.4,0,872.2
77.19,3.431,29.62,2636.0,66.58,2606.5,tarde,CNC,0,50.3,0,569.0
75.66,2.245,32.22,1544.0,70.03,5473.9,manha,esteira,2,30.8,0,684.6
80.88,1.928,27.44,2350.0,64.61,1961.1,tarde,CNC,4,39.2,0,548.0
85.42,3.261,36.31,2251.0,88.1,938.5,noite,compressor,2,51.2,0,586.5
69.47,1.924,23.02,2587.0,41.63,1444.9,noite,bomba,0,33.7,0,675.0
77.64,3.741,31.96,2768.0,75.71,1506.4,manha,CNC,4,138.8,0,240.0
79.06,2.874,33.5,2677.0,79.71,1366.1,manha,CNC,3,29.3,0,731.4
79.71,3.781,37.24,2135.0,86.11,2178.5,noite,compressor,2,49.2,0,605.3
83.02,2.035,28.95,1213.0,69.25,7787.6,manha,prensa,4,50.0,0,385.2
77.6,2.329,25.32,2439.0,56.17,3403.4,manha,bomba,1,58.0,0,713.4
71.61,3.445,32.62,2257.0,61.99,2308.8,noite,compressor,1,41.5,0,284.6
82.51,2.68,33.64,2387.0,79.76,2430.5,tarde,CNC,1,94.3,0,240.0
73.28,2.351,24.66,2447.0,52.73,1637.1,manha,bomba,1,98.2,0,418.4
86.9,3.381,34.57,2537.0,83.99,2425.0,manha,CNC,3,34.5,0,448.4
62.26,1.921,19.66,2208.0,19.25,5338.6,manha,bomba,2,103.2,0,699.9
72.91,2.833,30.16,1504.0,69.18,2659.2,noite,esteira,2,33.3,0,486.9
79.83,2.651,31.58,1903.0,63.81,4365.2,tarde,compressor,1,49.3,0,386.8
76.14,2.869,26.98,1902.0,61.04,4039.1,manha,compressor,5,53.4,0,660.6
75.47,3.111,30.2,2404.0,61.27,7586.3,manha,CNC,6,21.2,0,352.9
64.93,1.475,21.65,2586.0,27.67,3997.5,manha,CNC,2,32.0,0,846.9
77.13,2.314,27.91,2134.0,49.74,7292.5,manha,compressor,1,16.1,0,470.2
90.35,3.86,38.53,1313.0,88.86,4551.8,manha,prensa,0,57.8,0,448.4
67.86,1.675,26.09,2912.0,34.19,3044.6,tarde,CNC,3,22.4,0,831.2
86.82,3.702,41.3,2295.0,97.5,1547.1,manha,bomba,3,131.8,0,240.0
82.91,3.327,30.02,2499.0,77.92,4350.6,manha,bomba,0,37.7,0,424.9
76.56,2.803,29.35,2634.0,54.06,4562.0,tarde,CNC,3,86.1,0,381.7
84.3,3.458,36.36,2621.0,81.83,4631.5,tarde,CNC,3,82.6,0,354.5
81.2,3.258,29.99,2158.0,63.84,294.4,manha,compressor,2,31.8,0,342.2
69.02,3.346,28.57,2521.0,56.1,1929.5,manha,bomba,2,38.5,0,653.5
81.91,3.228,37.37,2135.0,80.6,3378.0,manha,compressor,2,38.2,0,484.0
69.66,2.129,28.9,1470.0,60.54,2021.7,manha,esteira,2,63.3,0,840.8
70.94,3.096,28.34,1513.0,43.29,1818.4,tarde,esteira,3,219.8,0,240.0
71.45,2.162,31.62,1441.0,71.68,1632.7,manha,esteira,3,61.3,0,357.9
77.66,3.39,33.44,1322.0,71.56,846.4,noite,prensa,2,36.4,0,296.8
80.15,2.521,34.78,1516.0,75.56,3273.6,tarde,esteira,3,64.8,0,428.0
66.67,2.281,30.45,1295.0,77.0,1739.0,manha,esteira,2,22.5,0,474.7
79.91,2.359,36.62,1505.0,89.08,1963.4,manha,esteira,2,29.4,0,509.7
82.31,2.818,33.94,1589.0,84.44,2308.8,manha,esteira,4,133.1,0,240.0
76.41,3.156,34.77,1496.0,73.54,3585.3,manha,esteira,4,44.4,0,371.1
62.77,2.321,23.6,1273.0,35.16,2996.5,tarde,prensa,1,28.5,0,934.3
87.49,3.148,35.17,2019.0,84.67,2914.8,manha,compressor,3,19.6,0,556.7
72.25,2.952,23.07,2374.0,36.88,463.8,noite,bomba,3,50.8,0,719.1
86.19,3.048,34.85,2515.0,82.41,4413.6,tarde,bomba,2,20.7,0,389.0
71.3,2.644,27.98,1400.0,48.46,6270.6,noite,esteira,1,108.1,0,290.0
86.02,3.003,35.57,1889.0,82.99,2867.8,noite,compressor,4,82.4,0,467.3
75.73,2.27,38.16,1242.0,80.09,1249.0,tarde,esteira,4,35.1,0,524.5
72.32,2.392,28.78,1366.0,61.43,1848.6,noite,esteira,3,151.6,0,466.4
73.2,2.408,29.38,1100.0,65.58,1287.5,noite,prensa,2,38.2,0,695.8
83.91,3.009,34.74,2424.0,82.56,5856.8,manha,CNC,2,44.4,0,450.8
76.34,2.054,30.63,1401.0,61.84,1956.6,manha,esteira,1,29.9,0,562.0
71.75,2.237,20.99,1380.0,32.31,2946.4,manha,esteira,1,77.9,0,572.1
83.85,3.135,39.12,1104.0,88.86,2251.6,manha,prensa,0,22.5,0,725.5
77.17,3.737,32.0,1409.0,71.31,3489.7,tarde,prensa,4,36.4,0,319.2
70.12,2.36,30.33,2212.0,47.56,1480.7,manha,bomba,0,32.5,0,658.1
79.85,2.283,33.1,2470.0,62.09,2878.2,tarde,bomba,1,61.0,0,499.2
86.42,3.014,35.42,2725.0,77.71,1968.6,noite,CNC,1,17.8,0,530.3
88.9,3.389,35.57,1290.0,83.56,4748.0,manha,prensa,3,47.3,0,427.1
83.02,3.476,30.09,2626.0,68.99,503.8,tarde,CNC,2,107.9,0,349.6
71.5,2.077,23.15,1707.0,36.52,2105.8,manha,esteira,2,20.3,0,856.0
73.2,2.506,25.36,1483.0,50.88,4491.6,noite,esteira,2,80.8,0,372.6
88.94,4.535,34.71,1996.0,89.45,4196.2,tarde,compressor,5,91.6,0,240.0
76.02,2.466,28.25,2817.0,49.35,892.8,manha,CNC,2,45.7,0,432.2
82.22,3.114,34.6,2629.0,77.92,3935.8,tarde,CNC,1,8.1,0,394.0
79.85,3.186,28.88,1314.0,70.79,1390.8,manha,esteira,0,78.7,0,263.8
74.93,3.177,29.6,2442.0,63.82,1670.6,noite,bomba,0,105.7,0,440.4
85.24,3.288,29.25,2719.0,62.58,4351.9,tarde,CNC,6,144.2,0,384.9
79.59,2.916,38.22,1540.0,86.66,2078.7,tarde,esteira,5,54.7,0,393.3
81.24,1.575,28.12,2631.0,70.3,848.9,tarde,CNC,2,12.4,0,665.3
75.11,1.676,34.46,1543.0,65.31,1164.9,noite,esteira,2,77.8,0,437.3
83.23,3.27,37.89,2163.0,89.64,2625.1,noite,compressor,1,14.3,0,624.6
71.75,2.629,27.55,2505.0,74.04,2036.2,tarde,CNC,0,70.4,0,772.5
84.46,3.414,35.19,2344.0,89.42,2012.8,noite,CNC,1,86.5,0,258.7
80.9,3.955,37.35,2332.0,90.55,3454.4,tarde,bomba,0,110.0,0,240.0
75.47,2.545,30.31,2212.0,67.21,3098.1,noite,compressor,0,36.9,0,524.0
70.75,1.246,25.38,1381.0,43.88,2127.5,noite,esteira,2,25.1,0,822.4
66.33,1.902,30.22,1902.0,40.59,4236.7,manha,compressor,1,55.3,0,616.8
84.01,2.353,31.84,2121.0,70.2,3471.6,manha,compressor,0,17.8,0,443.9
91.77,2.475,33.09,2613.0,82.07,2990.3,manha,CNC,1,39.8,0,360.2
73.64,2.497,32.29,2573.0,63.11,1839.0,manha,CNC,3,32.0,0,644.8
79.92,3.504,24.62,1342.0,46.48,4619.8,tarde,prensa,4,97.1,0,359.8
74.48,3.311,33.48,2526.0,70.65,1997.9,manha,CNC,3,126.1,0,392.9
79.02,3.1,31.66,1272.0,61.25,2112.5,tarde,prensa,2,74.2,0,611.9
88.71,3.813,40.17,2132.0,87.47,5931.4,manha,compressor,1,89.5,0,240.0
87.69,1.938,31.54,2630.0,61.32,1441.1,manha,CNC,1,55.6,0,813.9
73.82,3.521,29.4,2763.0,60.29,1428.2,tarde,CNC,2,52.6,0,542.0
68.85,1.744,23.65,2754.0,32.0,2163.2,tarde,CNC,2,14.7,0,811.8
75.45,2.834,36.0,1547.0,70.45,1241.3,tarde,esteira,1,65.7,0,442.5
69.84,1.353,26.0,2333.0,42.51,1263.4,noite,bomba,5,85.7,0,703.2
73.06,2.616,25.83,2237.0,41.96,5834.6,noite,compressor,1,43.2,0,791.4
76.92,2.569,32.01,2527.0,70.86,2141.9,tarde,bomba,1,44.6,0,565.4
78.05,2.697,35.57,2509.0,82.39,3048.5,manha,bomba,2,8.7,0,502.5
78.78,2.028,31.08,1262.0,67.73,954.3,manha,prensa,1,45.4,0,866.8
76.54,3.143,29.8,1139.0,68.34,1360.3,noite,prensa,4,97.7,0,507.5
82.08,3.886,33.54,2101.0,82.82,6290.0,tarde,bomba,4,63.5,0,240.0
88.46,3.793,33.68,1580.0,85.42,1249.4,noite,esteira,1,49.1,0,561.2
68.59,2.738,25.65,1482.0,44.48,3104.7,tarde,esteira,5,21.6,0,770.4
71.14,2.428,23.66,2459.0,37.53,272.4,manha,bomba,2,36.1,0,729.3
75.62,3.142,31.87,1862.0,72.82,903.5,tarde,esteira,1,31.3,0,556.1
80.04,3.423,31.29,2820.0,67.16,2120.8,noite,CNC,1,23.8,0,732.0
75.81,2.233,31.46,1554.0,66.61,4163.1,noite,esteira,1,63.3,0,527.6
75.2,3.423,34.87,1216.0,92.1,2538.0,manha,prensa,0,37.2,0,789.4
80.9,2.465,36.95,2726.0,76.24,2238.1,tarde,CNC,0,91.6,0,638.4
62.14,2.094,25.54,1634.0,32.02,3633.6,manha,esteira,2,49.5,0,966.0
85.1,3.591,36.37,1113.0,82.84,2853.5,noite,prensa,0,155.5,0,240.0
85.52,2.922,37.8,2623.0,88.52,734.8,manha,CNC,1,36.7,0,578.9
84.18,2.678,28.07,2399.0,60.73,2439.2,noite,bomba,1,106.4,0,550.8
70.35,1.67,27.08,1108.0,52.45,1863.7,manha,prensa,3,120.6,0,499.6
80.43,2.123,33.23,1150.0,78.53,2187.6,tarde,prensa,1,34.4,0,597.1
74.86,2.871,26.61,2505.0,58.08,1830.0,tarde,CNC,3,46.7,0,607.2
71.62,2.022,25.12,2313.0,40.43,2458.8,manha,compressor,3,39.3,0,734.9
80.37,3.352,38.16,2218.0,77.15,3166.9,noite,bomba,2,33.1,0,418.1
83.66,2.973,34.32,2458.0,78.36,1038.9,noite,CNC,3,76.4,0,498.2
79.13,2.387,35.54,1762.0,70.29,1596.1,noite,compressor,4,82.1,0,240.0
80.38,2.316,37.33,2725.0,80.44,3565.9,manha,CNC,1,30.9,0,539.0
78.4,2.398,28.71,2513.0,62.78,3826.2,noite,CNC,4,30.5,0,473.7
81.37,2.897,35.71,2461.0,86.53,5369.4,tarde,bomba,4,50.5,0,594.5
74.73,2.601,30.54,2396.0,67.5,2568.8,tarde,bomba,2,49.4,0,565.7
72.2,2.305,30.53,2595.0,55.34,1537.5,tarde,bomba,1,14.6,0,550.9
66.56,2.198,26.29,1404.0,42.02,1614.2,tarde,esteira,1,77.5,0,713.8
67.4,2.345,29.48,2109.0,42.66,2519.8,manha,compressor,2,12.9,0,1028.3
79.64,3.532,37.01,2790.0,91.07,1357.1,tarde,CNC,4,28.3,0,462.5
75.95,3.147,31.29,2786.0,58.7,5162.2,manha,CNC,1,57.0,0,296.6
82.35,2.263,29.69,2782.0,63.73,1822.4,manha,CNC,3,76.8,0,432.5
79.62,1.97,28.13,2151.0,63.43,4756.2,manha,compressor,1,27.0,0,682.9
72.03,2.186,31.95,2661.0,64.17,1240.6,manha,CNC,1,45.8,0,598.4
81.69,2.571,30.6,2727.0,60.65,2193.0,noite,CNC,0,37.2,0,472.9
70.77,1.993,29.71,2505.0,54.91,1993.8,tarde,CNC,1,4.1,0,595.1
76.1,2.32,29.38,2375.0,44.38,935.1,manha,bomba,2,38.4,0,512.3
76.9,2.011,32.47,2593.0,69.21,2090.0,noite,bomba,4,23.0,0,449.7
87.07,4.175,38.44,1325.0,89.5,2847.3,noite,prensa,4,49.7,0,393.2
63.5,1.996,25.19,1382.0,32.17,474.0,noite,esteira,4,20.3,0,790.4
67.45,1.92,24.03,2445.0,35.68,3337.8,noite,bomba,0,36.4,0,560.0
87.9,2.784,33.72,2508.0,81.33,2991.1,noite,CNC,4,45.7,0,383.3
80.82,2.931,38.57,2353.0,81.78,2424.2,tarde,bomba,3,52.5,0,734.7
86.22,3.647,35.69,2818.0,81.64,3727.9,noite,CNC,1,42.5,0,425.0
84.34,3.285,34.75,1794.0,77.26,3875.2,noite,compressor,0,103.6,0,560.6
81.15,3.067,29.85,1858.0,66.67,9304.4,manha,compressor,3,59.5,0,240.0
70.47,2.177,23.0,2090.0,24.65,901.4,noite,compressor,3,73.0,0,793.8
85.11,2.899,37.03,2663.0,88.87,5592.9,noite,CNC,2,46.5,0,501.6
78.9,3.489,33.27,2357.0,84.71,4282.6,noite,bomba,1,1.4,0,670.2
71.8,2.668,32.02,1675.0,65.63,2989.9,noite,esteira,3,18.8,0,926.0
81.95,3.114,34.25,1495.0,83.53,1256.7,tarde,esteira,9,16.6,0,577.3
74.61,3.722,31.61,2431.0,89.86,1904.6,tarde,bomba,1,42.0,0,469.8
88.51,3.218,36.61,2357.0,94.63,1738.0,tarde,bomba,4,117.8,0,240.0
78.29,3.299,37.33,2582.0,85.6,2275.5,noite,CNC,8,57.6,0,302.6
80.93,2.926,31.72,1578.0,77.82,3644.5,noite,esteira,0,88.5,0,395.6
83.44,3.48,36.9,2286.0,69.09,5003.0,noite,bomba,1,25.1,1,24.5
79.83,3.136,35.33,2768.0,80.43,6495.0,noite,CNC,1,52.5,0,524.2
84.18,2.44,37.64,2172.0,72.45,1913.9,noite,compressor,2,104.3,0,275.8
77.75,2.34,24.74,1346.0,44.64,2716.8,manha,prensa,1,89.4,0,688.3
80.11,3.399,33.27,2698.0,87.07,1418.3,noite,bomba,0,32.5,0,785.3
71.93,2.89,26.92,2119.0,47.64,4394.8,manha,compressor,6,46.5,0,787.5
80.39,2.855,29.44,2392.0,69.31,3102.0,tarde,bomba,2,93.2,0,331.4
73.43,1.919,22.97,2155.0,30.58,2148.7,manha,compressor,3,30.5,0,836.9
83.55,2.643,32.18,2041.0,52.78,861.3,tarde,compressor,2,44.4,0,454.9
73.2,2.834,29.46,2088.0,60.11,2739.3,tarde,compressor,1,9.6,0,559.7
74.54,2.586,22.28,1954.0,37.85,2910.7,manha,compressor,2,83.9,0,826.2
79.45,2.82,35.11,2569.0,81.57,678.9,tarde,bomba,1,80.6,0,419.1
67.88,2.214,30.65,2540.0,52.66,1050.6,noite,CNC,2,11.0,0,545.4
68.85,1.805,22.75,1418.0,46.99,2699.7,manha,esteira,3,44.4,0,645.2
78.81,3.661,27.61,1998.0,60.01,6177.1,tarde,compressor,2,98.0,0,640.4
74.94,2.402,29.62,2261.0,58.75,4657.4,manha,bomba,2,21.2,0,633.0
69.51,1.606,21.48,2317.0,33.08,2186.1,manha,bomba,3,61.7,0,761.9
78.04,3.574,31.79,2372.0,70.53,1988.6,manha,bomba,1,36.7,0,645.2
89.87,3.011,39.8,2473.0,90.83,1565.4,tarde,bomba,1,97.0,0,309.2
90.66,2.691,35.31,1052.0,85.3,1462.2,noite,prensa,4,9.1,0,575.1
77.94,2.046,33.79,2355.0,74.15,2078.8,tarde,bomba,2,9.9,0,729.5
72.28,2.215,29.89,1529.0,57.35,7217.7,noite,esteira,0,30.2,0,417.0
70.64,2.485,26.36,1592.0,53.51,1979.4,tarde,esteira,0,51.3,0,688.1
83.4,2.563,34.0,2959.0,87.95,2460.8,noite,CNC,3,51.9,0,405.0
77.8,2.939,35.24,2285.0,74.25,1102.2,noite,compressor,4,12.3,0,739.6
81.21,3.339,37.0,2258.0,90.9,3412.2,tarde,compressor,3,67.0,0,285.1
74.27,2.531,32.99,2436.0,73.07,2435.4,manha,CNC,2,76.3,0,530.6
86.58,2.443,35.59,2116.0,83.83,1907.6,manha,compressor,3,52.1,0,579.0
73.58,2.372,24.12,2145.0,32.9,1286.3,tarde,compressor,2,98.4,0,685.5
76.28,1.734,30.11,2242.0,59.49,1508.6,tarde,bomba,1,70.3,0,786.2
71.02,2.107,25.35,2634.0,49.99,1828.7,manha,CNC,1,36.2,0,567.5
78.81,3.2,34.39,1580.0,78.75,1901.9,noite,esteira,3,118.0,0,563.2
81.97,2.694,34.45,2139.0,88.6,1277.8,noite,compressor,1,130.2,0,240.0
69.38,2.534,32.7,1685.0,54.28,2300.8,manha,esteira,2,62.4,0,593.8
72.25,1.605,30.98,2672.0,60.08,2777.3,manha,CNC,6,25.6,0,876.6
69.57,3.581,27.92,1981.0,47.92,3764.3,manha,compressor,1,96.1,0,380.0
83.53,3.065,32.78,2703.0,82.18,5984.9,tarde,CNC,3,17.9,0,483.1
79.7,2.599,38.27,2433.0,88.94,666.1,noite,bomba,1,27.0,0,479.9
76.47,2.909,27.71,2116.0,52.65,3023.6,tarde,compressor,2,88.2,0,289.6
59.59,1.419,22.85,1017.0,23.26,2038.4,manha,prensa,0,24.3,0,1213.8
76.89,1.56,26.3,2065.0,47.72,525.2,tarde,compressor,1,111.5,0,872.7
84.24,3.483,32.4,2464.0,88.73,1638.2,manha,bomba,3,25.4,0,564.4
67.99,1.954,28.97,2664.0,42.56,730.9,tarde,CNC,3,40.8,0,663.3
79.09,2.434,30.03,2387.0,54.8,3541.9,tarde,bomba,0,38.0,0,681.1
83.14,3.248,33.52,2032.0,78.11,3280.1,tarde,compressor,4,75.9,0,575.8
83.61,2.878,38.28,1944.0,78.19,2624.7,tarde,compressor,2,75.0,0,385.8
70.75,2.137,30.9,2763.0,66.03,1532.9,noite,CNC,4,37.2,0,604.9
65.62,2.571,25.57,2583.0,30.05,5108.1,manha,CNC,2,69.4,0,664.9
80.61,3.362,32.37,2309.0,86.29,1174.2,noite,CNC,0,56.9,0,240.6
81.67,2.822,31.0,1150.0,66.26,1924.3,manha,prensa,1,79.4,0,605.5
84.53,3.477,32.5,1973.0,71.98,2142.6,manha,compressor,2,72.4,0,380.1
66.99,2.067,22.97,2613.0,38.26,2328.3,noite,CNC,1,25.1,0,826.2
87.81,4.338,33.72,1064.0,83.16,7980.2,tarde,prensa,3,111.9,0,240.0
77.44,3.127,29.04,2632.0,54.15,5707.1,manha,CNC,2,10.9,0,425.0
80.32,3.576,33.29,2097.0,75.57,3219.7,tarde,compressor,3,40.6,0,497.3
69.8,2.732,29.92,1401.0,64.95,2445.9,noite,esteira,2,69.6,0,331.8
89.16,3.025,36.13,1213.0,90.83,2429.6,noite,prensa,5,48.6,0,521.2
71.57,2.32,28.25,1598.0,45.04,3691.9,tarde,esteira,3,45.2,0,721.6
88.51,3.352,35.2,2006.0,93.06,4563.0,manha,compressor,2,40.0,0,518.7
80.58,2.931,31.16,1337.0,63.62,1155.4,tarde,prensa,2,36.4,0,717.8
79.79,3.547,27.34,2770.0,51.25,6016.6,manha,CNC,1,104.0,0,380.3
71.18,2.104,22.78,1115.0,31.26,3128.0,manha,prensa,1,45.8,0,603.7
73.48,2.146,28.57,1555.0,76.61,1733.5,tarde,esteira,6,45.8,0,718.0
80.68,3.758,37.49,1484.0,94.64,2247.5,noite,prensa,2,29.6,0,453.1
88.08,3.474,36.59,2644.0,95.06,3225.8,manha,CNC,1,73.7,0,240.0
83.78,3.836,36.62,2529.0,87.63,3316.8,noite,CNC,1,17.0,0,240.0
80.3,3.059,38.18,2424.0,69.62,1291.7,tarde,bomba,4,144.9,0,513.4
74.85,1.957,25.07,2390.0,35.99,2372.8,noite,bomba,0,25.3,0,997.2
70.57,1.988,24.28,2241.0,30.37,2771.9,manha,bomba,3,45.3,0,713.5
79.14,3.165,30.31,1189.0,67.82,4602.5,tarde,prensa,2,64.1,0,437.4
78.24,2.24,33.41,2211.0,74.94,4883.7,manha,bomba,4,91.5,0,634.1
86.14,2.786,35.61,1870.0,84.77,1064.4,manha,compressor,4,38.9,0,757.8
83.4,3.517,32.48,2196.0,77.23,2519.9,manha,compressor,3,33.6,0,240.0
76.61,2.378,29.74,2346.0,67.73,1676.0,manha,CNC,5,54.1,0,516.0
74.47,3.268,37.99,2816.0,94.3,3182.7,manha,CNC,2,30.5,0,606.8
78.13,3.083,32.17,2683.0,76.74,7754.1,manha,CNC,2,42.3,0,539.1
73.33,2.073,22.55,1657.0,36.22,4299.4,noite,esteira,3,120.1,0,430.1
78.66,3.039,39.57,1717.0,94.59,3346.9,noite,esteira,1,25.1,0,711.1
80.99,2.243,36.23,2557.0,74.89,3892.3,manha,bomba,4,7.3,0,298.5
72.47,1.758,22.38,2003.0,32.46,5478.8,noite,compressor,3,28.4,0,644.6
76.03,2.931,35.75,2321.0,78.14,4083.1,manha,bomba,4,16.8,0,486.8
77.69,3.098,26.7,1532.0,61.7,1192.9,tarde,esteira,3,71.8,0,709.0
68.69,2.643,21.01,1339.0,27.41,6271.3,noite,prensa,0,33.6,0,662.0
71.92,2.821,24.18,2621.0,45.59,2669.3,tarde,bomba,3,97.8,0,661.9
80.56,3.701,36.86,1365.0,98.6,3109.5,manha,esteira,5,41.6,0,240.0
87.49,3.13,35.58,2498.0,84.99,4880.4,manha,bomba,2,17.1,0,441.3
74.94,3.246,27.29,2023.0,58.46,7543.2,tarde,compressor,3,90.2,0,240.0
70.33,1.957,30.34,1542.0,69.15,1919.7,tarde,esteira,2,26.0,0,692.1
69.09,2.498,21.52,2169.0,29.28,4730.3,tarde,compressor,1,7.2,0,1009.8
67.3,2.487,25.61,1743.0,37.88,1846.8,tarde,compressor,2,62.2,0,953.5
76.26,1.756,23.86,2097.0,28.75,2961.6,manha,compressor,0,29.4,0,744.5
65.55,1.963,28.02,2247.0,40.46,938.2,tarde,bomba,1,65.5,0,697.0
85.92,2.612,31.99,2478.0,84.87,1853.4,manha,bomba,2,81.9,0,339.3
84.31,2.989,34.02,2429.0,67.47,2875.1,noite,bomba,2,57.5,0,529.7
80.18,3.486,32.57,2293.0,59.66,3451.7,noite,compressor,3,30.5,0,656.3
77.21,2.534,31.27,2809.0,71.35,3339.6,tarde,CNC,4,92.2,0,258.7
78.31,3.073,31.19,1431.0,70.84,4391.9,noite,esteira,3,24.1,0,504.5
75.46,2.845,25.12,2110.0,32.9,2024.9,manha,compressor,5,65.5,0,624.6
62.89,1.688,25.22,1437.0,30.07,2392.3,manha,prensa,2,74.2,0,604.2
80.13,1.638,26.17,2710.0,60.88,2462.5,tarde,CNC,1,50.5,0,693.2
83.6,3.09,33.47,2474.0,80.19,2117.6,tarde,bomba,3,80.7,0,585.1
86.98,2.766,34.21,2608.0,74.42,1441.9,noite,bomba,4,57.8,0,594.4
81.48,2.769,33.83,1689.0,78.59,2680.1,noite,esteira,4,63.2,0,398.2
76.09,3.192,28.94,2651.0,55.17,3992.6,manha,CNC,3,80.9,0,317.7
82.49,2.766,29.36,1373.0,70.68,3072.7,manha,prensa,3,55.8,0,383.5
76.75,4.157,33.12,2501.0,80.33,1959.3,tarde,bomba,2,86.9,0,301.9
82.94,2.811,36.13,2578.0,92.29,2711.0,manha,bomba,4,108.6,0,240.0
80.05,2.455,31.68,2416.0,76.5,1886.1,manha,bomba,2,67.0,0,549.8
84.79,3.186,39.39,2767.0,92.71,3501.6,noite,CNC,2,82.1,0,260.8
78.45,2.939,32.76,2332.0,77.04,4067.1,noite,bomba,2,50.7,0,355.0
79.38,3.164,23.12,2667.0,35.1,4122.1,noite,CNC,1,109.8,0,306.5
83.72,2.196,34.07,2205.0,58.24,2245.4,manha,compressor,1,60.8,0,488.9
76.03,2.983,38.32,2473.0,96.19,1910.9,manha,bomba,2,77.6,0,240.0
83.69,2.849,36.59,2439.0,89.09,4391.9,tarde,bomba,1,17.5,0,548.3
77.16,3.072,33.72,2628.0,79.16,2142.8,noite,CNC,2,73.5,0,487.2
82.67,2.806,30.78,2748.0,69.12,2685.5,manha,CNC,3,53.5,0,507.2
77.97,2.548,29.06,2712.0,63.54,3054.2,manha,CNC,2,71.8,0,392.3
86.43,2.401,31.3,2654.0,75.57,2557.1,manha,CNC,3,76.4,0,394.1
80.64,3.318,34.48,2450.0,84.41,3786.5,noite,bomba,5,81.2,0,458.5
80.27,3.928,32.56,2432.0,86.16,1013.8,noite,CNC,7,74.1,0,349.8
80.04,3.416,35.21,1293.0,74.93,3319.6,tarde,prensa,1,43.3,0,783.2
71.08,2.384,25.49,2402.0,46.4,1571.4,manha,CNC,2,134.5,0,533.5
72.72,2.597,28.31,2508.0,44.92,2003.6,noite,CNC,5,97.9,0,521.3
81.99,2.832,30.77,1564.0,72.5,2837.1,tarde,esteira,5,46.4,0,549.3
84.54,3.469,36.0,2089.0,82.2,843.0,manha,compressor,2,44.8,0,454.9
75.03,3.241,27.64,1893.0,61.5,2318.3,manha,compressor,4,2.6,0,713.3
83.97,3.284,34.74,997.0,86.52,2089.0,tarde,prensa,4,22.0,0,262.6
79.21,2.772,36.01,1193.0,92.49,2393.6,manha,prensa,2,28.7,0,340.6
66.83,1.711,30.49,1289.0,64.05,2020.4,noite,esteira,2,45.6,0,664.7
79.51,2.936,25.67,2442.0,51.01,2695.8,tarde,CNC,2,107.4,0,409.0
68.6,1.541,30.36,2346.0,50.36,1844.5,manha,bomba,0,42.2,0,498.8
82.25,2.974,30.8,1366.0,62.29,2500.2,tarde,prensa,2,21.7,0,649.0
84.61,3.193,36.34,1054.0,88.57,2833.3,tarde,prensa,3,71.0,0,345.4
80.36,2.421,29.61,2345.0,71.52,4480.4,manha,CNC,1,74.3,0,359.0
90.19,3.798,37.75,2222.0,90.09,5025.7,tarde,compressor,2,42.5,0,240.0
89.43,2.97,38.75,2168.0,87.52,1072.9,manha,compressor,0,99.4,0,319.3
81.69,3.571,32.82,2646.0,81.51,4672.8,manha,CNC,1,103.5,0,522.6
74.63,2.387,29.12,2427.0,62.7,1436.1,tarde,bomba,1,11.7,0,451.8
84.58,2.455,35.79,2891.0,88.69,2512.2,tarde,CNC,1,74.6,0,240.0
72.49,2.792,25.96,2156.0,43.73,884.0,manha,compressor,4,6.6,0,725.5
84.5,3.661,34.95,2663.0,91.27,601.3,manha,CNC,0,46.0,0,382.0
82.68,4.207,34.86,2269.0,78.81,7501.5,tarde,bomba,3,174.1,0,240.0
79.74,3.287,34.85,2694.0,71.59,2551.6,manha,CNC,2,72.4,0,405.1
80.37,3.083,36.89,1973.0,91.71,2233.1,noite,compressor,0,31.5,0,586.4
82.84,3.708,33.03,2765.0,82.0,3023.8,tarde,CNC,1,77.1,0,287.9
79.03,3.13,29.7,1409.0,68.17,2264.4,noite,prensa,2,29.6,0,521.4
76.96,2.086,38.12,2791.0,75.85,4039.7,tarde,CNC,1,61.1,0,435.9
69.3,1.748,25.13,2399.0,43.32,2927.5,noite,bomba,2,25.4,0,702.9
67.75,1.841,26.04,2695.0,38.55,3680.0,manha,CNC,3,38.3,0,633.3
81.65,3.896,32.14,2449.0,85.29,1581.6,manha,CNC,1,98.4,0,377.9
79.67,2.36,28.21,2453.0,58.34,971.5,manha,CNC,5,132.3,0,240.0
76.83,2.323,31.17,2735.0,55.58,4295.6,manha,CNC,0,60.9,0,610.5
88.74,2.834,34.29,2722.0,86.52,3098.0,noite,CNC,3,82.6,0,240.0
90.17,2.734,34.16,2177.0,85.49,1194.5,tarde,bomba,4,34.5,0,446.9
85.07,3.286,35.75,2247.0,82.89,1207.8,tarde,bomba,3,22.9,0,549.1
65.5,1.698,24.8,2519.0,44.21,2729.6,tarde,CNC,3,56.8,0,498.1
83.5,3.695,37.6,2098.0,88.56,3520.3,tarde,compressor,2,54.4,0,436.0
91.58,3.218,35.16,2276.0,88.41,1429.5,tarde,bomba,0,179.5,0,240.0
81.22,4.077,34.19,2460.0,80.27,5625.9,noite,CNC,1,45.0,0,392.5
76.18,2.887,31.99,2033.0,62.4,3778.4,tarde,compressor,1,43.6,0,677.1
89.59,3.669,37.26,2546.0,96.49,4464.1,noite,CNC,3,72.2,0,240.0
74.72,2.266,27.98,2775.0,63.08,2689.5,manha,CNC,2,33.8,0,727.4
81.78,2.672,28.07,2049.0,52.87,2560.2,noite,compressor,1,28.2,0,745.0
74.61,1.9,27.24,1431.0,56.23,1124.5,manha,prensa,2,65.4,0,578.8
93.52,3.17,35.87,978.0,88.51,1590.5,tarde,prensa,2,15.5,0,391.0
83.73,3.22,36.45,1261.0,88.58,2376.9,noite,prensa,3,69.6,0,255.6
76.35,2.55,31.93,2359.0,68.21,3144.0,manha,compressor,1,36.9,0,595.0
70.98,3.479,29.99,2615.0,52.84,2830.5,manha,CNC,2,80.1,0,631.3
77.39,3.67,30.87,2030.0,70.44,679.8,manha,compressor,1,111.4,0,300.3
85.52,3.693,35.77,2560.0,86.08,1378.8,tarde,CNC,6,28.3,0,459.1
72.08,3.099,33.74,2452.0,66.04,2935.9,noite,CNC,1,42.9,0,481.5
82.19,3.725,37.12,2732.0,89.92,3189.1,noite,CNC,2,94.5,0,598.1
84.07,3.766,35.98,1970.0,76.91,1999.4,tarde,compressor,1,60.9,0,265.7
81.55,4.191,37.38,2115.0,93.66,3598.3,noite,compressor,4,133.9,0,240.0
73.28,3.16,33.61,2682.0,70.56,3568.4,tarde,CNC,2,62.4,0,491.3
83.31,4.033,34.17,1524.0,82.2,7225.1,noite,esteira,1,108.0,0,240.0
88.75,3.801,35.57,1952.0,96.37,2570.2,manha,compressor,2,20.1,0,767.0
73.5,2.528,32.38,1580.0,67.85,1954.1,tarde,esteira,2,27.5,0,907.9
73.82,2.812,26.92,2623.0,42.72,1435.1,manha,CNC,1,123.5,0,531.0
77.31,2.848,35.03,2444.0,84.17,1029.2,manha,bomba,1,27.1,0,725.3
84.37,3.212,28.78,2274.0,61.84,3484.9,tarde,CNC,2,124.3,0,368.4
78.55,2.738,33.13,2476.0,60.41,3271.0,manha,bomba,4,30.4,0,667.1
62.58,1.218,24.38,2964.0,28.96,1118.3,tarde,CNC,2,16.8,0,917.0
78.17,2.481,31.16,2476.0,71.54,3497.9,tarde,CNC,1,44.6,0,476.0
73.89,3.256,37.93,2530.0,85.53,2773.5,manha,bomba,2,20.2,0,269.2
74.7,2.372,28.62,2605.0,41.11,2130.9,tarde,CNC,2,75.7,0,703.3
69.99,2.338,30.26,2548.0,64.9,639.2,tarde,CNC,2,6.7,0,695.2
83.04,3.776,32.52,1069.0,78.2,3252.6,noite,prensa,3,154.1,0,359.7
70.04,1.512,26.22,2811.0,39.24,6052.1,manha,CNC,2,54.3,0,696.9
74.81,2.877,32.74,2421.0,76.0,1553.6,noite,bomba,2,78.3,0,425.1
70.53,2.498,32.95,2358.0,50.43,2776.4,noite,bomba,3,84.7,0,391.4
86.42,3.421,34.47,2413.0,89.32,3399.2,tarde,CNC,3,58.4,0,240.0
71.84,2.875,30.85,2158.0,49.2,438.4,tarde,compressor,1,68.9,0,735.0
80.57,2.432,30.99,2800.0,68.02,1397.0,tarde,CNC,2,40.4,0,627.7
83.15,3.482,33.78,1538.0,80.82,921.6,noite,esteira,2,84.6,0,308.2
68.65,1.887,25.18,2499.0,47.08,6032.0,manha,CNC,1,6.7,0,764.3
84.22,3.836,36.71,2664.0,89.5,419.7,noite,CNC,1,137.4,0,305.2
73.62,2.387,27.12,2323.0,54.25,2125.2,noite,compressor,1,39.3,0,661.5
84.31,4.037,35.73,1174.0,87.29,2958.1,tarde,prensa,2,91.3,0,412.5
81.75,2.701,28.19,1631.0,64.31,1545.5,noite,esteira,1,101.3,0,489.4
79.19,2.157,28.46,1227.0,70.58,491.3,tarde,prensa,2,37.7,0,587.6
69.81,2.667,29.99,2374.0,64.31,2178.6,noite,bomba,2,50.6,0,317.4
77.21,3.027,36.02,2424.0,76.84,1529.3,noite,bomba,2,49.0,0,771.9
70.66,2.434,28.09,2356.0,50.6,3146.5,manha,bomba,3,45.2,0,601.2
71.57,2.358,24.51,1181.0,36.03,3811.1,manha,prensa,1,31.0,0,626.9
75.24,1.855,30.13,2420.0,36.79,1124.0,manha,bomba,1,51.9,0,615.1
90.04,3.235,33.11,2187.0,93.1,1631.6,noite,compressor,2,43.8,0,240.0
86.84,2.816,38.57,2367.0,96.73,1684.2,tarde,bomba,0,114.1,0,240.0
78.34,3.369,32.19,2367.0,79.22,3779.9,noite,bomba,2,61.5,0,240.0
78.21,2.542,28.07,2681.0,50.44,2598.7,tarde,CNC,1,33.2,0,579.1
82.96,4.222,33.29,2257.0,80.85,1154.7,manha,compressor,1,118.4,0,240.0
75.8,3.302,30.11,1896.0,66.19,4460.6,noite,compressor,5,104.7,0,588.0
76.08,2.469,31.36,1617.0,66.08,1542.5,tarde,esteira,2,44.8,0,684.8
71.25,2.722,29.1,2194.0,57.72,1811.5,manha,compressor,1,59.0,0,548.1
82.23,3.246,32.12,1474.0,77.96,1339.6,manha,esteira,1,114.9,0,240.0
80.67,2.956,30.94,2220.0,75.49,2715.4,manha,compressor,0,88.9,0,297.0
74.26,2.392,33.48,1667.0,71.89,1998.4,manha,esteira,2,14.1,0,848.9
64.39,2.593,28.52,2750.0,58.22,5198.5,manha,CNC,3,25.8,0,511.9
85.83,3.352,31.85,1069.0,78.1,2619.3,tarde,prensa,2,35.6,0,418.4
69.74,3.383,26.24,2348.0,60.59,1393.6,manha,bomba,4,38.6,0,695.5
75.86,2.939,32.8,2557.0,71.29,2454.0,manha,CNC,6,49.8,0,582.1
82.59,2.516,33.06,2705.0,76.66,5610.6,manha,CNC,3,67.2,0,355.8
78.16,2.206,33.11,2772.0,73.27,1065.8,tarde,CNC,2,49.8,0,761.6
94.74,4.056,40.61,1993.0,81.61,3250.8,noite,compressor,4,102.6,0,240.0
59.57,1.0,25.69,1507.0,37.57,646.3,tarde,esteira,2,39.2,0,726.0
69.42,2.677,23.64,1480.0,31.14,4995.5,manha,prensa,3,102.6,0,275.9
82.25,2.475,29.65,2423.0,73.95,1840.9,tarde,bomba,3,61.6,0,553.2
67.7,3.368,28.17,2458.0,38.52,1368.2,noite,bomba,3,59.2,0,507.7
87.14,3.168,36.41,1991.0,86.64,5420.3,noite,compressor,0,83.3,0,240.0
86.44,2.3,36.14,1673.0,65.94,2357.6,noite,esteira,3,75.3,0,476.2
82.91,3.392,34.51,1553.0,89.96,2412.1,noite,esteira,1,49.6,0,444.9
92.08,3.289,35.43,2098.0,93.89,1858.2,tarde,compressor,1,30.6,0,322.3
79.24,2.536,31.86,1231.0,54.13,1908.8,noite,prensa,0,115.7,0,539.9
79.15,2.174,30.67,2040.0,59.37,595.1,manha,compressor,2,56.8,0,547.2
79.18,2.587,36.23,1372.0,79.31,3223.1,noite,esteira,3,57.2,0,550.5
69.97,2.662,24.36,1160.0,45.72,926.1,noite,prensa,5,199.1,0,393.5
88.67,3.344,33.76,1663.0,89.16,4119.8,noite,esteira,0,103.2,0,240.0
80.99,3.599,30.89,2618.0,73.4,1203.6,tarde,CNC,2,46.8,0,750.8
81.04,3.745,27.05,2529.0,72.23,2545.7,noite,bomba,2,53.8,0,387.1
76.83,3.5,31.15,2617.0,70.71,1668.1,manha,CNC,2,28.3,0,444.7
68.45,2.004,24.24,1294.0,54.19,1857.9,tarde,esteira,3,21.4,0,629.1
82.57,3.034,31.09,2020.0,62.21,2085.5,manha,compressor,2,46.8,0,253.9
79.99,2.881,32.04,2176.0,70.64,2938.5,tarde,bomba,2,72.1,0,240.0
75.95,2.883,32.58,1309.0,80.39,5333.4,tarde,prensa,4,29.8,0,436.0
76.4,1.87,31.41,2399.0,62.21,1829.6,manha,CNC,1,89.1,0,622.9
69.28,1.379,26.04,2116.0,40.23,514.3,manha,compressor,6,24.7,0,664.1
64.44,2.64,31.33,2291.0,56.99,4697.1,manha,bomba,4,47.2,0,723.2
77.44,2.486,35.54,1973.0,67.64,3506.8,tarde,compressor,2,84.1,0,370.8
83.76,2.3,27.03,2713.0,43.37,1172.1,tarde,CNC,2,160.7,0,240.0
66.14,2.901,29.07,2598.0,54.02,1033.0,noite,CNC,1,125.8,0,597.0
82.29,2.613,37.29,2024.0,86.96,3016.4,manha,compressor,6,109.2,0,361.4
72.76,3.797,38.29,2364.0,82.69,2716.8,noite,bomba,4,58.2,0,575.4
76.18,3.311,30.69,2296.0,77.52,6076.5,tarde,bomba,2,92.2,0,387.5
70.58,2.53,30.54,2547.0,69.56,3241.6,manha,CNC,0,44.5,0,646.8
81.1,3.154,33.59,1840.0,88.3,1600.9,manha,compressor,3,80.6,0,246.4
85.15,2.915,31.16,2152.0,68.69,1373.4,tarde,compressor,2,19.8,0,504.9
78.34,2.097,28.4,2681.0,55.99,2496.2,manha,CNC,2,67.2,0,653.0
77.89,3.189,32.75,1686.0,83.17,619.0,manha,esteira,6,19.7,0,528.3
84.92,3.269,31.85,2120.0,62.09,800.6,manha,compressor,2,104.9,0,622.5
70.41,2.005,28.37,2342.0,49.52,1077.1,manha,bomba,0,89.3,0,727.1
79.21,3.22,33.79,1177.0,76.99,1574.8,manha,prensa,2,133.3,0,240.0
80.93,3.538,36.75,2481.0,88.85,2334.9,manha,bomba,2,22.1,0,404.5
72.26,3.39,32.48,2455.0,56.57,3365.6,noite,bomba,3,197.9,0,240.0
72.18,2.856,32.82,2572.0,71.26,4854.7,tarde,CNC,3,53.5,0,388.2
86.81,3.066,32.47,2740.0,82.57,4337.4,tarde,CNC,1,104.0,0,240.0
85.2,3.132,34.72,2625.0,88.5,3959.8,tarde,CNC,0,27.4,0,635.2
71.41,2.367,29.77,1429.0,70.31,1812.9,tarde,esteira,2,70.8,0,616.2
80.83,2.803,36.99,1441.0,80.9,1398.4,manha,esteira,2,49.4,0,546.1
79.67,2.678,29.81,2587.0,63.53,2980.5,manha,CNC,4,89.3,0,575.4
70.69,1.866,26.43,2664.0,54.36,3091.5,manha,CNC,2,11.9,0,851.6
78.95,3.565,32.8,2239.0,82.76,1155.1,tarde,compressor,3,25.6,0,509.5
85.79,3.433,33.66,2613.0,81.68,2079.4,tarde,bomba,0,111.0,0,240.0
85.72,2.622,36.1,2379.0,93.69,1324.7,tarde,bomba,0,25.1,0,741.8
87.3,2.575,33.03,2226.0,80.14,778.2,tarde,bomba,3,50.0,0,397.7
84.13,3.467,36.14,1143.0,78.74,2850.1,noite,prensa,2,45.2,0,248.0
74.93,2.808,32.53,2018.0,74.2,3915.7,manha,compressor,4,65.9,0,477.2
73.01,2.798,31.97,2420.0,71.66,5764.6,tarde,bomba,4,29.5,0,485.4
78.93,2.868,33.81,2135.0,71.28,2177.4,tarde,bomba,3,117.2,0,392.5
87.4,2.93,37.54,2209.0,84.75,670.7,tarde,compressor,2,66.8,0,240.0
87.39,3.279,33.52,1034.0,79.72,6338.0,noite,prensa,3,125.1,0,240.0
83.39,3.587,37.96,2617.0,85.29,6654.8,noite,CNC,1,88.7,0,240.0
63.51,1.998,24.08,1444.0,36.83,10041.6,manha,esteira,2,64.2,0,386.3
78.12,2.066,26.75,1414.0,51.85,7801.6,tarde,esteira,3,4.9,0,297.6
85.35,3.43,33.54,1379.0,65.77,2751.5,noite,prensa,6,80.1,0,451.8
71.92,2.421,31.81,2330.0,66.61,2400.1,tarde,bomba,2,79.5,0,841.2
81.02,3.306,29.96,1903.0,55.06,3683.9,noite,compressor,1,123.7,0,240.0
77.01,2.856,31.25,1601.0,71.32,891.3,manha,esteira,1,60.7,0,453.1
73.49,1.916,28.58,1668.0,55.95,1519.0,tarde,esteira,1,2.3,0,941.7
79.79,2.643,27.5,2377.0,55.1,2196.3,tarde,bomba,1,57.0,0,818.5
73.63,1.711,23.59,1516.0,34.14,4429.0,tarde,esteira,0,83.1,0,477.6
84.29,3.51,33.41,2740.0,78.92,4541.4,noite,CNC,1,56.8,0,472.1
80.35,3.219,35.32,2374.0,82.96,2272.2,manha,bomba,3,39.8,0,240.0
81.02,3.679,38.72,1465.0,87.94,958.2,tarde,esteira,1,93.0,0,240.0
84.07,3.847,35.91,2172.0,87.22,3876.9,tarde,compressor,5,10.1,0,290.3
86.07,2.625,31.94,2384.0,60.46,910.8,noite,bomba,3,56.2,0,491.1
78.56,3.987,32.3,1146.0,68.71,1694.3,tarde,prensa,1,41.9,0,240.0
77.8,2.767,33.06,1526.0,65.41,2739.6,noite,esteira,1,24.9,0,723.1
67.71,2.574,24.77,1106.0,20.23,835.3,noite,prensa,3,65.3,0,695.0
79.59,3.16,32.9,2033.0,77.07,1456.2,manha,compressor,2,134.0,0,530.0
79.77,2.644,27.53,1353.0,63.24,4216.9,noite,prensa,1,28.5,0,485.8
71.13,2.632,24.66,2459.0,47.92,3685.8,noite,CNC,1,80.1,0,589.3
76.67,2.427,35.92,2394.0,79.51,1050.2,manha,bomba,1,72.6,0,506.8
81.08,2.814,32.7,2167.0,67.86,2936.6,tarde,compressor,2,21.7,0,774.2
68.21,2.242,27.39,1521.0,60.71,661.7,manha,esteira,1,72.1,0,614.8
78.31,3.096,31.71,1409.0,51.98,3461.8,tarde,prensa,4,43.4,0,480.8
75.24,2.715,29.15,1546.0,61.31,1545.2,manha,esteira,3,34.1,0,490.2
77.24,2.366,26.92,2453.0,49.33,2105.9,noite,bomba,5,33.6,0,528.8
89.07,3.707,34.58,2171.0,80.96,2545.4,tarde,compressor,1,207.1,0,240.0
69.52,3.053,31.79,2497.0,58.72,1097.1,tarde,bomba,3,13.9,0,904.1
70.92,1.337,20.71,2383.0,24.99,1466.1,manha,bomba,2,108.0,0,784.2
82.75,2.154,33.85,2568.0,65.1,5887.2,tarde,CNC,1,47.4,0,240.0
80.08,2.729,32.92,2400.0,68.51,2012.3,tarde,bomba,1,26.8,0,612.1
78.53,2.402,34.22,1570.0,68.69,2632.1,tarde,esteira,1,41.2,0,554.5
70.4,2.528,31.84,1389.0,64.79,2658.1,manha,esteira,3,113.2,0,534.8
83.8,2.223,33.96,1640.0,76.0,4929.6,manha,esteira,1,116.4,0,446.4
81.01,3.023,38.12,2363.0,90.11,3817.3,tarde,compressor,2,26.1,0,625.5
80.53,3.812,35.57,2382.0,85.5,1138.7,noite,bomba,3,70.8,0,415.5
80.95,3.935,33.99,2385.0,85.1,5285.0,manha,CNC,2,67.8,0,240.0
82.41,4.138,38.83,2129.0,93.5,6394.4,tarde,compressor,4,46.0,0,401.0
78.75,2.442,30.87,2093.0,63.4,1133.7,manha,compressor,3,75.5,0,774.7
78.91,2.716,34.74,2720.0,70.34,1932.4,tarde,CNC,1,87.5,0,580.7
86.65,2.747,37.48,2647.0,82.08,2238.7,manha,CNC,5,25.0,0,576.9
79.63,2.056,31.9,2551.0,63.56,1980.1,tarde,bomba,1,12.8,0,652.4
73.36,2.163,28.87,1994.0,44.9,3471.9,manha,compressor,4,21.6,0,612.4
81.99,2.739,33.35,2149.0,69.1,2114.5,manha,compressor,0,40.2,0,330.9
70.92,1.563,27.8,2699.0,46.26,1711.1,manha,CNC,3,46.2,0,825.0
71.94,3.006,25.18,2426.0,44.8,3564.2,manha,bomba,4,93.0,0,240.0
84.87,3.17,36.72,2181.0,86.82,527.2,tarde,compressor,2,51.3,0,511.3
71.88,2.233,27.13,2195.0,42.1,2754.4,noite,compressor,2,40.3,0,583.0
78.9,1.931,33.49,2268.0,73.33,3238.9,tarde,bomba,1,12.3,0,628.4
86.99,3.846,35.21,2684.0,80.3,5095.3,noite,CNC,2,110.8,0,272.8
80.94,2.87,37.61,1252.0,92.75,2515.8,tarde,prensa,2,26.1,0,456.2
70.92,2.656,30.94,2607.0,46.17,700.8,manha,CNC,1,116.7,0,555.5
82.03,2.438,32.38,2123.0,67.89,2607.8,manha,compressor,4,37.4,0,544.2
76.12,2.697,34.32,2698.0,73.89,658.8,tarde,CNC,5,22.8,0,711.8
65.06,1.438,23.02,2409.0,29.66,3038.0,manha,bomba,5,54.5,0,628.8
81.92,2.8,31.1,1835.0,59.87,4599.4,noite,compressor,4,29.2,0,512.2
77.79,2.812,33.25,1530.0,85.29,2311.7,tarde,esteira,2,44.0,0,469.6
90.39,3.709,37.77,2030.0,98.47,2116.1,tarde,compressor,2,53.4,0,702.4
70.57,2.71,23.59,2419.0,35.97,3767.9,tarde,bomba,2,86.8,0,411.8
76.7,2.919,23.19,2585.0,41.0,2972.3,tarde,CNC,0,156.2,0,513.7
82.57,3.826,35.59,2909.0,84.29,3606.2,tarde,CNC,3,34.3,0,340.1
81.23,2.818,32.63,2009.0,78.84,7706.3,manha,compressor,0,57.9,0,300.1
80.85,3.964,34.77,2212.0,92.6,1783.9,manha,bomba,1,18.8,0,637.0
85.54,3.385,35.66,2048.0,63.32,3157.1,manha,compressor,4,77.8,0,433.3
77.24,2.784,33.82,1155.0,66.29,5335.9,manha,prensa,1,60.8,0,417.4
73.54,2.941,35.4,1545.0,68.54,5383.2,tarde,esteira,2,12.1,0,521.3
69.17,3.148,25.08,1169.0,37.93,3335.4,manha,prensa,1,63.2,0,618.4
86.18,3.953,37.78,2156.0,96.52,2062.1,manha,compressor,3,28.3,0,347.5
75.0,2.161,32.25,1504.0,68.88,3578.9,noite,esteira,4,43.5,0,561.3
69.64,2.295,22.32,2394.0,21.55,3622.7,noite,bomba,0,133.4,0,505.9
78.14,2.983,31.71,2601.0,71.29,3977.3,tarde,bomba,1,14.0,0,697.9
66.08,2.155,21.7,1238.0,28.86,1187.4,tarde,prensa,1,82.2,0,461.4
87.56,3.551,37.58,2189.0,88.26,6298.9,noite,bomba,3,25.1,0,401.8
79.88,3.076,28.77,1169.0,67.37,5347.1,manha,prensa,2,21.6,0,617.8
75.48,1.596,28.66,1352.0,49.75,2356.5,tarde,esteira,1,33.1,0,500.2
82.75,3.591,33.84,2557.0,79.56,5051.3,manha,CNC,5,20.0,0,291.4
84.75,3.612,36.96,1871.0,84.14,2257.1,tarde,bomba,1,179.5,0,240.0
78.78,2.875,35.08,2494.0,73.64,5735.1,noite,bomba,3,12.9,0,378.4
75.4,2.119,30.26,1050.0,54.91,2595.8,noite,prensa,2,18.4,0,791.7
68.33,1.644,22.75,1638.0,39.82,1362.5,noite,esteira,1,9.6,0,866.2
87.01,3.998,34.58,2515.0,93.64,7127.5,noite,CNC,0,27.7,0,240.0
79.19,3.15,30.32,2588.0,75.77,3886.3,tarde,CNC,5,55.2,0,635.5
68.78,2.318,21.04,2847.0,23.59,2167.3,noite,CNC,3,59.5,0,628.0
86.61,3.391,33.24,2314.0,87.64,6007.2,tarde,bomba,1,64.6,0,311.6
85.59,3.455,36.66,2484.0,90.22,3601.7,tarde,CNC,3,67.5,0,360.1
74.78,1.588,25.93,1436.0,51.3,1999.3,manha,esteira,4,97.7,0,832.9
88.92,4.103,36.78,2148.0,95.6,6049.9,tarde,bomba,2,135.1,0,240.0
69.18,2.041,25.12,1611.0,40.26,3967.4,manha,esteira,1,77.3,0,537.1
81.09,2.938,33.06,2712.0,70.0,3017.5,tarde,CNC,2,53.7,0,643.9
80.64,1.643,30.7,2373.0,70.64,2494.9,manha,bomba,6,25.7,0,718.1
72.64,3.309,24.81,2751.0,40.38,1327.4,tarde,CNC,2,57.7,0,658.1
80.15,3.188,35.93,1307.0,83.45,361.1,manha,prensa,3,75.5,0,555.2
72.28,2.468,25.67,2608.0,41.7,3743.3,manha,CNC,3,42.3,0,605.8
74.9,2.725,28.6,2670.0,55.38,1142.1,tarde,CNC,2,86.2,0,697.0
73.61,2.179,28.5,2617.0,47.21,1326.8,manha,CNC,4,66.7,0,525.7
90.83,3.242,35.77,1422.0,94.89,2234.0,noite,esteira,0,29.5,0,471.0
78.21,3.282,34.75,2324.0,74.6,2268.6,tarde,CNC,0,33.3,0,745.8
86.36,3.529,42.13,2327.0,94.58,1448.6,manha,bomba,2,107.7,0,312.7
77.81,3.149,35.26,1517.0,84.08,3741.3,manha,esteira,5,9.4,0,455.4
70.12,2.347,27.44,1366.0,55.43,736.7,noite,esteira,1,11.3,0,618.3
74.43,2.985,28.18,2755.0,65.85,3698.2,tarde,CNC,5,22.3,0,759.6
82.73,4.584,35.0,2534.0,87.48,2076.1,tarde,CNC,2,187.1,0,240.0
75.9,3.401,35.63,2121.0,82.51,1399.3,manha,compressor,4,68.3,0,477.6
73.7,2.514,30.86,2695.0,66.08,791.8,noite,CNC,2,33.0,0,859.7
81.36,3.261,35.4,2349.0,85.92,2753.4,noite,bomba,5,69.0,0,347.8
86.26,3.566,37.64,2000.0,94.37,1079.6,tarde,compressor,3,30.9,0,623.9
73.15,1.93,28.31,2000.0,56.4,968.7,manha,compressor,0,53.4,0,480.1
89.8,4.01,37.21,2396.0,92.34,5302.9,manha,CNC,1,36.0,0,455.0
77.13,2.432,29.45,2597.0,65.7,900.2,manha,bomba,2,67.4,0,481.6
77.76,2.416,30.0,2696.0,59.08,725.6,noite,CNC,1,45.2,0,407.8
86.48,2.513,35.72,2255.0,84.38,3527.4,noite,bomba,2,33.5,0,375.9
83.81,2.853,34.71,2705.0,67.87,2888.9,noite,CNC,2,53.3,0,436.4
87.3,2.567,34.08,1073.0,83.89,1700.5,noite,prensa,2,39.1,0,485.8
70.94,1.601,31.41,2498.0,61.67,1268.9,manha,bomba,1,39.1,0,969.2
82.0,2.359,34.78,2714.0,73.82,1513.0,noite,CNC,2,15.8,0,564.9
78.71,2.569,31.05,2560.0,67.21,1731.3,manha,CNC,2,66.3,0,456.0
92.23,3.512,33.41,1773.0,78.25,3292.4,manha,compressor,1,225.4,0,240.0
75.98,2.731,32.69,2575.0,60.51,2793.4,tarde,CNC,1,55.0,0,567.7
90.21,3.818,35.54,2650.0,96.16,1932.5,manha,CNC,0,40.9,0,307.4
78.21,2.727,31.22,1309.0,75.2,1918.9,noite,esteira,3,41.8,0,550.3
82.66,2.259,31.35,2254.0,76.06,3621.5,noite,bomba,6,105.1,0,494.0
78.0,2.432,29.27,2833.0,62.95,1395.7,noite,CNC,5,3.1,0,531.3
76.2,2.908,31.36,2393.0,69.51,771.0,noite,bomba,2,56.1,0,656.0
89.87,3.415,41.33,2946.0,97.3,4976.5,tarde,CNC,2,47.2,0,272.6
74.56,3.06,32.59,1295.0,76.22,1934.0,manha,prensa,1,45.1,0,434.9
86.07,3.511,39.33,2568.0,82.66,6718.1,noite,CNC,1,52.2,0,311.3
76.49,2.347,37.78,1403.0,90.51,1761.6,tarde,esteira,1,23.6,0,673.7
79.37,3.087,31.66,1371.0,74.15,2413.7,noite,esteira,2,24.3,0,670.5
52.62,1.557,21.06,2697.0,27.57,1319.3,manha,CNC,0,14.0,0,1137.4
63.6,2.148,25.74,2572.0,40.95,2820.8,manha,CNC,3,67.5,0,632.2
76.01,2.694,30.56,2066.0,61.08,1949.3,manha,compressor,1,5.1,0,733.8
84.82,2.456,35.29,1517.0,96.54,2100.2,tarde,esteira,2,58.2,0,253.5
73.92,3.051,28.27,2313.0,60.04,2575.0,noite,bomba,1,33.1,0,549.8
75.64,1.837,25.45,2525.0,54.01,1787.6,noite,bomba,1,23.2,0,729.0
75.33,3.006,31.57,1553.0,53.02,2766.6,manha,esteira,2,53.7,0,501.6
87.01,2.992,33.41,1452.0,74.68,1527.9,tarde,esteira,1,37.0,0,474.5
86.53,2.988,36.62,2091.0,91.37,2681.0,manha,compressor,1,52.9,0,557.4
75.24,2.229,26.57,2133.0,51.05,663.5,manha,bomba,2,24.8,0,583.8
74.55,2.158,31.92,1572.0,76.93,900.3,manha,esteira,2,62.4,0,764.2
78.09,2.359,30.94,2698.0,78.43,1304.4,tarde,CNC,1,46.1,0,473.9
77.8,1.797,35.14,1232.0,84.7,1037.9,tarde,esteira,2,83.6,0,423.9
69.09,2.281,27.68,2435.0,43.49,1098.0,manha,CNC,2,16.3,0,501.1
80.41,2.62,36.33,2605.0,74.72,3175.5,tarde,CNC,0,36.8,0,530.0
75.07,2.463,29.34,1443.0,51.66,1983.0,noite,esteira,1,33.6,0,717.5
82.24,3.129,34.64,2064.0,72.76,1787.6,manha,compressor,3,72.7,0,462.7
77.45,1.914,28.65,2627.0,42.58,2782.1,manha,CNC,4,96.8,0,523.3
75.55,2.597,25.23,2841.0,39.3,2909.4,tarde,CNC,0,55.8,0,453.2
74.52,2.664,26.73,2360.0,58.39,1657.9,noite,bomba,0,45.0,0,866.9
82.25,2.988,36.49,1545.0,84.29,4271.3,noite,esteira,4,83.7,0,318.6
66.4,2.715,26.28,2600.0,51.57,2055.0,manha,CNC,0,39.3,0,947.3
70.45,2.495,25.34,2648.0,40.27,3353.2,tarde,CNC,1,134.3,0,681.3
75.15,2.42,29.53,2035.0,66.72,1526.4,noite,compressor,2,28.8,0,497.5
75.04,2.592,34.33,1083.0,69.39,2717.3,tarde,prensa,1,8.3,0,659.7
69.35,2.032,28.26,2578.0,45.49,3537.4,tarde,CNC,0,16.0,0,951.8
84.94,2.522,31.88,1266.0,79.98,3302.2,noite,prensa,3,37.8,0,300.4
78.12,1.851,28.24,1020.0,49.79,3126.4,manha,prensa,1,175.3,0,478.9
74.01,2.918,27.41,2107.0,37.32,1477.3,tarde,compressor,3,24.3,0,682.0
68.19,2.584,22.04,1520.0,27.14,1005.1,noite,esteira,4,133.3,0,310.1
68.92,2.832,27.18,2461.0,49.09,922.7,manha,bomba,0,55.4,0,512.1
73.22,2.503,28.45,2513.0,44.89,1733.6,tarde,bomba,4,24.2,0,738.6
72.55,2.564,30.63,2353.0,65.41,1654.5,tarde,compressor,2,40.3,0,565.7
84.55,2.915,33.85,1315.0,79.45,2938.1,noite,esteira,2,89.4,0,333.6
76.34,2.486,35.36,1460.0,80.12,2357.0,noite,esteira,1,43.8,0,466.7
60.95,2.238,24.99,1531.0,51.12,941.9,noite,esteira,1,24.8,0,806.0
85.38,3.411,33.75,1154.0,81.91,3900.3,manha,prensa,4,38.2,0,546.1
83.72,3.351,31.45,2184.0,80.71,2629.1,noite,compressor,3,102.6,0,509.4
80.91,3.108,32.85,1601.0,55.55,1411.9,noite,esteira,2,208.3,0,471.9
75.93,2.807,28.24,1798.0,52.64,1574.0,tarde,esteira,2,86.4,0,472.8
69.42,2.758,27.47,2561.0,39.77,4956.0,tarde,CNC,3,139.2,0,414.0
83.97,2.223,29.46,2490.0,67.52,1037.9,manha,CNC,4,85.0,0,259.6
77.64,3.752,37.06,1997.0,80.61,5105.7,noite,compressor,0,84.5,0,367.2
86.81,2.663,37.39,1368.0,97.8,1951.2,manha,esteira,1,72.5,0,623.9
94.72,3.313,42.02,2159.0,99.27,2034.7,manha,compressor,3,64.5,0,486.7
78.1,3.106,35.35,1601.0,89.08,2791.3,noite,esteira,3,29.6,0,265.3
81.93,2.667,26.65,2753.0,53.54,756.5,noite,CNC,1,51.8,0,585.0
79.67,3.093,32.68,2315.0,60.78,2622.5,noite,compressor,7,86.3,0,408.1
72.4,1.866,25.85,2385.0,41.31,3496.9,tarde,bomba,4,64.7,0,565.7
88.72,4.335,35.06,2571.0,92.98,1703.9,manha,CNC,2,14.0,0,470.0
85.29,3.091,31.4,1195.0,79.92,2242.3,tarde,prensa,2,102.0,0,324.2
68.33,2.856,27.29,2478.0,45.21,6802.7,manha,CNC,2,75.2,0,564.3
73.23,3.35,35.12,1088.0,84.81,3717.8,noite,prensa,4,98.3,0,333.0
68.86,1.836,28.7,2670.0,53.79,1237.4,tarde,CNC,2,23.9,0,898.5
75.53,2.768,33.25,1319.0,72.94,1637.2,tarde,prensa,3,14.2,0,708.7
78.27,2.773,35.08,2293.0,85.93,1913.4,manha,bomba,1,43.9,0,527.1
84.32,3.558,38.34,2437.0,94.72,3854.3,tarde,CNC,1,66.8,0,341.6
64.96,2.507,30.08,2702.0,56.29,1234.4,noite,CNC,2,126.0,0,314.9
74.14,2.904,31.71,2521.0,70.41,3307.5,tarde,CNC,1,61.1,0,240.0
84.87,3.006,34.74,2357.0,76.56,3320.1,manha,bomba,2,160.4,0,240.0
81.41,3.013,34.15,1676.0,75.29,2328.7,manha,esteira,2,36.8,0,620.4
67.97,2.583,26.24,2161.0,32.78,3929.3,tarde,compressor,2,72.4,0,515.2
75.26,2.205,23.4,2189.0,49.14,1319.0,manha,compressor,1,11.3,0,753.6
66.28,2.826,28.09,2500.0,57.94,4385.2,noite,bomba,3,90.3,0,531.8
79.36,2.647,32.84,2414.0,68.44,639.0,tarde,bomba,0,121.3,0,410.9
82.36,2.689,36.58,2265.0,70.87,1229.7,manha,bomba,1,64.1,0,437.9
73.49,2.933,28.8,2419.0,42.73,651.0,noite,compressor,3,19.9,0,733.2
79.95,2.5,37.23,1577.0,84.29,1370.4,manha,esteira,2,51.5,0,544.0
74.44,3.363,41.08,1283.0,87.37,3355.4,manha,prensa,4,36.0,0,240.0
85.85,2.451,31.57,2107.0,65.34,2862.8,tarde,compressor,0,39.2,0,639.6
86.43,1.641,37.03,2427.0,71.95,2608.7,manha,CNC,1,51.2,0,562.1
82.61,3.021,35.62,2552.0,79.27,1355.6,tarde,CNC,0,19.2,0,420.8
91.4,3.885,35.92,2584.0,95.09,2219.3,noite,bomba,2,60.3,0,240.0
80.6,3.248,29.12,1814.0,70.24,4410.5,noite,compressor,1,38.0,0,510.3
73.78,3.346,24.97,1219.0,38.25,1394.6,manha,prensa,4,68.7,0,907.4
76.34,2.219,29.43,2434.0,51.78,1438.0,tarde,bomba,3,68.8,0,785.8
77.7,2.177,32.5,2379.0,74.92,1478.7,manha,bomba,1,23.8,0,864.9
76.93,3.355,34.67,1772.0,83.06,2526.2,tarde,esteira,4,42.1,0,385.9
74.62,2.81,30.36,2450.0,44.17,3182.3,manha,CNC,2,40.9,0,371.3
85.93,3.218,33.35,1411.0,75.54,3611.9,tarde,esteira,3,49.9,0,257.2
82.16,2.305,34.49,2665.0,61.79,1910.2,manha,CNC,2,112.0,0,315.1
80.88,2.476,35.13,2455.0,76.86,1798.8,noite,bomba,2,31.9,0,701.2
85.42,2.504,38.39,1240.0,87.37,1590.1,noite,prensa,0,41.9,0,759.7
78.99,3.568,31.92,1540.0,72.77,3066.2,manha,esteira,4,69.3,0,395.3
65.67,1.986,30.01,1438.0,65.12,778.1,noite,esteira,4,53.7,0,600.7
77.0,2.274,30.14,2025.0,59.42,2071.8,manha,compressor,0,88.8,0,350.0
80.34,2.914,34.62,1359.0,84.04,2080.1,noite,esteira,2,67.9,0,486.5
70.23,2.538,31.0,2457.0,60.67,3347.1,manha,bomba,1,41.6,0,547.5
85.63,3.222,37.81,2182.0,83.71,948.4,manha,bomba,2,56.9,0,248.1
67.7,2.087,26.12,2434.0,20.29,3498.3,tarde,CNC,2,103.3,0,702.9
65.76,2.228,29.11,2775.0,65.06,2956.9,tarde,CNC,0,20.8,0,661.7
76.87,2.44,30.12,2314.0,61.25,5944.0,tarde,bomba,1,22.6,0,557.6
81.87,2.411,32.81,2952.0,63.07,5314.8,tarde,CNC,1,25.0,0,536.5
65.06,2.563,24.32,1456.0,36.86,4232.5,manha,esteira,1,42.8,0,547.9
71.99,2.392,29.51,1479.0,73.02,509.2,manha,esteira,2,46.4,0,411.9
71.18,3.048,30.57,1388.0,55.73,1015.4,tarde,prensa,0,113.1,0,356.6
84.02,3.087,34.34,2758.0,87.03,3938.2,tarde,CNC,0,35.8,0,371.9
77.6,2.028,34.3,1228.0,77.83,2040.9,manha,prensa,2,15.4,0,718.4
75.75,3.948,36.27,2588.0,73.97,5310.0,manha,CNC,1,103.2,1,1.0
81.76,2.85,30.69,2216.0,54.49,2363.0,tarde,compressor,3,34.7,0,696.1
79.15,2.943,33.78,1522.0,73.46,3279.9,tarde,esteira,2,80.2,0,309.1
84.59,2.628,39.88,2550.0,91.4,3144.7,noite,CNC,3,92.8,0,323.4
86.89,2.854,33.43,2614.0,75.59,2325.5,tarde,CNC,2,59.7,0,678.2
80.84,3.601,33.58,2890.0,73.16,3975.9,tarde,CNC,1,49.8,0,501.2
83.35,3.739,36.19,2349.0,90.46,3430.2,tarde,bomba,1,29.0,0,554.4
72.95,2.015,30.7,1501.0,58.66,1083.8,manha,esteira,5,28.4,0,782.2
79.33,3.784,29.9,2587.0,71.92,7063.0,manha,CNC,1,95.1,0,240.0
73.01,3.092,26.79,2663.0,54.22,1016.3,manha,CNC,1,66.0,0,490.0
81.36,2.836,32.2,2280.0,69.86,1434.1,noite,bomba,5,95.5,0,296.9
83.15,3.187,32.31,2859.0,64.15,3247.8,manha,CNC,2,36.5,0,474.0
63.82,2.577,25.63,1437.0,25.82,2903.7,tarde,esteira,4,107.3,0,838.4
86.19,3.823,32.12,1244.0,76.01,3596.6,tarde,prensa,2,132.2,0,240.0
72.77,3.04,33.63,1743.0,80.75,1998.9,tarde,esteira,3,19.4,0,331.0
84.22,2.559,36.81,1467.0,90.39,3029.0,noite,esteira,0,20.4,0,438.6
75.44,2.459,21.76,2444.0,32.7,1499.9,tarde,bomba,3,83.6,0,682.4
69.78,2.009,24.8,1362.0,45.86,2362.5,manha,esteira,3,57.5,0,479.7
78.62,2.676,29.41,2516.0,74.18,4952.4,noite,CNC,5,44.6,0,548.6
83.63,4.092,38.06,2635.0,91.92,1012.4,tarde,CNC,4,91.7,0,569.1
83.2,2.918,32.97,2342.0,81.1,4116.1,manha,bomba,3,32.9,0,403.1
69.21,2.2,27.14,2752.0,36.59,2090.0,noite,CNC,1,34.4,0,907.9
81.45,3.115,36.69,1183.0,86.29,1291.0,tarde,prensa,0,21.6,0,727.9
75.27,1.706,27.07,2359.0,48.9,1352.1,manha,bomba,2,99.3,0,405.2
80.22,3.034,34.28,1155.0,86.19,2051.7,noite,prensa,2,18.1,0,540.1
70.58,2.61,21.58,2191.0,16.57,4224.4,tarde,compressor,2,92.1,0,575.6
81.22,3.147,34.27,2352.0,82.5,3018.3,tarde,bomba,2,74.9,0,556.6
70.3,1.805,25.59,1432.0,37.24,952.7,manha,esteira,2,94.0,0,783.2
65.82,1.807,21.81,2542.0,12.63,3996.0,manha,CNC,2,22.9,0,689.3
72.68,3.428,31.75,2248.0,77.15,3623.8,tarde,bomba,3,48.7,0,309.2
72.97,1.528,28.31,2518.0,57.6,645.1,tarde,bomba,3,29.1,0,531.1
76.51,3.21,36.1,1194.0,76.34,1250.8,tarde,prensa,1,124.7,0,253.1
71.22,2.789,34.61,1876.0,71.9,4474.1,noite,esteira,4,54.9,0,485.4
74.89,3.304,28.68,2592.0,63.59,2333.1,manha,CNC,1,35.5,0,538.8
79.93,3.397,29.9,1879.0,65.8,3982.2,tarde,compressor,2,27.9,0,240.0
70.55,1.963,29.42,2383.0,67.33,397.0,noite,bomba,1,59.2,0,648.0
75.06,2.994,29.59,2955.0,56.43,270.9,noite,CNC,5,35.7,0,824.0
68.77,2.398,22.99,2118.0,40.56,3379.8,noite,compressor,2,38.8,0,860.8
72.64,1.699,26.45,2071.0,42.65,1596.4,noite,compressor,2,46.9,0,566.6
87.97,2.441,29.7,2515.0,56.83,3490.5,manha,CNC,1,170.7,0,240.0
83.96,3.947,35.74,2332.0,92.34,4012.3,tarde,bomba,0,53.1,0,295.0
76.72,3.151,34.55,2803.0,81.1,1615.6,noite,CNC,1,34.7,0,760.9
81.61,2.542,35.12,2287.0,83.19,2201.0,tarde,bomba,0,53.0,0,569.2
73.96,3.155,28.93,2664.0,59.17,1908.3,manha,CNC,6,30.4,0,516.3
76.37,3.125,34.73,1501.0,68.59,1598.2,noite,esteira,3,123.9,0,482.3
74.01,2.429,27.0,2630.0,50.45,2661.0,manha,CNC,5,81.8,0,625.0
74.27,2.671,29.19,1203.0,55.67,3779.4,manha,prensa,3,19.0,0,526.8
80.53,2.956,35.68,2434.0,92.26,1442.0,manha,CNC,3,81.3,0,468.3
78.55,3.418,32.03,2431.0,60.72,1437.2,tarde,bomba,4,60.2,0,483.9
87.13,2.588,31.69,2032.0,75.59,1624.9,tarde,compressor,3,72.1,0,376.5
64.58,1.508,21.14,2777.0,19.26,3250.8,tarde,CNC,1,101.0,0,790.3
74.98,2.628,25.36,2051.0,45.88,3996.4,noite,compressor,2,24.6,0,487.8
70.1,3.933,29.59,1514.0,77.8,1887.8,tarde,esteira,1,48.4,0,546.4
83.51,2.544,34.33,1250.0,84.96,533.6,tarde,prensa,0,69.7,0,603.2
86.3,3.297,29.91,2124.0,62.54,1144.6,noite,compressor,0,94.3,0,571.5
84.51,3.113,34.84,2387.0,76.51,1816.4,noite,CNC,5,77.8,0,530.3
72.84,2.339,27.29,1576.0,57.96,1318.6,manha,esteira,2,47.3,0,664.5
73.98,3.003,24.55,2173.0,55.08,947.1,manha,bomba,2,98.8,0,321.2
75.93,2.334,27.33,2604.0,66.66,2399.8,tarde,CNC,1,44.5,0,577.0
80.62,2.788,32.68,1561.0,72.35,8045.4,noite,esteira,0,39.2,0,462.6
75.06,1.762,28.69,2702.0,50.37,1198.3,tarde,bomba,2,9.7,0,948.4
79.78,3.562,35.74,2277.0,85.68,2675.9,manha,bomba,2,21.4,0,426.2
80.96,3.433,29.78,1960.0,61.09,3159.6,noite,compressor,3,44.9,0,407.8
80.84,2.738,36.19,1854.0,84.58,3308.2,tarde,compressor,3,22.5,0,647.8
79.49,3.077,31.05,2559.0,82.29,2242.4,tarde,CNC,4,13.4,0,416.4
62.26,2.25,20.29,1835.0,38.01,982.4,noite,esteira,2,25.6,0,651.3
78.29,2.282,26.53,2383.0,57.32,3766.1,noite,CNC,1,131.8,0,490.3
75.34,2.888,31.49,1146.0,71.11,723.5,tarde,esteira,1,18.4,0,592.9
72.02,1.992,29.25,1653.0,51.99,2102.6,tarde,esteira,2,20.1,0,738.9
80.6,2.635,31.36,1607.0,77.23,1972.0,tarde,esteira,3,91.2,0,388.5
76.68,3.075,26.77,2653.0,53.4,1041.3,tarde,CNC,3,68.8,0,634.5
89.7,3.477,36.16,2660.0,80.8,1624.9,tarde,CNC,3,48.8,0,518.0
89.98,3.019,36.02,2137.0,88.8,3243.9,tarde,compressor,4,86.4,0,480.1
67.82,2.892,30.18,2503.0,61.73,2102.2,tarde,bomba,5,54.5,0,428.2
72.63,2.607,29.2,1138.0,55.55,823.2,tarde,prensa,3,1.0,0,817.0
77.15,1.751,28.07,1921.0,61.55,3510.5,manha,compressor,2,32.7,0,358.9
74.36,3.555,34.93,1292.0,68.89,5847.5,tarde,esteira,2,190.1,0,240.0
80.83,2.442,30.36,2559.0,69.53,911.5,tarde,CNC,0,54.5,0,620.9
79.39,3.037,29.53,2152.0,38.12,2210.7,manha,compressor,1,105.8,0,576.8
69.58,2.141,27.79,2759.0,46.07,2260.8,manha,CNC,2,110.7,0,346.4
86.69,2.981,36.43,1463.0,87.88,894.6,manha,esteira,2,76.7,0,505.1
71.94,1.914,19.71,2660.0,26.48,4559.5,noite,CNC,2,50.4,0,601.8
82.55,2.68,35.39,2633.0,81.45,2290.6,noite,CNC,1,27.2,0,654.5
80.55,1.593,32.42,1410.0,73.48,3839.9,tarde,esteira,5,18.6,0,657.8
75.88,3.408,31.15,2256.0,68.54,2774.8,tarde,bomba,2,108.5,0,428.0
88.6,3.857,32.88,2615.0,83.83,4463.5,noite,CNC,1,66.1,0,240.0
89.59,3.356,38.03,2713.0,87.41,2751.3,tarde,CNC,6,66.6,0,649.9
67.65,2.133,23.43,2439.0,22.58,1740.3,noite,bomba,3,76.4,0,633.9
81.76,2.641,29.7,2053.0,72.77,3101.7,manha,compressor,3,39.9,0,837.5
72.39,3.11,28.09,2816.0,57.81,1342.9,manha,CNC,3,95.9,0,383.8
84.37,3.066,33.31,2590.0,77.54,3279.1,tarde,bomba,2,57.1,0,476.5
73.52,2.36,29.51,2468.0,55.41,1196.8,manha,CNC,2,43.0,0,813.7
78.94,3.513,33.29,2238.0,74.55,2164.0,tarde,bomba,2,67.3,0,402.2
82.89,2.45,30.74,1860.0,61.88,1909.7,noite,compressor,4,98.0,0,513.8
75.29,1.695,31.93,2774.0,65.14,2637.1,manha,CNC,0,41.8,0,490.7
72.23,3.192,29.64,2521.0,41.74,4876.3,tarde,CNC,2,189.1,0,564.9
79.04,2.291,29.66,2677.0,60.97,1589.4,tarde,CNC,2,18.0,0,544.2
70.82,2.3,31.55,2694.0,59.1,3700.8,noite,CNC,4,73.2,0,762.8
80.2,2.866,33.79,2072.0,59.58,4546.7,tarde,compressor,2,30.0,0,503.2
70.54,2.811,31.74,1144.0,54.46,3636.4,manha,prensa,1,57.9,0,358.0
71.71,3.192,34.07,1356.0,76.17,2625.6,tarde,esteira,1,83.8,0,326.4
84.23,3.377,29.21,1888.0,47.38,2547.2,tarde,compressor,1,365.0,0,240.0
70.04,1.78,26.38,2529.0,40.8,1526.3,noite,bomba,0,12.2,0,818.9
70.73,2.372,32.67,2211.0,58.57,733.4,tarde,bomba,1,23.6,0,646.8
72.51,3.128,30.95,1444.0,71.08,2340.9,manha,esteira,5,75.3,0,504.2
78.52,3.345,28.56,2344.0,56.58,4770.6,noite,CNC,3,99.4,0,449.0
86.57,3.46,36.8,2164.0,95.56,5146.6,tarde,compressor,1,38.4,0,319.3
89.09,3.51,42.93,1874.0,94.69,850.7,manha,compressor,1,22.4,0,338.9
78.65,2.87,35.94,2403.0,73.54,5058.3,tarde,CNC,1,77.0,0,289.4
79.01,2.845,31.57,2179.0,71.74,3185.7,noite,compressor,4,33.6,0,659.9
89.65,3.27,34.57,1376.0,92.46,2978.4,tarde,esteira,3,119.6,0,240.0
81.17,3.154,35.35,964.0,85.82,4750.5,manha,prensa,0,71.3,0,298.7
64.39,2.666,24.41,2691.0,35.63,4000.5,tarde,CNC,2,75.7,0,691.2
68.99,2.952,26.38,2078.0,40.96,1183.0,manha,compressor,1,110.3,0,513.5
77.12,2.759,24.49,2281.0,47.32,1413.6,tarde,compressor,2,163.1,0,240.0
92.06,3.182,36.52,2248.0,95.49,665.4,tarde,bomba,2,26.0,0,585.2
81.44,2.727,36.9,2271.0,80.99,2900.9,manha,bomba,0,44.1,0,520.3
77.7,2.643,34.64,2525.0,76.34,1281.0,manha,CNC,0,119.6,0,552.7
80.11,2.596,35.28,1627.0,93.06,1700.6,noite,esteira,0,55.9,0,529.4
80.39,3.636,33.74,973.0,67.21,4432.7,manha,prensa,2,36.6,0,425.8
68.26,2.251,30.99,2340.0,57.94,3128.8,noite,bomba,3,51.8,0,634.0
68.71,3.164,32.67,2376.0,53.93,3177.3,tarde,bomba,1,154.8,0,707.8
74.66,2.795,26.96,2516.0,48.72,6984.3,tarde,bomba,3,53.5,0,318.7
78.39,2.031,27.39,1968.0,52.62,190.3,manha,compressor,2,81.5,0,470.3
85.26,3.139,34.89,2684.0,83.13,1329.4,manha,CNC,3,43.3,0,673.6
75.54,2.44,31.97,2343.0,61.5,1903.0,manha,bomba,2,15.4,0,709.7
72.12,2.118,19.98,2460.0,25.47,1389.0,tarde,CNC,6,97.5,0,757.4
67.58,1.849,24.65,1487.0,38.41,3821.7,noite,esteira,2,43.3,0,757.7
79.44,3.165,32.18,2006.0,68.43,2045.0,noite,compressor,2,104.7,0,525.8
82.42,3.374,37.06,2130.0,78.72,1096.1,manha,compressor,3,79.2,0,442.1
83.22,2.735,32.91,2321.0,76.55,2754.1,manha,compressor,0,67.0,0,240.0
96.5,3.829,32.56,1247.0,68.77,3030.4,manha,prensa,3,125.2,0,292.3
72.04,2.696,28.61,2640.0,49.67,1160.2,noite,CNC,7,43.4,0,353.7
67.8,0.985,21.2,2699.0,26.14,2107.6,manha,CNC,0,96.1,0,714.8
75.29,1.985,22.64,2544.0,33.11,3072.4,manha,CNC,1,53.9,0,687.3
78.82,3.616,34.52,2490.0,63.94,4574.8,tarde,bomba,1,41.0,0,246.3
80.5,3.708,38.52,1114.0,93.87,1486.4,tarde,prensa,5,74.2,0,712.6
86.09,2.481,35.64,2683.0,73.53,3271.7,manha,CNC,3,37.4,0,723.3
74.77,2.711,29.46,1210.0,50.36,1634.2,tarde,prensa,1,44.7,0,668.6
74.19,2.384,36.56,2585.0,93.16,2457.4,manha,CNC,2,60.8,0,280.0
73.61,2.761,27.73,2579.0,56.33,1232.9,manha,bomba,3,121.0,0,639.8
72.22,2.515,26.7,2484.0,50.9,3214.2,manha,CNC,1,129.1,0,610.3
67.82,2.147,23.98,2463.0,40.94,4142.2,manha,bomba,3,23.1,0,846.6
81.03,2.37,32.92,2329.0,80.63,2165.1,noite,bomba,4,39.6,0,789.8
81.93,2.651,31.06,2498.0,72.07,1997.8,tarde,bomba,1,85.7,0,588.2
77.17,1.147,28.91,2471.0,47.53,1882.0,noite,CNC,4,35.7,0,692.4
77.11,1.824,27.25,1491.0,57.94,1010.4,manha,esteira,2,39.0,0,693.7
91.09,3.392,39.0,1087.0,85.95,3585.0,tarde,prensa,1,52.4,0,389.1
87.87,4.319,38.97,2219.0,92.14,4508.9,noite,compressor,2,83.1,1,1.0
68.19,3.674,32.26,2571.0,66.87,1431.4,manha,bomba,0,66.0,0,502.7
67.12,2.439,30.63,1374.0,64.78,2658.0,noite,esteira,1,130.2,0,240.0
79.99,2.927,31.61,2482.0,63.28,3163.6,tarde,CNC,1,60.4,0,438.2
83.72,3.0,36.2,1430.0,94.02,1616.1,noite,esteira,0,66.7,0,508.4
78.32,2.379,24.23,2161.0,39.22,5134.6,manha,compressor,1,53.8,0,558.2
81.59,2.882,32.97,1532.0,79.32,2687.3,tarde,esteira,2,72.0,0,240.0
73.66,2.791,31.46,2599.0,80.4,849.9,tarde,CNC,2,41.3,0,622.6
80.15,4.138,34.13,2186.0,73.58,4268.0,noite,compressor,2,74.5,0,240.0
81.22,2.678,31.44,2442.0,76.1,2218.0,noite,bomba,2,35.0,0,560.9
73.34,2.314,32.07,2260.0,65.07,1796.3,tarde,bomba,2,114.7,0,240.0
76.83,2.319,28.14,1229.0,46.62,3430.3,noite,esteira,3,56.2,0,580.7
72.03,2.286,26.24,1448.0,40.06,1651.3,noite,prensa,4,145.3,0,568.4
78.97,2.976,30.71,2556.0,67.98,4953.6,tarde,CNC,2,113.4,0,349.0
70.45,3.243,28.12,2313.0,60.72,4352.8,manha,CNC,4,68.0,0,545.3
94.51,3.524,34.73,2064.0,84.59,5336.1,manha,compressor,4,88.0,0,240.0
88.99,4.159,36.28,1795.0,95.05,6767.7,manha,compressor,3,75.6,0,256.9
67.86,1.778,23.48,2582.0,31.68,3135.6,manha,bomba,1,23.5,0,1037.1
70.43,2.502,28.63,1665.0,57.85,2344.6,noite,esteira,1,66.1,0,702.0
76.48,2.318,36.87,1487.0,76.59,1609.5,manha,esteira,2,63.8,0,574.6
86.4,3.71,40.52,2474.0,90.59,3313.3,tarde,CNC,3,53.5,0,260.2
88.42,3.107,38.9,2080.0,84.3,6663.7,tarde,compressor,3,79.5,0,459.3
82.36,2.491,33.49,2556.0,78.03,1015.6,tarde,bomba,1,67.1,0,541.0
78.89,2.686,25.32,2055.0,49.7,2821.9,manha,compressor,3,70.2,0,568.8
78.8,3.132,29.52,2565.0,55.8,840.8,tarde,CNC,1,140.7,0,304.6
80.86,2.917,31.33,1987.0,66.81,815.2,tarde,compressor,3,60.6,0,368.6
74.96,3.21,29.09,1994.0,54.66,4593.1,tarde,compressor,1,97.1,0,416.3
77.13,2.233,32.35,2615.0,67.25,4180.9,manha,CNC,1,55.9,0,522.7
64.5,2.146,25.46,1409.0,36.3,1555.8,noite,esteira,2,142.4,0,604.2
67.05,2.337,19.79,1948.0,29.4,1144.8,manha,compressor,2,85.8,0,862.5
77.35,2.748,31.59,2582.0,55.78,5453.6,tarde,bomba,4,68.1,0,649.5
83.34,2.467,37.23,2370.0,84.57,1203.5,tarde,bomba,5,37.9,0,591.4
73.15,1.907,24.71,1419.0,43.04,955.2,manha,esteira,2,144.3,0,647.3
91.71,3.424,38.63,2626.0,89.68,1230.8,noite,CNC,3,108.7,0,240.0
74.8,3.211,32.75,2675.0,76.2,2995.2,manha,CNC,5,35.8,0,910.4
75.34,4.23,33.46,2040.0,75.44,7295.9,noite,compressor,1,18.3,0,594.5
83.6,2.84,35.49,1915.0,85.04,1625.6,noite,compressor,4,48.8,0,413.5
89.36,3.251,33.83,2066.0,81.43,4560.2,manha,compressor,2,29.9,0,672.3
89.86,2.666,35.17,1520.0,95.74,2530.7,manha,esteira,2,52.5,0,328.3
79.31,2.76,37.74,2686.0,70.54,537.4,manha,CNC,1,93.4,0,346.0
87.12,3.5,39.59,2630.0,97.73,1658.5,noite,CNC,0,108.3,0,240.0
85.08,3.428,35.97,2096.0,84.32,4207.4,tarde,compressor,1,16.8,0,302.7
79.38,1.486,34.66,1387.0,66.35,4079.3,manha,esteira,2,22.3,0,745.4
62.46,1.563,20.0,1866.0,33.42,1505.9,tarde,esteira,4,29.2,0,1023.1
68.49,2.256,26.09,1566.0,47.47,3574.2,manha,esteira,3,65.4,0,426.9
82.03,3.237,32.49,2462.0,77.3,2189.2,tarde,bomba,4,112.8,0,346.9
82.38,2.827,31.79,1587.0,73.98,2927.9,tarde,esteira,4,56.1,0,345.6
77.36,2.482,29.31,2391.0,56.97,4705.8,manha,bomba,2,16.4,0,570.9
61.64,2.771,23.35,2508.0,36.03,1546.2,noite,CNC,1,70.6,0,773.3
74.66,2.771,23.89,2390.0,49.02,1849.6,manha,bomba,0,43.1,0,497.8
73.74,2.326,27.06,1380.0,58.28,4755.3,tarde,esteira,3,43.6,0,568.2
92.27,3.685,36.41,1817.0,94.96,6867.8,tarde,compressor,3,65.0,1,1.0
82.77,3.42,34.01,2624.0,82.76,3912.5,noite,bomba,5,81.6,0,262.4
85.65,3.688,33.19,2460.0,83.06,2821.3,tarde,bomba,6,105.3,1,1.0
77.55,2.97,29.16,2359.0,58.21,3891.9,noite,bomba,6,114.7,0,405.1
79.92,2.616,34.08,2634.0,80.4,1652.6,manha,CNC,1,96.9,0,437.1
71.91,3.084,24.09,2451.0,54.11,2443.4,noite,bomba,4,90.3,0,451.2
69.81,2.138,26.07,1535.0,54.99,808.5,manha,esteira,2,21.3,0,692.0
77.44,3.934,35.08,2544.0,82.25,1676.8,tarde,CNC,1,85.9,0,240.0
78.8,2.659,32.63,2251.0,72.13,3035.2,manha,compressor,2,53.2,0,423.1
78.33,3.183,27.85,2479.0,66.45,2658.4,noite,CNC,6,113.7,0,751.4
87.72,3.293,38.28,2799.0,89.66,404.8,noite,CNC,0,41.1,0,336.1
80.64,2.645,32.83,1243.0,66.26,2031.0,tarde,prensa,0,50.4,0,643.9
81.09,1.915,33.35,2439.0,53.54,2626.2,tarde,bomba,2,37.4,0,405.4
72.34,2.983,35.19,2035.0,67.86,2687.2,tarde,compressor,1,42.3,0,620.2
74.76,2.509,27.4,2471.0,56.45,940.8,manha,CNC,2,128.2,0,439.6
76.08,2.343,25.55,1135.0,39.56,3613.7,tarde,prensa,1,38.7,0,609.9
79.22,2.944,30.69,2647.0,62.74,6325.0,tarde,CNC,3,61.5,0,504.8
77.5,2.232,35.48,1392.0,75.78,3866.3,tarde,esteira,3,41.1,0,400.1
73.1,2.524,29.32,1967.0,59.24,2444.5,manha,compressor,0,61.4,0,370.6
74.11,2.3,27.72,2699.0,37.15,5527.8,noite,CNC,1,70.6,0,523.1
74.78,2.496,29.32,2447.0,55.18,1655.6,manha,bomba,1,85.2,0,827.0
75.26,2.91,28.62,2463.0,61.64,3345.7,tarde,CNC,3,57.7,0,583.7
86.17,3.337,31.81,2511.0,78.55,2287.9,manha,bomba,0,135.5,0,240.0
82.47,2.827,30.58,2807.0,52.12,5562.4,manha,CNC,1,18.1,0,809.4
74.41,2.65,35.16,1491.0,77.84,1265.3,manha,esteira,6,37.6,0,680.1
80.63,3.476,36.14,1307.0,79.98,1263.2,manha,esteira,2,36.5,0,521.9
70.78,2.318,21.3,1327.0,46.44,4817.5,tarde,esteira,2,30.7,0,819.8
76.99,1.996,27.95,2549.0,51.71,3205.8,tarde,CNC,2,81.1,0,240.0
88.93,2.977,39.38,1643.0,92.11,5040.5,tarde,esteira,1,36.7,0,273.6
88.31,4.416,33.27,1273.0,86.14,1349.1,tarde,prensa,0,4.7,0,600.3
81.54,2.538,37.15,2477.0,87.87,1519.4,manha,CNC,0,66.4,0,454.3
78.56,3.706,34.28,2780.0,85.54,2884.9,manha,CNC,1,137.6,0,261.0
75.69,3.344,30.87,1544.0,75.31,834.3,tarde,esteira,1,7.1,0,687.3
76.19,2.148,28.69,2736.0,61.09,2766.3,tarde,CNC,0,78.6,0,688.0
72.15,3.938,37.78,2325.0,83.68,1831.2,tarde,bomba,3,102.0,0,421.0
79.49,3.122,33.31,1277.0,68.65,2279.6,manha,esteira,4,40.0,0,491.2
83.42,3.329,36.11,2374.0,89.04,3601.1,noite,CNC,2,71.8,0,240.0
80.31,1.991,38.94,2299.0,81.53,3709.1,manha,bomba,4,1.0,0,692.7
75.11,3.121,26.69,2406.0,62.34,6146.6,tarde,bomba,2,63.0,0,240.0
77.79,2.946,29.19,2109.0,61.0,4405.1,manha,compressor,0,84.2,0,443.7
73.27,1.802,29.13,1778.0,43.37,550.6,tarde,esteira,3,42.9,0,533.5
80.89,3.187,33.8,2647.0,79.21,1337.3,tarde,CNC,2,43.9,0,623.1
88.63,2.971,32.63,2064.0,70.93,1415.1,tarde,compressor,0,73.0,0,240.0
69.36,1.245,23.3,1379.0,32.81,4149.8,manha,esteira,3,57.8,0,611.2
80.04,2.916,28.36,2710.0,56.13,5653.1,tarde,CNC,2,109.8,0,240.0
71.64,2.356,30.89,1721.0,58.49,1033.9,manha,esteira,0,61.0,0,821.0
85.19,3.663,34.78,2524.0,89.11,4210.4,tarde,CNC,1,74.7,0,240.0
82.99,3.339,38.5,2387.0,74.24,2447.4,manha,bomba,4,44.6,0,646.9
90.72,2.456,35.37,2679.0,96.33,2239.3,manha,CNC,1,44.5,0,480.0
74.95,2.966,31.68,2282.0,52.99,1638.7,tarde,bomba,2,91.7,0,468.4
65.86,1.578,22.48,1273.0,20.64,2048.8,manha,esteira,1,98.1,0,822.5
67.68,1.974,24.38,1555.0,43.65,2774.4,manha,esteira,2,20.7,0,764.7
82.6,3.457,34.67,1303.0,77.96,1764.7,noite,prensa,0,50.9,0,368.4
77.43,2.432,32.21,2256.0,63.03,3112.7,noite,bomba,2,75.2,0,529.9
80.31,2.574,36.36,1522.0,85.52,2245.4,noite,esteira,1,8.1,0,599.4
84.57,3.155,30.53,2666.0,79.64,2093.4,manha,bomba,4,50.4,0,285.6
87.01,3.562,36.44,1295.0,84.19,3458.9,tarde,prensa,1,176.2,0,240.0
75.18,2.857,28.92,2464.0,69.11,2933.4,noite,bomba,4,31.3,0,574.4
81.09,2.494,37.38,1181.0,83.67,423.5,manha,prensa,3,30.4,0,548.8
78.28,3.478,34.38,2708.0,70.59,3191.7,noite,CNC,5,55.5,1,69.7
67.24,2.21,19.25,2189.0,24.61,2836.4,manha,bomba,0,58.3,0,557.1
75.82,2.421,28.14,1481.0,72.15,4565.7,noite,esteira,4,46.7,0,472.5
77.62,3.039,26.43,2551.0,46.01,2904.4,tarde,CNC,1,99.5,0,498.1
74.96,2.669,30.67,2768.0,66.13,1977.1,tarde,CNC,1,13.4,0,697.5
82.24,2.117,30.66,971.0,61.31,1598.0,tarde,prensa,0,29.6,0,663.8
76.7,2.955,31.19,2419.0,60.65,726.4,manha,compressor,4,50.6,0,442.2
80.81,3.258,31.09,2558.0,66.04,2426.1,manha,CNC,4,112.8,0,303.4
80.16,1.949,30.07,2294.0,57.57,1425.9,noite,compressor,3,38.0,0,545.1
84.12,1.856,30.11,2162.0,65.89,4958.5,tarde,compressor,4,27.3,0,780.1
85.7,2.856,34.64,2447.0,90.64,2490.2,tarde,bomba,2,10.2,0,426.2
89.58,2.423,34.61,1285.0,72.86,1166.2,manha,prensa,5,25.0,0,610.1
71.25,2.436,28.12,1280.0,46.68,580.9,tarde,prensa,1,11.2,0,677.8
60.73,1.56,22.7,2358.0,32.77,758.0,tarde,bomba,3,36.2,0,1002.0
78.88,2.589,30.28,2440.0,71.62,3037.4,manha,bomba,2,80.1,0,438.7
85.53,4.13,36.21,2011.0,71.9,5281.5,noite,compressor,2,71.4,0,240.0
76.19,3.066,32.81,1569.0,59.18,3412.0,tarde,esteira,1,82.7,0,509.1
61.27,1.113,24.24,2717.0,25.32,2275.5,tarde,CNC,1,21.8,0,925.3
71.61,3.144,27.92,2568.0,45.46,6944.2,noite,CNC,4,16.2,0,584.6
69.64,3.226,24.18,1155.0,43.58,3845.7,manha,prensa,1,68.9,0,365.9
81.45,3.217,38.79,1508.0,90.65,2920.3,noite,esteira,0,94.4,0,248.5
77.76,2.633,32.31,2136.0,64.24,1943.0,tarde,compressor,1,55.5,0,362.3
78.66,1.977,27.76,2300.0,59.38,5436.2,tarde,bomba,5,72.4,0,471.9
71.23,1.939,29.17,1950.0,49.49,2062.2,manha,compressor,4,53.0,0,292.8
80.89,3.087,34.59,2120.0,84.82,1422.5,manha,compressor,0,39.9,0,515.5
77.85,2.401,30.3,2125.0,52.29,2335.5,tarde,compressor,4,44.7,0,666.7
73.71,2.614,32.65,2644.0,62.62,2626.2,manha,CNC,1,93.4,0,491.8
71.28,2.716,30.12,2380.0,57.5,4038.2,manha,bomba,3,52.3,0,705.8
83.96,3.496,26.82,2168.0,50.25,1400.3,tarde,compressor,2,92.8,0,240.0
74.23,2.378,31.65,2267.0,63.2,1577.2,noite,bomba,4,61.1,0,835.4
64.55,1.992,28.15,2551.0,48.7,1632.8,manha,CNC,5,35.7,0,575.2
83.5,3.623,36.79,1122.0,96.98,2260.0,noite,prensa,0,75.3,0,293.1
67.96,2.431,29.63,2392.0,64.08,1183.5,noite,bomba,0,53.6,0,512.4
89.8,4.184,37.54,1097.0,74.37,4924.4,noite,prensa,0,106.7,0,240.0
71.18,2.119,30.51,2585.0,48.1,764.3,noite,CNC,1,30.2,0,910.8
76.62,3.363,32.78,2509.0,79.15,5525.4,tarde,bomba,2,11.4,0,704.4
81.08,3.975,28.95,1485.0,75.32,3809.0,manha,esteira,1,80.4,0,240.0
95.66,4.55,41.41,2138.0,95.13,1342.6,manha,compressor,2,120.9,0,481.8
77.23,2.811,34.82,2616.0,62.92,2147.8,noite,CNC,5,94.3,0,545.2
86.06,2.808,35.25,2519.0,68.3,1490.5,tarde,CNC,4,127.1,0,462.4
86.54,3.399,36.03,2706.0,90.24,3847.1,noite,CNC,3,144.0,0,240.0
74.66,3.086,32.23,2001.0,63.66,5200.9,noite,compressor,1,48.7,0,585.5
91.94,2.829,32.89,2069.0,78.31,10480.0,manha,compressor,3,25.9,0,416.5
73.75,3.536,33.68,2765.0,68.12,3285.3,manha,CNC,1,4.7,0,453.5
78.51,2.561,33.87,2395.0,84.31,780.5,tarde,bomba,4,12.4,0,592.7
82.18,2.768,30.74,2611.0,68.66,1272.7,manha,CNC,3,78.1,0,492.7
84.15,3.325,35.83,1980.0,85.99,3189.4,tarde,compressor,0,13.2,0,397.9
83.41,2.702,34.82,2388.0,87.56,2205.8,noite,bomba,2,65.4,0,453.9
65.83,2.578,23.14,2521.0,22.94,3778.3,tarde,CNC,2,81.5,0,735.0
82.81,3.563,35.36,2588.0,92.62,2951.5,manha,CNC,2,57.0,0,349.6
81.74,2.832,39.45,2596.0,79.56,1356.1,noite,CNC,2,44.1,0,710.8
77.35,2.654,31.54,2588.0,62.24,1991.3,manha,CNC,4,29.0,0,581.8
83.69,3.547,33.2,2049.0,76.06,3884.4,noite,compressor,1,132.5,0,356.4
76.38,2.348,27.77,2818.0,59.01,3051.7,manha,CNC,1,5.8,0,447.3
84.98,2.878,35.1,2731.0,85.75,3803.0,noite,CNC,0,28.9,0,401.3
81.03,2.876,32.65,995.0,73.09,981.3,tarde,prensa,1,44.3,0,517.3
73.28,2.683,28.16,1251.0,53.97,1421.0,tarde,prensa,3,40.6,0,641.5
83.47,3.081,34.7,2886.0,85.91,4721.8,tarde,CNC,2,84.9,0,427.9
81.53,3.036,31.41,2099.0,72.53,1009.9,manha,compressor,1,61.1,0,664.0
80.41,2.487,38.07,2024.0,87.99,3672.4,tarde,compressor,3,20.0,0,964.3
88.23,3.18,34.77,1670.0,68.78,927.1,noite,esteira,2,90.6,0,339.3
63.2,1.74,27.25,1521.0,59.99,2601.5,noite,esteira,1,28.9,0,594.4
71.68,1.692,28.32,2798.0,53.83,1810.3,manha,CNC,3,66.2,0,701.6
84.24,2.987,30.38,2587.0,77.59,1343.1,tarde,CNC,3,125.4,0,666.7
83.37,3.084,32.02,2133.0,72.38,2728.6,noite,compressor,0,34.3,0,590.0
65.99,2.004,29.23,1422.0,41.86,4590.0,noite,esteira,2,35.8,0,575.8
71.55,2.855,30.74,1373.0,52.62,1553.6,tarde,prensa,1,48.7,0,523.6
72.44,2.156,29.09,2658.0,50.96,487.6,manha,CNC,3,49.9,0,825.5
72.05,2.642,28.84,2409.0,67.21,2245.4,noite,bomba,1,62.7,0,532.4
70.55,2.547,27.82,2760.0,57.85,1333.9,tarde,CNC,4,76.1,0,691.6
85.48,3.778,34.41,2457.0,84.76,3931.1,manha,bomba,0,27.6,0,541.0
77.94,2.427,30.46,1206.0,51.63,1806.8,noite,prensa,4,53.7,0,553.7
76.36,3.715,33.16,1924.0,61.7,1592.0,manha,compressor,1,24.2,0,467.6
77.31,3.516,28.03,2608.0,50.67,1936.4,noite,CNC,5,82.6,0,368.1
78.83,2.417,32.96,2318.0,65.69,4588.7,manha,bomba,1,103.8,0,411.1
76.46,3.374,30.48,2077.0,68.27,3142.5,noite,compressor,0,40.4,0,413.1
69.9,2.154,30.62,1490.0,63.27,1202.2,noite,esteira,3,59.1,0,446.6
83.36,3.263,34.26,2208.0,67.77,980.2,noite,compressor,3,121.1,1,1.0
64.7,1.416,26.06,1552.0,30.49,5481.1,noite,esteira,1,68.9,0,545.1
84.84,2.944,32.8,2603.0,82.79,1566.9,noite,CNC,2,24.3,0,568.9
85.16,4.668,40.93,2718.0,96.58,4667.8,manha,CNC,3,15.3,0,385.5
87.18,2.794,39.0,2258.0,76.53,2188.9,noite,compressor,7,30.9,0,781.3
65.53,2.501,21.98,2568.0,37.86,1436.1,noite,CNC,1,46.1,0,945.1
83.99,3.774,35.07,2017.0,96.48,1511.3,tarde,compressor,0,88.9,0,240.0
75.68,2.275,33.1,2318.0,59.97,2254.1,tarde,bomba,3,43.2,0,430.2
83.62,3.723,37.35,2706.0,97.17,468.8,manha,CNC,1,22.9,0,783.9
80.48,2.659,33.39,2923.0,77.06,1468.1,tarde,CNC,1,44.9,0,805.5
74.75,2.712,30.81,2770.0,52.57,6620.9,tarde,CNC,2,46.7,0,692.1
80.78,3.391,32.75,2568.0,80.24,7740.3,tarde,CNC,0,31.9,0,286.7
72.53,2.874,30.51,1612.0,62.02,1571.0,tarde,esteira,3,43.4,0,591.8
77.77,3.366,34.23,1366.0,91.56,3560.1,tarde,prensa,0,59.6,0,353.2
87.49,3.989,37.23,2442.0,83.34,3091.4,manha,CNC,2,13.6,0,349.3
79.19,2.175,37.51,1378.0,88.22,1080.9,noite,esteira,4,46.8,0,723.7
82.49,2.979,33.02,1564.0,72.63,3595.5,manha,esteira,0,195.7,0,240.0
76.9,3.94,36.46,1028.0,89.15,1908.3,manha,prensa,1,67.4,0,397.0
72.37,2.565,28.42,2067.0,51.68,2536.5,manha,compressor,5,89.7,0,484.1
86.54,3.749,34.67,2112.0,79.92,4018.9,noite,compressor,1,120.5,0,390.9
90.51,3.025,33.76,2071.0,73.79,1991.1,noite,compressor,2,134.4,0,240.0
70.87,1.353,28.41,1523.0,46.5,1977.0,manha,esteira,2,36.3,0,487.8
78.28,2.218,28.91,1715.0,72.59,3367.7,manha,esteira,0,14.6,0,529.9
84.67,4.055,39.72,2132.0,85.22,4747.6,tarde,compressor,2,99.1,0,240.0
84.02,2.974,36.96,2920.0,89.23,3256.2,manha,CNC,0,46.5,0,416.9
71.48,2.263,32.96,1371.0,54.88,2038.6,noite,esteira,3,48.1,0,519.3
79.07,2.546,32.91,1429.0,72.1,4460.2,manha,esteira,0,75.5,0,387.3
90.46,3.768,36.77,2049.0,87.31,3016.6,tarde,compressor,2,54.3,0,369.4
82.75,2.66,36.99,2528.0,85.88,5334.1,tarde,bomba,3,63.3,0,542.8
84.77,3.48,32.43,2130.0,79.87,6151.3,tarde,compressor,2,66.7,0,419.5
75.09,2.753,26.78,1998.0,53.33,3224.6,tarde,compressor,0,100.0,0,527.7
72.15,2.153,26.98,2249.0,48.37,5118.5,manha,bomba,2,71.1,0,545.2
79.95,3.057,31.46,1376.0,66.68,5206.5,manha,esteira,2,23.8,0,561.5
85.61,2.406,38.61,1467.0,87.85,2331.5,manha,prensa,1,23.4,0,582.0
88.85,3.802,38.15,2047.0,93.63,5205.6,manha,compressor,2,34.0,0,240.0
73.97,2.92,30.42,2086.0,46.91,2608.9,noite,compressor,3,68.6,0,782.3
71.4,2.415,23.44,1959.0,53.53,3798.9,manha,compressor,0,25.4,0,728.6
83.19,3.762,38.16,2659.0,79.66,2451.8,manha,CNC,2,25.4,0,507.8
89.89,3.692,36.94,1953.0,92.29,861.2,manha,compressor,5,65.5,0,404.8
76.94,2.351,28.3,2623.0,44.8,7162.6,noite,CNC,5,36.2,0,733.9
79.68,3.527,32.9,1981.0,59.87,3710.8,noite,compressor,1,127.9,1,1.0
80.9,3.079,33.39,2531.0,87.2,3904.1,noite,CNC,0,37.6,0,694.8
81.43,2.821,34.17,2216.0,63.24,2765.5,tarde,compressor,1,84.4,0,331.5
80.01,3.149,32.17,1661.0,63.59,5184.2,noite,esteira,1,49.1,0,367.3
80.62,2.892,35.75,2725.0,69.05,2298.5,tarde,CNC,3,21.5,0,331.0
75.45,3.276,32.82,2167.0,72.84,2394.7,noite,bomba,2,36.7,0,789.7
87.42,2.326,37.37,1080.0,91.39,1212.7,noite,prensa,3,51.5,0,581.5
75.85,3.347,34.73,2258.0,89.63,2940.4,manha,bomba,4,37.2,0,355.4
86.27,3.936,31.21,2836.0,69.86,5033.2,tarde,CNC,2,119.3,0,240.0
88.61,3.044,38.98,2210.0,98.95,2316.4,manha,compressor,1,27.9,0,429.4
74.2,2.417,30.58,2599.0,57.62,1097.6,manha,bomba,2,40.4,0,529.3
88.27,3.139,35.91,2263.0,78.37,4436.5,noite,bomba,4,70.6,0,240.0
73.35,3.221,26.03,2394.0,50.86,3386.6,manha,CNC,1,151.9,0,254.4
84.83,3.335,33.96,2153.0,76.22,6683.0,noite,compressor,2,77.1,0,240.0
78.43,3.481,35.0,2085.0,81.16,1513.1,noite,bomba,5,67.8,0,450.5
78.45,3.299,31.12,2614.0,84.92,3718.9,tarde,CNC,2,91.5,0,286.5
84.35,4.468,37.37,2453.0,85.13,1063.6,manha,bomba,3,107.0,0,240.0
83.84,3.495,33.93,2457.0,79.13,2494.6,tarde,CNC,2,120.9,0,240.0
69.52,3.999,29.95,2253.0,59.38,2793.8,noite,compressor,1,77.0,0,437.1
76.75,2.626,33.35,1494.0,63.29,790.6,manha,esteira,2,61.9,0,595.3
81.34,2.892,32.57,2679.0,80.2,4822.4,manha,CNC,1,28.6,0,287.9
87.94,3.435,34.95,2432.0,89.39,4077.7,tarde,bomba,4,64.9,0,314.5
86.56,3.884,30.29,2037.0,79.3,3386.4,noite,compressor,3,134.9,0,240.0
83.64,1.761,33.54,2037.0,74.35,1114.7,manha,compressor,3,7.4,0,615.5
78.49,3.082,29.69,1111.0,46.45,1613.7,manha,prensa,0,113.2,0,578.5
86.97,3.683,32.12,2089.0,86.28,4355.7,noite,compressor,1,61.7,0,551.0
89.59,3.767,35.01,2686.0,90.56,2479.3,manha,CNC,5,97.6,0,314.4
78.91,2.969,29.47,1355.0,54.21,2179.2,manha,prensa,1,79.1,0,273.8
76.6,2.479,33.63,1468.0,83.04,5115.4,tarde,esteira,1,55.8,0,620.6
79.64,3.247,34.69,2391.0,86.07,2731.9,manha,bomba,5,61.6,0,564.0
74.67,2.832,32.7,2531.0,71.45,1184.2,manha,CNC,0,83.2,0,704.2
83.28,2.442,37.6,2770.0,76.94,4324.3,tarde,CNC,2,29.9,0,417.2
66.08,2.766,25.05,2298.0,38.38,1077.4,tarde,bomba,3,56.1,0,762.3
72.56,3.913,33.5,2701.0,74.91,2492.5,tarde,CNC,5,76.1,0,335.5
77.61,2.997,34.68,2749.0,77.13,2968.2,tarde,CNC,2,88.5,0,240.0
79.96,3.32,30.79,1613.0,82.95,3802.5,tarde,esteira,1,83.1,0,240.0
65.68,1.827,20.6,1913.0,12.86,904.6,tarde,compressor,4,45.8,0,952.4
69.51,1.67,18.17,2452.0,19.54,403.1,noite,CNC,1,58.9,0,703.3
80.13,2.351,31.68,2548.0,66.63,417.5,noite,CNC,3,23.3,0,796.2
81.67,2.743,33.81,1891.0,65.0,5487.1,tarde,compressor,0,109.6,0,240.0
76.35,3.056,32.45,2670.0,75.77,792.7,noite,bomba,2,66.4,1,23.3
65.52,2.281,29.9,1529.0,53.03,6300.4,noite,esteira,1,58.7,0,428.2
81.06,3.521,31.52,2454.0,82.38,4596.8,manha,CNC,3,58.5,0,254.5
66.47,1.872,24.0,2518.0,30.63,1333.8,noite,CNC,3,49.8,0,853.4
78.9,2.316,32.82,2592.0,70.26,536.0,noite,bomba,3,89.5,0,511.5
79.27,2.391,23.89,2245.0,54.4,2611.1,manha,compressor,2,59.5,0,608.7
77.46,2.599,31.45,2246.0,61.94,1783.6,manha,bomba,5,28.2,0,677.5
69.19,2.113,17.4,1323.0,28.82,5164.6,tarde,prensa,2,34.7,0,730.8
80.18,2.581,35.61,2359.0,84.45,2950.1,tarde,bomba,3,20.6,0,553.2
83.0,4.645,38.28,1986.0,92.22,2510.3,noite,compressor,1,131.7,0,281.9
78.69,2.486,33.41,1054.0,78.68,2186.7,tarde,prensa,1,52.5,0,741.3
78.44,3.921,33.57,2539.0,74.72,3796.5,manha,CNC,2,140.1,0,240.0
96.05,3.936,41.92,1080.0,89.9,2368.7,manha,prensa,3,63.5,0,272.3
83.1,3.138,27.74,2528.0,53.21,7020.4,noite,bomba,2,44.3,0,433.6
69.16,2.718,27.4,2297.0,60.5,770.4,manha,bomba,0,50.6,0,781.8
80.22,2.558,35.7,1376.0,65.8,2040.4,noite,prensa,2,62.2,0,470.8
69.41,2.256,29.95,2355.0,59.63,3480.3,manha,bomba,5,28.9,0,556.7
77.3,3.556,32.43,1837.0,58.86,3213.0,tarde,compressor,2,22.7,1,62.8
74.17,3.429,24.72,2499.0,50.81,7009.1,tarde,CNC,2,102.9,0,369.6
70.24,2.401,22.0,2252.0,47.09,1531.7,manha,bomba,2,42.8,0,726.2
88.79,3.141,34.49,2416.0,87.43,242.0,tarde,bomba,1,142.2,0,375.3
69.61,1.877,22.26,2454.0,26.31,4391.4,tarde,CNC,5,77.8,0,649.0
81.23,2.11,32.16,1455.0,75.98,2866.1,manha,esteira,2,40.5,0,512.2
75.03,2.466,24.43,2364.0,39.23,4414.0,manha,bomba,1,174.4,0,592.0
79.9,3.274,29.41,1869.0,73.02,3119.5,noite,compressor,3,106.0,0,466.4
74.08,2.813,34.09,2840.0,77.97,352.8,noite,CNC,0,17.9,0,811.9
68.19,2.804,23.4,2097.0,31.6,3239.6,tarde,compressor,3,32.7,0,708.6
70.75,3.178,23.59,2677.0,51.73,1524.2,noite,CNC,0,2.1,0,686.0
80.64,3.773,35.0,2438.0,85.95,2041.4,manha,CNC,1,47.4,0,452.7
70.2,2.218,24.48,1949.0,35.14,2318.7,manha,compressor,3,161.1,0,644.8
76.46,2.158,33.66,2629.0,67.45,1076.7,tarde,CNC,3,13.1,0,296.4
91.75,3.053,36.93,2447.0,94.94,1488.8,tarde,CNC,6,69.3,0,426.4
77.02,4.243,36.11,2405.0,80.24,3950.3,noite,bomba,0,198.2,0,240.0
79.04,3.708,36.67,2052.0,81.86,3946.6,manha,compressor,4,49.6,0,458.3
80.82,2.722,31.19,1111.0,71.83,701.2,tarde,prensa,4,66.7,0,458.6
66.71,2.526,29.12,1178.0,50.75,2885.5,tarde,prensa,3,42.3,0,453.9
66.2,2.456,29.26,2394.0,48.37,4205.6,manha,bomba,3,32.0,0,917.9
83.61,3.024,30.55,1456.0,49.93,2707.7,tarde,prensa,5,87.7,0,451.3
68.69,2.594,23.5,1535.0,29.21,2987.9,tarde,esteira,3,89.3,0,700.7
90.82,3.072,33.21,1966.0,72.11,744.0,manha,compressor,1,73.8,0,508.6
64.04,2.194,23.63,1404.0,47.24,5050.6,manha,esteira,7,37.7,0,783.1
89.56,3.209,37.13,2576.0,80.03,1148.2,manha,CNC,1,74.5,0,386.1
77.35,2.967,32.86,2465.0,87.98,1973.3,noite,bomba,1,17.0,0,677.2
71.33,2.362,22.82,2420.0,29.11,4228.4,manha,bomba,0,79.4,0,618.2
73.15,3.088,35.9,2670.0,78.68,6083.7,manha,CNC,5,30.4,0,622.4
78.41,3.168,30.1,2640.0,69.83,2080.5,manha,CNC,1,28.7,0,583.3
86.13,4.321,33.39,929.0,73.53,8015.7,manha,prensa,5,136.1,0,240.0
78.31,2.801,30.31,2158.0,75.07,2767.4,manha,compressor,1,5.4,0,889.5
64.19,3.153,24.27,2535.0,39.05,2577.0,tarde,CNC,0,48.6,0,717.0
80.39,3.042,33.24,2716.0,84.37,1270.3,manha,CNC,5,18.5,0,589.5
79.29,3.062,29.79,1907.0,64.88,2001.4,manha,compressor,2,61.0,0,599.3
70.53,3.081,32.1,1515.0,67.85,2917.2,manha,esteira,2,32.9,0,601.9
79.08,3.717,35.98,1602.0,83.61,3507.8,tarde,esteira,0,19.6,0,540.6
85.57,3.994,35.64,2308.0,89.35,3410.4,manha,compressor,2,42.7,0,445.7
76.27,2.617,30.2,2579.0,58.64,1864.4,tarde,CNC,3,27.1,0,655.8
70.62,2.604,29.43,2811.0,63.17,5458.6,tarde,CNC,2,28.0,0,467.4
86.65,3.984,37.42,2153.0,95.5,2630.4,noite,compressor,3,81.1,1,1.0
76.42,2.691,29.76,1481.0,71.84,2524.5,manha,esteira,2,16.2,0,551.7
71.18,2.377,28.75,1536.0,62.14,1208.3,noite,esteira,1,7.2,0,917.8
65.49,2.318,19.41,1977.0,29.64,3722.2,tarde,compressor,4,63.3,0,668.2
88.88,2.976,41.83,2280.0,94.32,2434.7,manha,bomba,3,48.3,0,344.1
90.6,3.569,40.46,1872.0,94.29,2098.7,tarde,compressor,1,31.9,0,498.0
79.82,2.413,35.98,2255.0,65.11,946.6,noite,bomba,0,80.6,0,721.0
82.69,2.655,37.6,2013.0,84.76,976.6,manha,bomba,5,143.5,0,374.5
84.88,3.018,37.94,2379.0,93.77,3105.3,tarde,bomba,5,52.9,0,325.1
76.7,2.281,21.69,2558.0,41.9,5924.6,tarde,bomba,4,53.8,0,365.5
76.78,2.047,30.78,1281.0,53.12,2204.0,manha,prensa,0,22.0,0,748.7
83.38,2.931,34.4,2083.0,65.56,2194.5,noite,compressor,6,17.0,0,562.3
82.9,2.587,32.74,2542.0,82.7,3749.6,manha,CNC,3,49.6,0,503.3
89.18,2.907,39.71,2870.0,98.38,4945.0,manha,CNC,0,12.4,0,411.1
72.72,2.61,27.28,2561.0,47.0,1751.6,manha,bomba,2,10.5,0,951.1
82.37,3.04,31.29,2233.0,66.18,1222.1,tarde,bomba,0,70.0,0,449.5
63.19,2.437,28.59,2677.0,51.52,2393.5,noite,bomba,3,17.1,0,882.6
79.51,3.493,33.84,1684.0,75.11,3381.8,noite,esteira,2,71.9,0,416.9
85.24,2.795,31.9,2478.0,76.82,419.6,noite,CNC,1,111.4,0,486.9
79.48,2.86,31.57,2495.0,58.23,1914.7,tarde,bomba,2,66.5,0,584.9
79.49,2.757,33.01,1494.0,89.51,2242.5,tarde,esteira,2,14.6,0,576.6
75.51,3.548,26.3,1756.0,36.86,2057.5,tarde,compressor,3,175.3,0,312.6
83.71,3.075,34.27,1963.0,74.89,879.2,manha,compressor,3,56.2,0,608.8
78.29,2.069,26.48,2734.0,50.21,1919.4,noite,CNC,4,53.0,0,475.9
76.9,3.247,31.63,2161.0,54.72,2266.0,tarde,compressor,1,47.4,0,681.6
74.73,2.069,26.65,1894.0,64.36,1364.4,tarde,esteira,1,31.2,0,735.6
73.31,1.974,29.2,1264.0,53.67,2930.5,tarde,prensa,2,23.5,0,348.3
80.76,3.267,31.55,2166.0,65.23,4079.1,noite,bomba,2,5.4,0,577.6
82.84,3.054,34.6,1955.0,64.4,4165.7,manha,compressor,1,18.4,0,609.2
80.77,2.166,33.07,2352.0,68.07,1594.0,tarde,bomba,0,44.2,0,443.6
72.82,2.114,21.63,1463.0,44.05,3343.2,tarde,esteira,0,69.4,0,850.1
87.91,3.463,36.65,2009.0,92.57,3177.3,noite,compressor,3,25.6,0,599.9
75.36,2.378,34.83,1524.0,69.79,6681.8,manha,esteira,0,63.8,0,240.0
77.12,2.505,33.09,2832.0,76.34,3353.4,manha,CNC,1,41.8,0,566.4
79.21,2.54,27.19,2684.0,56.92,3474.4,tarde,CNC,2,49.2,0,392.4
81.8,3.382,29.56,2341.0,57.55,4561.1,noite,CNC,4,93.2,0,263.4
70.37,2.558,28.09,2684.0,36.57,1044.7,noite,CNC,2,64.1,0,854.4
81.6,2.68,32.77,1255.0,82.19,2588.0,tarde,esteira,2,73.2,0,507.3
89.17,4.436,33.29,1879.0,81.97,6137.9,manha,compressor,4,186.5,0,240.0
82.64,3.463,31.06,2853.0,66.23,6210.6,manha,CNC,2,25.8,0,313.9
83.53,2.688,31.2,1788.0,69.44,1919.1,tarde,compressor,3,88.2,0,586.9
85.66,4.044,38.09,2272.0,88.56,6042.6,manha,compressor,3,72.1,0,244.0
82.51,3.059,31.87,2124.0,70.02,2104.5,tarde,compressor,5,71.9,0,359.8
77.64,3.172,36.07,2649.0,85.62,2994.4,noite,CNC,3,58.9,0,315.6
82.98,3.301,40.86,2200.0,95.57,774.1,tarde,bomba,1,67.5,0,441.8
78.21,3.739,34.48,2617.0,90.31,5315.0,manha,CNC,1,42.8,0,550.0
66.05,1.459,28.33,1452.0,46.45,2038.6,manha,esteira,1,53.6,0,753.9
71.7,2.585,30.45,2511.0,54.88,900.9,manha,CNC,3,101.8,0,622.7
70.52,2.52,31.03,1493.0,80.04,2301.1,tarde,esteira,2,34.0,0,602.8
71.21,1.751,27.6,1839.0,38.62,323.5,manha,esteira,4,36.9,0,761.3
72.14,2.517,25.35,2715.0,50.81,3653.9,manha,CNC,7,69.0,0,653.4
76.53,2.498,27.97,2586.0,64.53,4758.0,manha,CNC,2,64.9,0,407.2
71.52,3.347,27.62,1290.0,57.18,1248.9,manha,prensa,2,41.6,0,726.1
81.92,1.765,30.72,2009.0,68.97,1216.7,tarde,compressor,3,70.3,0,455.8
88.99,3.496,35.06,2452.0,85.48,3499.2,tarde,bomba,2,69.8,0,388.0
81.93,3.482,28.63,2406.0,63.17,3752.3,tarde,CNC,1,169.6,0,240.0
85.95,3.609,35.54,2670.0,79.27,1643.7,tarde,CNC,0,203.3,0,240.0
77.73,3.798,34.52,2105.0,83.25,1369.1,manha,bomba,2,223.7,1,1.0
78.57,3.26,31.57,1164.0,64.75,4278.4,tarde,prensa,1,69.3,0,352.5
75.96,2.224,29.34,2774.0,50.84,834.5,manha,CNC,2,94.0,0,328.9
83.05,2.565,36.02,1730.0,74.81,1850.6,noite,esteira,2,68.2,0,615.9
73.78,2.077,26.36,2109.0,48.14,1345.0,manha,bomba,4,49.8,0,730.4
88.97,3.256,32.26,2457.0,74.27,3467.7,tarde,CNC,3,72.5,0,345.6
83.54,3.66,39.06,2062.0,93.04,1419.1,manha,compressor,3,49.2,0,470.7
71.92,2.201,30.6,2703.0,52.22,4610.6,noite,CNC,3,55.9,0,547.9
79.91,2.794,31.69,1994.0,65.57,1805.2,manha,compressor,4,52.5,0,479.3
82.51,2.461,31.64,2378.0,66.59,3107.8,noite,bomba,1,53.0,0,527.8
80.12,2.064,28.51,2092.0,53.17,1437.5,manha,compressor,3,34.4,0,412.6
66.73,2.456,26.73,2603.0,52.74,2762.5,noite,CNC,0,88.6,0,408.5
77.48,2.171,30.5,2387.0,66.68,1562.9,tarde,bomba,2,71.2,0,434.8
84.49,2.011,34.97,2414.0,83.48,1168.8,manha,bomba,0,33.5,0,498.4
75.64,2.416,28.24,2599.0,46.23,3739.6,manha,bomba,6,51.6,0,533.6
73.86,2.585,29.69,2398.0,51.87,1410.2,manha,bomba,2,24.7,0,467.4
78.98,2.738,30.81,2800.0,72.38,1427.7,noite,CNC,3,61.9,0,466.2
57.6,2.759,23.68,2360.0,34.1,2617.7,noite,bomba,2,101.3,0,610.5
79.62,2.717,24.56,1988.0,39.31,2897.6,manha,compressor,3,43.4,0,643.5
80.01,2.429,30.01,2038.0,60.79,1138.3,manha,compressor,2,87.4,0,527.1
68.47,1.993,26.91,2417.0,46.1,3304.4,manha,CNC,2,53.2,0,642.8
80.51,2.305,37.36,2263.0,85.8,1490.2,manha,bomba,0,44.7,0,450.8
75.17,2.473,29.47,2324.0,59.86,937.9,tarde,bomba,4,32.0,0,693.5
75.14,2.699,28.29,2102.0,46.95,2017.4,manha,compressor,3,48.0,0,619.0
76.98,3.073,33.48,1707.0,88.68,1997.6,manha,esteira,1,89.1,0,421.3
67.41,1.945,24.5,1454.0,48.63,3144.2,noite,esteira,1,67.4,0,912.6
87.3,3.441,35.62,2462.0,87.24,6824.5,noite,CNC,5,27.9,0,466.7
74.13,3.008,36.86,2495.0,62.15,2589.7,noite,bomba,0,73.3,0,513.0
79.6,3.809,35.19,2075.0,90.58,3402.6,manha,compressor,3,60.3,0,510.1
75.26,2.949,32.56,1406.0,70.45,757.4,noite,prensa,1,25.0,0,733.7
82.23,3.246,35.64,2758.0,82.06,4736.1,tarde,CNC,4,19.9,0,377.3
65.05,2.842,25.96,2165.0,41.93,2229.7,tarde,compressor,5,19.2,0,519.4
91.66,2.95,35.2,2106.0,86.24,996.7,manha,compressor,1,92.8,0,486.2
89.15,3.027,37.48,2747.0,87.94,4632.3,noite,CNC,2,25.4,0,454.7
87.52,2.751,34.85,2506.0,90.18,2290.4,tarde,bomba,2,45.4,0,592.4
80.43,2.834,33.43,2493.0,72.63,4201.1,noite,bomba,2,70.0,0,436.2
81.7,4.287,35.28,2706.0,89.88,7247.6,tarde,CNC,1,67.6,0,240.0
76.34,2.544,34.99,2381.0,75.05,821.7,noite,bomba,5,67.6,0,674.0
86.64,2.605,31.24,1144.0,80.21,1448.8,tarde,prensa,1,23.0,0,757.3
78.84,2.342,34.52,1483.0,84.1,3774.4,noite,esteira,3,70.8,0,387.2
82.0,3.324,32.96,2340.0,84.34,2387.8,manha,bomba,6,44.1,0,594.5
82.99,3.18,37.83,1964.0,87.05,353.3,manha,compressor,0,56.8,0,674.2
77.9,3.381,34.07,2857.0,71.39,1877.1,tarde,CNC,1,55.0,0,261.5
71.61,2.845,23.15,1522.0,55.49,2075.2,tarde,esteira,2,49.5,0,397.7
70.66,1.851,24.22,1354.0,47.59,2292.2,tarde,esteira,6,99.3,0,496.0
72.75,2.501,30.72,2565.0,56.1,1412.9,tarde,bomba,1,91.1,0,381.5
87.78,4.661,36.5,1394.0,91.85,5430.3,tarde,esteira,1,248.8,0,240.0
80.89,2.834,34.75,2740.0,76.2,758.2,noite,CNC,1,125.8,1,1.0
64.65,2.413,24.82,2373.0,38.81,3009.2,manha,bomba,2,14.7,0,826.1
76.25,1.948,34.54,2708.0,80.47,1656.0,noite,CNC,5,52.8,0,658.6
83.06,3.323,37.82,2694.0,86.75,1577.2,manha,CNC,0,119.6,0,408.5
81.93,3.186,33.32,2061.0,85.02,5019.4,tarde,compressor,2,48.5,0,626.7
70.75,2.817,24.35,1998.0,37.57,2005.1,noite,compressor,2,41.7,0,818.8
70.33,2.328,26.63,1298.0,54.61,3019.5,manha,prensa,4,22.4,0,1033.5
69.12,3.041,30.45,2166.0,60.18,3924.4,manha,compressor,1,20.6,0,333.2
88.63,3.329,33.64,1335.0,89.22,2456.3,manha,esteira,1,86.5,0,539.5
59.19,1.304,20.7,1815.0,12.65,5059.7,tarde,esteira,0,57.6,0,404.3
65.66,2.7,29.18,2648.0,64.27,922.7,tarde,bomba,2,7.9,0,779.6
76.67,2.87,27.92,1229.0,44.67,3130.8,manha,prensa,0,103.5,0,524.0
80.44,2.79,30.29,2119.0,66.64,6866.4,noite,compressor,1,112.4,0,332.1
75.53,2.87,30.96,2082.0,56.12,2973.6,manha,compressor,0,46.0,0,533.7
70.08,1.902,27.8,2575.0,39.92,627.6,tarde,CNC,3,53.5,0,801.1
86.53,3.523,35.63,2720.0,77.75,3197.3,tarde,CNC,1,128.1,0,317.2
81.13,3.034,32.21,1386.0,79.97,5557.7,manha,esteira,4,44.7,0,403.9
67.67,2.838,31.03,2153.0,51.93,1892.9,manha,compressor,3,12.3,0,683.1
69.51,3.124,28.55,1972.0,47.03,1877.9,noite,compressor,2,86.9,0,595.0
77.25,2.971,33.0,2492.0,80.51,3685.0,tarde,CNC,0,109.9,0,367.8
74.83,2.46,31.66,2413.0,66.37,3297.2,manha,bomba,3,59.4,0,577.3
78.57,2.46,35.82,1657.0,74.68,2512.3,noite,esteira,2,25.3,0,574.0
73.28,3.353,27.08,2087.0,54.37,1482.6,tarde,compressor,1,119.3,0,416.5
74.64,2.378,31.26,1537.0,77.25,1760.4,manha,esteira,2,40.0,0,515.0
77.75,2.994,34.66,2179.0,83.89,1196.5,tarde,bomba,1,28.9,0,447.9
72.13,2.758,28.06,1506.0,67.07,573.1,tarde,esteira,1,58.8,0,459.5
89.03,3.502,38.06,2430.0,94.99,4738.3,manha,CNC,3,45.5,0,386.2
75.38,3.595,31.28,2374.0,60.15,3803.4,noite,bomba,4,82.0,0,240.0
82.89,2.931,30.15,2570.0,58.04,3582.2,manha,CNC,4,184.8,0,297.0
80.88,3.416,33.71,2069.0,82.67,3542.5,manha,compressor,1,27.6,0,590.2
74.54,2.653,31.74,1503.0,62.12,2117.6,manha,esteira,2,90.7,0,673.5
78.04,2.858,32.55,2463.0,74.21,1939.7,noite,bomba,3,44.2,0,536.1
75.55,1.565,27.5,2717.0,56.17,1004.0,tarde,CNC,1,81.7,0,967.6
81.08,2.722,33.71,1537.0,76.27,3992.5,noite,esteira,1,60.3,0,366.9
77.72,2.166,32.51,2728.0,60.53,9188.1,manha,CNC,4,38.6,0,461.4
98.62,3.447,37.65,2031.0,97.97,3115.1,noite,bomba,2,92.4,0,415.4
84.58,2.855,34.9,1093.0,65.83,4331.6,tarde,prensa,3,41.6,1,35.9
69.02,3.304,26.81,2459.0,46.41,4341.6,manha,bomba,3,29.5,0,654.4
86.42,3.43,34.44,1472.0,79.86,5767.3,manha,esteira,2,88.5,0,240.0
88.94,2.687,37.5,2284.0,92.71,1352.7,noite,bomba,2,29.4,0,303.2
75.77,3.0,33.78,1561.0,85.48,768.6,manha,esteira,3,86.0,0,606.2
69.72,2.94,29.3,2492.0,70.96,2744.9,tarde,bomba,2,56.0,0,515.4
77.73,2.69,35.22,2302.0,66.72,2242.8,tarde,bomba,2,58.4,0,683.8
77.28,2.901,28.16,2529.0,62.62,8737.3,manha,CNC,3,26.7,0,664.9
62.33,2.005,30.45,1305.0,55.36,1209.7,noite,esteira,2,60.3,0,402.0
68.79,2.435,26.07,2597.0,26.79,6807.7,noite,CNC,3,39.6,0,794.7
71.75,2.682,23.09,1189.0,34.4,2257.1,tarde,prensa,2,131.7,0,493.9
78.43,3.153,36.03,2524.0,82.72,1109.5,tarde,CNC,2,20.2,0,665.4
85.99,3.52,32.81,2521.0,65.08,6087.0,tarde,CNC,3,105.7,0,240.0
82.61,3.606,37.25,1465.0,88.63,1367.5,noite,esteira,4,111.0,0,317.5
75.31,2.843,28.72,2740.0,60.49,4347.2,manha,CNC,5,72.7,0,484.1
80.33,3.113,30.56,1987.0,64.59,2794.0,tarde,compressor,2,127.4,0,457.1
64.52,2.57,26.9,1375.0,42.17,6793.6,manha,esteira,3,46.0,0,546.8
76.17,2.599,29.19,2817.0,72.15,4901.2,tarde,CNC,3,50.1,0,638.7
62.93,1.425,23.91,2725.0,53.28,2219.7,tarde,CNC,2,75.8,0,587.5
79.23,2.009,31.52,2213.0,66.4,6105.2,manha,bomba,1,47.1,0,479.6
78.26,1.641,29.24,2743.0,57.57,3351.2,noite,CNC,4,9.3,0,794.9
79.61,2.952,33.22,2591.0,73.48,2554.8,manha,CNC,4,20.5,0,734.8
80.25,2.833,32.15,2790.0,76.65,2756.8,manha,CNC,2,22.2,0,773.2
71.43,2.906,26.35,1995.0,35.28,4448.0,manha,compressor,1,89.3,0,441.7
90.89,3.569,38.2,1833.0,86.93,2148.0,tarde,compressor,1,53.6,0,394.8
73.83,3.015,29.0,2563.0,54.56,1770.5,manha,CNC,3,84.8,0,453.9
84.39,3.537,31.18,2263.0,77.26,1504.7,tarde,bomba,5,93.3,0,352.1
82.95,3.321,35.52,2303.0,75.73,3089.2,noite,bomba,1,46.4,0,359.4
68.73,2.888,25.41,2354.0,56.85,1578.2,manha,CNC,0,65.4,0,554.9
83.53,3.804,30.66,2053.0,72.71,4486.8,noite,compressor,3,19.8,0,367.5
74.78,3.628,35.78,1260.0,82.71,2114.5,manha,esteira,2,34.4,0,633.8
69.15,2.324,24.41,2382.0,46.42,3509.3,tarde,bomba,1,44.9,0,809.0
87.25,4.379,36.26,1725.0,93.58,5064.4,manha,compressor,3,54.7,1,1.0
82.86,2.609,30.99,1924.0,61.09,5865.8,tarde,compressor,4,17.1,0,455.1
64.95,1.86,25.07,2710.0,30.53,2897.4,noite,CNC,2,45.3,0,767.0
69.12,2.55,27.19,1639.0,44.69,510.2,manha,esteira,3,29.6,0,795.6
68.38,2.848,29.23,1086.0,44.96,537.5,manha,prensa,3,173.8,0,336.6
78.87,2.222,31.25,1291.0,69.2,4416.3,manha,prensa,2,57.0,0,498.7
63.23,1.372,19.4,2403.0,20.96,1301.7,manha,CNC,3,84.5,0,803.8
90.68,3.158,33.69,2171.0,85.8,2051.6,noite,compressor,2,84.6,0,469.7
72.38,2.143,29.14,2778.0,56.03,4803.8,tarde,CNC,1,59.7,0,370.4
73.44,3.199,32.55,2046.0,69.2,1785.9,tarde,compressor,2,70.5,0,314.9
85.95,3.197,42.94,1997.0,95.33,1006.6,noite,compressor,1,66.3,0,365.1
79.09,2.945,35.45,2073.0,80.3,2095.2,noite,bomba,4,66.3,0,461.8
83.83,3.087,30.4,2581.0,76.98,3924.1,noite,CNC,1,120.0,0,240.0
79.32,1.876,30.93,1327.0,52.34,1762.6,manha,prensa,2,55.6,0,928.2
78.39,2.239,31.84,2697.0,76.71,3607.2,manha,CNC,0,28.6,0,724.6
78.63,3.108,28.64,2663.0,65.88,1030.4,manha,CNC,2,86.5,0,397.2
77.3,2.687,35.58,1347.0,78.56,1473.9,manha,esteira,5,24.1,0,463.2
71.67,0.597,28.45,1544.0,47.68,2114.9,manha,esteira,2,49.8,0,927.4
73.2,2.533,31.87,1955.0,58.26,5175.8,manha,compressor,3,38.4,0,399.6
76.38,2.971,30.08,2594.0,67.12,1912.8,manha,bomba,4,46.5,0,511.7
78.09,2.793,33.21,2715.0,54.08,1733.5,tarde,CNC,4,74.1,0,504.7
75.03,3.684,33.85,2684.0,70.26,1738.3,manha,CNC,0,70.2,0,402.9
74.52,2.52,26.79,2083.0,53.23,3604.9,manha,compressor,1,46.8,0,548.9
71.43,2.578,30.21,1953.0,40.0,4151.1,manha,compressor,3,35.1,0,639.6
71.21,2.476,30.85,2253.0,60.42,5042.7,tarde,bomba,2,95.7,0,432.5
